/*
 * fonts.c -- built-in bitmap fonts, generated by mkfonts.py from X.Org's
 * Adobe 100dpi fonts (xfonts-100dpi); do not edit.  Licence: NOTES.md, Fonts.
 *
 * Copyright 1984-1989, 1994 Adobe Systems Incorporated.
 * Copyright 1988, 1994 Digital Equipment Corporation.
 */

#include "font.h"

/* -Adobe-Helvetica-Medium-R-Normal--11-80-100-100-P-56-ISO8859-1 helvR08.pcf.gz sha256 9a5a087f1312dfab5d00dfadfe6af50268e2689b5073d3cf8d172c57c4530efe */
static unsigned char b_helvR08[] = {
	0x00, 0x00, 0x00, 0x00, 0x00, 0x00, 0x00, 0x00, 0x00, 0x00, 0x00, 0x00, 0x00, 0x00, 0x40, 0x40,
	0x40, 0x40, 0x40, 0x40, 0x00, 0x40, 0x00, 0x00, 0x00, 0x00, 0x50, 0x50, 0x00, 0x00, 0x00, 0x00,
	0x00, 0x00, 0x00, 0x00, 0x00, 0x00, 0x00, 0x28, 0x28, 0x7c, 0x28, 0xf8, 0x50, 0x50, 0x00, 0x00,
	0x00, 0x20, 0x70, 0xa8, 0xa0, 0x70, 0x28, 0x28, 0xa8, 0x70, 0x20, 0x00, 0x00, 0x00, 0x00, 0x00,
	0x64, 0x00, 0x94, 0x00, 0x68, 0x00, 0x08, 0x00, 0x10, 0x00, 0x16, 0x00, 0x29, 0x00, 0x26, 0x00,
	0x00, 0x00, 0x00, 0x00, 0x00, 0x00, 0x30, 0x48, 0x48, 0x30, 0x4a, 0x44, 0x4c, 0x32, 0x00, 0x00,
	0x00, 0x00, 0x80, 0x80, 0x00, 0x00, 0x00, 0x00, 0x00, 0x00, 0x00, 0x00, 0x00, 0x00, 0x20, 0x40,
	0x40, 0x80, 0x80, 0x80, 0x80, 0x40, 0x40, 0x20, 0x00, 0x00, 0x40, 0x20, 0x20, 0x10, 0x10, 0x10,
	0x10, 0x20, 0x20, 0x40, 0x00, 0x00, 0xa0, 0x40, 0xa0, 0x00, 0x00, 0x00, 0x00, 0x00, 0x00, 0x00,
	0x00, 0x00, 0x00, 0x00, 0x20, 0x20, 0xf8, 0x20, 0x20, 0x00, 0x00, 0x00, 0x00, 0x00, 0x00, 0x00,
	0x00, 0x00, 0x00, 0x00, 0x00, 0x40, 0x40, 0x80, 0x00, 0x00, 0x00, 0x00, 0x00, 0x00, 0xe0, 0x00,
	0x00, 0x00, 0x00, 0x00, 0x00, 0x00, 0x00, 0x00, 0x00, 0x00, 0x00, 0x00, 0x00, 0x40, 0x00, 0x00,
	0x00, 0x00, 0x20, 0x20, 0x40, 0x40, 0x40, 0x40, 0x80, 0x80, 0x00, 0x00, 0x00, 0x00, 0x70, 0x88,
	0x88, 0x88, 0x88, 0x88, 0x88, 0x70, 0x00, 0x00, 0x00, 0x00, 0x20, 0x60, 0x20, 0x20, 0x20, 0x20,
	0x20, 0x20, 0x00, 0x00, 0x00, 0x00, 0x70, 0x88, 0x08, 0x08, 0x30, 0x40, 0x80, 0xf8, 0x00, 0x00,
	0x00, 0x00, 0x70, 0x88, 0x08, 0x30, 0x08, 0x08, 0x88, 0x70, 0x00, 0x00, 0x00, 0x00, 0x10, 0x30,
	0x50, 0x50, 0x90, 0xf8, 0x10, 0x10, 0x00, 0x00, 0x00, 0x00, 0x78, 0x40, 0x40, 0x70, 0x08, 0x08,
	0x88, 0x70, 0x00, 0x00, 0x00, 0x00, 0x70, 0x88, 0x80, 0xf0, 0x88, 0x88, 0x88, 0x70, 0x00, 0x00,
	0x00, 0x00, 0xf8, 0x08, 0x10, 0x20, 0x20, 0x40, 0x40, 0x40, 0x00, 0x00, 0x00, 0x00, 0x70, 0x88,
	0x88, 0x70, 0x88, 0x88, 0x88, 0x70, 0x00, 0x00, 0x00, 0x00, 0x70, 0x88, 0x88, 0x88, 0x78, 0x08,
	0x88, 0x70, 0x00, 0x00, 0x00, 0x00, 0x00, 0x00, 0x40, 0x00, 0x00, 0x00, 0x00, 0x40, 0x00, 0x00,
	0x00, 0x00, 0x00, 0x00, 0x40, 0x00, 0x00, 0x00, 0x00, 0x40, 0x40, 0x80, 0x00, 0x00, 0x00, 0x00,
	0x10, 0x20, 0x40, 0x20, 0x10, 0x00, 0x00, 0x00, 0x00, 0x00, 0x00, 0x00, 0x00, 0xf0, 0x00, 0xf0,
	0x00, 0x00, 0x00, 0x00, 0x00, 0x00, 0x00, 0x00, 0x40, 0x20, 0x10, 0x20, 0x40, 0x00, 0x00, 0x00,
	0x00, 0x00, 0x30, 0x48, 0x08, 0x10, 0x20, 0x20, 0x00, 0x20, 0x00, 0x00, 0x00, 0x00, 0x00, 0x00,
	0x1f, 0x00, 0x20, 0x80, 0x4d, 0x40, 0x92, 0x40, 0xa2, 0x40, 0xa4, 0x80, 0x9b, 0x00, 0x40, 0x00,
	0x3e, 0x00, 0x00, 0x00, 0x00, 0x00, 0x10, 0x10, 0x28, 0x28, 0x44, 0x7c, 0x82, 0x82, 0x00, 0x00,
	0x00, 0x00, 0x78, 0x44, 0x44, 0x78, 0x44, 0x44, 0x44, 0x78, 0x00, 0x00, 0x00, 0x00, 0x3c, 0x42,
	0x40, 0x40, 0x40, 0x40, 0x42, 0x3c, 0x00, 0x00, 0x00, 0x00, 0x78, 0x44, 0x42, 0x42, 0x42, 0x42,
	0x44, 0x78, 0x00, 0x00, 0x00, 0x00, 0x7c, 0x40, 0x40, 0x7c, 0x40, 0x40, 0x40, 0x7c, 0x00, 0x00,
	0x00, 0x00, 0x7c, 0x40, 0x40, 0x78, 0x40, 0x40, 0x40, 0x40, 0x00, 0x00, 0x00, 0x00, 0x3c, 0x42,
	0x40, 0x40, 0x46, 0x42, 0x42, 0x3e, 0x00, 0x00, 0x00, 0x00, 0x42, 0x42, 0x42, 0x7e, 0x42, 0x42,
	0x42, 0x42, 0x00, 0x00, 0x00, 0x00, 0x40, 0x40, 0x40, 0x40, 0x40, 0x40, 0x40, 0x40, 0x00, 0x00,
	0x00, 0x00, 0x10, 0x10, 0x10, 0x10, 0x10, 0x10, 0x90, 0x60, 0x00, 0x00, 0x00, 0x00, 0x44, 0x48,
	0x50, 0x70, 0x48, 0x48, 0x44, 0x44, 0x00, 0x00, 0x00, 0x00, 0x40, 0x40, 0x40, 0x40, 0x40, 0x40,
	0x40, 0x78, 0x00, 0x00, 0x00, 0x00, 0x00, 0x00, 0x41, 0x00, 0x63, 0x00, 0x63, 0x00, 0x55, 0x00,
	0x55, 0x00, 0x49, 0x00, 0x49, 0x00, 0x49, 0x00, 0x00, 0x00, 0x00, 0x00, 0x00, 0x00, 0x62, 0x62,
	0x52, 0x52, 0x4a, 0x4a, 0x46, 0x46, 0x00, 0x00, 0x00, 0x00, 0x3c, 0x42, 0x42, 0x42, 0x42, 0x42,
	0x42, 0x3c, 0x00, 0x00, 0x00, 0x00, 0x78, 0x44, 0x44, 0x78, 0x40, 0x40, 0x40, 0x40, 0x00, 0x00,
	0x00, 0x00, 0x3c, 0x42, 0x42, 0x42, 0x42, 0x4a, 0x46, 0x3e, 0x01, 0x00, 0x00, 0x00, 0x78, 0x44,
	0x44, 0x78, 0x44, 0x44, 0x44, 0x44, 0x00, 0x00, 0x00, 0x00, 0x38, 0x44, 0x40, 0x38, 0x04, 0x44,
	0x44, 0x38, 0x00, 0x00, 0x00, 0x00, 0xf8, 0x20, 0x20, 0x20, 0x20, 0x20, 0x20, 0x20, 0x00, 0x00,
	0x00, 0x00, 0x42, 0x42, 0x42, 0x42, 0x42, 0x42, 0x42, 0x3c, 0x00, 0x00, 0x00, 0x00, 0x82, 0x82,
	0x44, 0x44, 0x44, 0x28, 0x28, 0x10, 0x00, 0x00, 0x00, 0x00, 0x00, 0x00, 0x88, 0x80, 0x88, 0x80,
	0x49, 0x00, 0x49, 0x00, 0x55, 0x00, 0x22, 0x00, 0x22, 0x00, 0x22, 0x00, 0x00, 0x00, 0x00, 0x00,
	0x00, 0x00, 0x44, 0x44, 0x28, 0x10, 0x28, 0x28, 0x44, 0x44, 0x00, 0x00, 0x00, 0x00, 0x82, 0x44,
	0x44, 0x28, 0x28, 0x10, 0x10, 0x10, 0x00, 0x00, 0x00, 0x00, 0x7c, 0x04, 0x08, 0x10, 0x10, 0x20,
	0x40, 0x7c, 0x00, 0x00, 0x00, 0x00, 0x60, 0x40, 0x40, 0x40, 0x40, 0x40, 0x40, 0x40, 0x40, 0x60,
	0x00, 0x00, 0x80, 0x80, 0x40, 0x40, 0x40, 0x40, 0x20, 0x20, 0x00, 0x00, 0x00, 0x00, 0xc0, 0x40,
	0x40, 0x40, 0x40, 0x40, 0x40, 0x40, 0x40, 0xc0, 0x00, 0x00, 0x20, 0x20, 0x50, 0x50, 0x88, 0x00,
	0x00, 0x00, 0x00, 0x00, 0x00, 0x00, 0x00, 0x00, 0x00, 0x00, 0x00, 0x00, 0x00, 0x00, 0x00, 0xfc,
	0x00, 0x80, 0x40, 0x00, 0x00, 0x00, 0x00, 0x00, 0x00, 0x00, 0x00, 0x00, 0x00, 0x00, 0x00, 0x00,
	0xe0, 0x10, 0x70, 0x90, 0x90, 0x68, 0x00, 0x00, 0x00, 0x00, 0x80, 0x80, 0xb0, 0xc8, 0x88, 0x88,
	0xc8, 0xb0, 0x00, 0x00, 0x00, 0x00, 0x00, 0x00, 0x60, 0x90, 0x80, 0x80, 0x90, 0x60, 0x00, 0x00,
	0x00, 0x00, 0x08, 0x08, 0x68, 0x98, 0x88, 0x88, 0x98, 0x68, 0x00, 0x00, 0x00, 0x00, 0x00, 0x00,
	0x60, 0x90, 0xf0, 0x80, 0x90, 0x60, 0x00, 0x00, 0x00, 0x00, 0x30, 0x40, 0xe0, 0x40, 0x40, 0x40,
	0x40, 0x40, 0x00, 0x00, 0x00, 0x00, 0x00, 0x00, 0x68, 0x98, 0x88, 0x88, 0x98, 0x68, 0x08, 0x70,
	0x00, 0x00, 0x80, 0x80, 0xb0, 0xc8, 0x88, 0x88, 0x88, 0x88, 0x00, 0x00, 0x00, 0x00, 0x80, 0x00,
	0x80, 0x80, 0x80, 0x80, 0x80, 0x80, 0x00, 0x00, 0x00, 0x00, 0x80, 0x00, 0x80, 0x80, 0x80, 0x80,
	0x80, 0x80, 0x80, 0x80, 0x00, 0x00, 0x80, 0x80, 0x90, 0xa0, 0xc0, 0xa0, 0x90, 0x90, 0x00, 0x00,
	0x00, 0x00, 0x80, 0x80, 0x80, 0x80, 0x80, 0x80, 0x80, 0x80, 0x00, 0x00, 0x00, 0x00, 0x00, 0x00,
	0xec, 0x92, 0x92, 0x92, 0x92, 0x92, 0x00, 0x00, 0x00, 0x00, 0x00, 0x00, 0xb0, 0xc8, 0x88, 0x88,
	0x88, 0x88, 0x00, 0x00, 0x00, 0x00, 0x00, 0x00, 0x70, 0x88, 0x88, 0x88, 0x88, 0x70, 0x00, 0x00,
	0x00, 0x00, 0x00, 0x00, 0xb0, 0xc8, 0x88, 0x88, 0xc8, 0xb0, 0x80, 0x80, 0x00, 0x00, 0x00, 0x00,
	0x68, 0x98, 0x88, 0x88, 0x98, 0x68, 0x08, 0x08, 0x00, 0x00, 0x00, 0x00, 0xa0, 0xc0, 0x80, 0x80,
	0x80, 0x80, 0x00, 0x00, 0x00, 0x00, 0x00, 0x00, 0x60, 0x90, 0x60, 0x10, 0x90, 0x60, 0x00, 0x00,
	0x00, 0x00, 0x40, 0x40, 0xe0, 0x40, 0x40, 0x40, 0x40, 0x60, 0x00, 0x00, 0x00, 0x00, 0x00, 0x00,
	0x90, 0x90, 0x90, 0x90, 0x90, 0x70, 0x00, 0x00, 0x00, 0x00, 0x00, 0x00, 0x88, 0x88, 0x50, 0x50,
	0x20, 0x20, 0x00, 0x00, 0x00, 0x00, 0x00, 0x00, 0x92, 0x92, 0x54, 0x54, 0x28, 0x28, 0x00, 0x00,
	0x00, 0x00, 0x00, 0x00, 0x88, 0x50, 0x20, 0x50, 0x88, 0x88, 0x00, 0x00, 0x00, 0x00, 0x00, 0x00,
	0x90, 0x90, 0xa0, 0xa0, 0x60, 0x40, 0x40, 0x80, 0x00, 0x00, 0x00, 0x00, 0xf0, 0x10, 0x20, 0x40,
	0x80, 0xf0, 0x00, 0x00, 0x00, 0x00, 0x20, 0x40, 0x40, 0x40, 0x80, 0x40, 0x40, 0x40, 0x40, 0x20,
	0x00, 0x00, 0x40, 0x40, 0x40, 0x40, 0x40, 0x40, 0x40, 0x40, 0x40, 0x40, 0x00, 0x00, 0x80, 0x40,
	0x40, 0x40, 0x20, 0x40, 0x40, 0x40, 0x40, 0x80, 0x00, 0x00, 0x00, 0x00, 0x00, 0x64, 0x98, 0x00,
	0x00, 0x00, 0x00, 0x00, 0x00, 0x00, 0x30, 0x48, 0x08, 0x10, 0x20, 0x20, 0x00, 0x20, 0x00, 0x00,
	0x00, 0x00, 0x30, 0x48, 0x08, 0x10, 0x20, 0x20, 0x00, 0x20, 0x00, 0x00, 0x00, 0x00, 0x30, 0x48,
	0x08, 0x10, 0x20, 0x20, 0x00, 0x20, 0x00, 0x00, 0x00, 0x00, 0x30, 0x48, 0x08, 0x10, 0x20, 0x20,
	0x00, 0x20, 0x00, 0x00, 0x00, 0x00, 0x30, 0x48, 0x08, 0x10, 0x20, 0x20, 0x00, 0x20, 0x00, 0x00,
	0x00, 0x00, 0x30, 0x48, 0x08, 0x10, 0x20, 0x20, 0x00, 0x20, 0x00, 0x00, 0x00, 0x00, 0x30, 0x48,
	0x08, 0x10, 0x20, 0x20, 0x00, 0x20, 0x00, 0x00, 0x00, 0x00, 0x30, 0x48, 0x08, 0x10, 0x20, 0x20,
	0x00, 0x20, 0x00, 0x00, 0x00, 0x00, 0x30, 0x48, 0x08, 0x10, 0x20, 0x20, 0x00, 0x20, 0x00, 0x00,
	0x00, 0x00, 0x30, 0x48, 0x08, 0x10, 0x20, 0x20, 0x00, 0x20, 0x00, 0x00, 0x00, 0x00, 0x30, 0x48,
	0x08, 0x10, 0x20, 0x20, 0x00, 0x20, 0x00, 0x00, 0x00, 0x00, 0x30, 0x48, 0x08, 0x10, 0x20, 0x20,
	0x00, 0x20, 0x00, 0x00, 0x00, 0x00, 0x30, 0x48, 0x08, 0x10, 0x20, 0x20, 0x00, 0x20, 0x00, 0x00,
	0x00, 0x00, 0x30, 0x48, 0x08, 0x10, 0x20, 0x20, 0x00, 0x20, 0x00, 0x00, 0x00, 0x00, 0x30, 0x48,
	0x08, 0x10, 0x20, 0x20, 0x00, 0x20, 0x00, 0x00, 0x00, 0x00, 0x30, 0x48, 0x08, 0x10, 0x20, 0x20,
	0x00, 0x20, 0x00, 0x00, 0x00, 0x00, 0x30, 0x48, 0x08, 0x10, 0x20, 0x20, 0x00, 0x20, 0x00, 0x00,
	0x00, 0x00, 0x30, 0x48, 0x08, 0x10, 0x20, 0x20, 0x00, 0x20, 0x00, 0x00, 0x00, 0x00, 0x30, 0x48,
	0x08, 0x10, 0x20, 0x20, 0x00, 0x20, 0x00, 0x00, 0x00, 0x00, 0x30, 0x48, 0x08, 0x10, 0x20, 0x20,
	0x00, 0x20, 0x00, 0x00, 0x00, 0x00, 0x30, 0x48, 0x08, 0x10, 0x20, 0x20, 0x00, 0x20, 0x00, 0x00,
	0x00, 0x00, 0x30, 0x48, 0x08, 0x10, 0x20, 0x20, 0x00, 0x20, 0x00, 0x00, 0x00, 0x00, 0x30, 0x48,
	0x08, 0x10, 0x20, 0x20, 0x00, 0x20, 0x00, 0x00, 0x00, 0x00, 0x30, 0x48, 0x08, 0x10, 0x20, 0x20,
	0x00, 0x20, 0x00, 0x00, 0x00, 0x00, 0x30, 0x48, 0x08, 0x10, 0x20, 0x20, 0x00, 0x20, 0x00, 0x00,
	0x00, 0x00, 0x30, 0x48, 0x08, 0x10, 0x20, 0x20, 0x00, 0x20, 0x00, 0x00, 0x00, 0x00, 0x30, 0x48,
	0x08, 0x10, 0x20, 0x20, 0x00, 0x20, 0x00, 0x00, 0x00, 0x00, 0x30, 0x48, 0x08, 0x10, 0x20, 0x20,
	0x00, 0x20, 0x00, 0x00, 0x00, 0x00, 0x30, 0x48, 0x08, 0x10, 0x20, 0x20, 0x00, 0x20, 0x00, 0x00,
	0x00, 0x00, 0x30, 0x48, 0x08, 0x10, 0x20, 0x20, 0x00, 0x20, 0x00, 0x00, 0x00, 0x00, 0x30, 0x48,
	0x08, 0x10, 0x20, 0x20, 0x00, 0x20, 0x00, 0x00, 0x00, 0x00, 0x30, 0x48, 0x08, 0x10, 0x20, 0x20,
	0x00, 0x20, 0x00, 0x00, 0x00, 0x00, 0x30, 0x48, 0x08, 0x10, 0x20, 0x20, 0x00, 0x20, 0x00, 0x00,
	0x00, 0x00, 0x00, 0x00, 0x00, 0x00, 0x00, 0x00, 0x00, 0x00, 0x00, 0x00, 0x00, 0x00, 0x00, 0x00,
	0x40, 0x00, 0x40, 0x40, 0x40, 0x40, 0x40, 0x40, 0x00, 0x00, 0x00, 0x08, 0x38, 0x54, 0x50, 0x50,
	0x54, 0x38, 0x20, 0x00, 0x00, 0x00, 0x30, 0x48, 0x40, 0xe0, 0x40, 0x40, 0x48, 0xb0, 0x00, 0x00,
	0x00, 0x00, 0x00, 0x90, 0x60, 0x90, 0x90, 0x60, 0x90, 0x00, 0x00, 0x00, 0x00, 0x00, 0x88, 0x88,
	0x88, 0x50, 0xf8, 0x20, 0xf8, 0x20, 0x00, 0x00, 0x00, 0x00, 0x40, 0x40, 0x40, 0x40, 0x00, 0x00,
	0x40, 0x40, 0x40, 0x40, 0x00, 0x00, 0x70, 0x88, 0xc0, 0x70, 0x98, 0xc8, 0x70, 0x18, 0x88, 0x70,
	0x00, 0x00, 0xa0, 0x00, 0x00, 0x00, 0x00, 0x00, 0x00, 0x00, 0x00, 0x00, 0x00, 0x00, 0x00, 0x00,
	0x00, 0x00, 0x1c, 0x00, 0x22, 0x00, 0x4d, 0x00, 0x51, 0x00, 0x4d, 0x00, 0x22, 0x00, 0x1c, 0x00,
	0x00, 0x00, 0x00, 0x00, 0x00, 0x00, 0xe0, 0x20, 0xa0, 0x00, 0xe0, 0x00, 0x00, 0x00, 0x00, 0x00,
	0x00, 0x00, 0x00, 0x00, 0x00, 0x28, 0x50, 0xa0, 0x50, 0x28, 0x00, 0x00, 0x00, 0x00, 0x00, 0x00,
	0x00, 0x7c, 0x04, 0x04, 0x00, 0x00, 0x00, 0x00, 0x00, 0x00, 0x00, 0x00, 0x00, 0x00, 0xe0, 0x00,
	0x00, 0x00, 0x00, 0x00, 0x00, 0x00, 0x00, 0x00, 0x00, 0x00, 0x1c, 0x00, 0x22, 0x00, 0x5d, 0x00,
	0x59, 0x00, 0x55, 0x00, 0x22, 0x00, 0x1c, 0x00, 0x00, 0x00, 0x00, 0x00, 0x00, 0x00, 0xe0, 0x00,
	0x00, 0x00, 0x00, 0x00, 0x00, 0x00, 0x00, 0x00, 0x00, 0x00, 0x60, 0x90, 0x90, 0x60, 0x00, 0x00,
	0x00, 0x00, 0x00, 0x00, 0x00, 0x00, 0x00, 0x20, 0x20, 0xf8, 0x20, 0x20, 0x00, 0xf8, 0x00, 0x00,
	0x00, 0x00, 0x60, 0xa0, 0x40, 0xe0, 0x00, 0x00, 0x00, 0x00, 0x00, 0x00, 0x00, 0x00, 0xe0, 0x40,
	0x20, 0xc0, 0x00, 0x00, 0x00, 0x00, 0x00, 0x00, 0x00, 0x40, 0x80, 0x00, 0x00, 0x00, 0x00, 0x00,
	0x00, 0x00, 0x00, 0x00, 0x00, 0x00, 0x00, 0x00, 0x90, 0x90, 0x90, 0x90, 0x90, 0xf0, 0x80, 0x80,
	0x00, 0x00, 0x7c, 0xe8, 0xe8, 0xe8, 0x68, 0x28, 0x28, 0x28, 0x28, 0x28, 0x00, 0x00, 0x00, 0x00,
	0x00, 0x00, 0xc0, 0x00, 0x00, 0x00, 0x00, 0x00, 0x00, 0x00, 0x00, 0x00, 0x00, 0x00, 0x00, 0x00,
	0x00, 0x00, 0x40, 0xc0, 0x00, 0x00, 0x40, 0xc0, 0x40, 0x40, 0x00, 0x00, 0x00, 0x00, 0x00, 0x00,
	0x00, 0x00, 0xe0, 0xa0, 0xe0, 0x00, 0xe0, 0x00, 0x00, 0x00, 0x00, 0x00, 0x00, 0x00, 0x00, 0x00,
	0x00, 0xa0, 0x50, 0x28, 0x50, 0xa0, 0x00, 0x00, 0x00, 0x00, 0x00, 0x00, 0x44, 0x00, 0xc4, 0x00,
	0x48, 0x00, 0x48, 0x00, 0x11, 0x00, 0x13, 0x00, 0x27, 0x80, 0x21, 0x00, 0x00, 0x00, 0x00, 0x00,
	0x00, 0x00, 0x00, 0x00, 0x44, 0x00, 0xc4, 0x00, 0x48, 0x00, 0x48, 0x00, 0x13, 0x00, 0x15, 0x00,
	0x22, 0x00, 0x27, 0x00, 0x00, 0x00, 0x00, 0x00, 0x00, 0x00, 0x00, 0x00, 0xe0, 0x00, 0x44, 0x00,
	0x24, 0x00, 0xc8, 0x00, 0x09, 0x00, 0x13, 0x00, 0x17, 0x80, 0x21, 0x00, 0x00, 0x00, 0x00, 0x00,
	0x00, 0x00, 0x00, 0x00, 0x10, 0x00, 0x10, 0x10, 0x20, 0x40, 0x48, 0x30, 0x10, 0x00, 0x10, 0x10,
	0x28, 0x28, 0x44, 0x7c, 0x82, 0x82, 0x00, 0x00, 0x10, 0x00, 0x10, 0x10, 0x28, 0x28, 0x44, 0x7c,
	0x82, 0x82, 0x00, 0x00, 0x28, 0x00, 0x10, 0x10, 0x28, 0x28, 0x44, 0x7c, 0x82, 0x82, 0x00, 0x00,
	0x28, 0x00, 0x10, 0x10, 0x28, 0x28, 0x44, 0x7c, 0x82, 0x82, 0x00, 0x00, 0x28, 0x00, 0x10, 0x10,
	0x28, 0x28, 0x44, 0x7c, 0x82, 0x82, 0x00, 0x00, 0x28, 0x10, 0x10, 0x10, 0x28, 0x28, 0x44, 0x7c,
	0x82, 0x82, 0x00, 0x00, 0x00, 0x00, 0x00, 0x00, 0x1f, 0x80, 0x18, 0x00, 0x28, 0x00, 0x2f, 0x80,
	0x48, 0x00, 0x78, 0x00, 0x88, 0x00, 0x8f, 0x80, 0x00, 0x00, 0x00, 0x00, 0x00, 0x00, 0x3c, 0x42,
	0x40, 0x40, 0x40, 0x40, 0x42, 0x3c, 0x08, 0x18, 0x10, 0x00, 0x7c, 0x40, 0x40, 0x7c, 0x40, 0x40,
	0x40, 0x7c, 0x00, 0x00, 0x10, 0x00, 0x7c, 0x40, 0x40, 0x7c, 0x40, 0x40, 0x40, 0x7c, 0x00, 0x00,
	0x28, 0x00, 0x7c, 0x40, 0x40, 0x7c, 0x40, 0x40, 0x40, 0x7c, 0x00, 0x00, 0x28, 0x00, 0x7c, 0x40,
	0x40, 0x7c, 0x40, 0x40, 0x40, 0x7c, 0x00, 0x00, 0x40, 0x00, 0x40, 0x40, 0x40, 0x40, 0x40, 0x40,
	0x40, 0x40, 0x00, 0x00, 0x40, 0x00, 0x40, 0x40, 0x40, 0x40, 0x40, 0x40, 0x40, 0x40, 0x00, 0x00,
	0xa0, 0x00, 0x40, 0x40, 0x40, 0x40, 0x40, 0x40, 0x40, 0x40, 0x00, 0x00, 0xa0, 0x00, 0x40, 0x40,
	0x40, 0x40, 0x40, 0x40, 0x40, 0x40, 0x00, 0x00, 0x00, 0x00, 0x78, 0x44, 0x42, 0xf2, 0x42, 0x42,
	0x44, 0x78, 0x00, 0x00, 0x28, 0x00, 0x62, 0x62, 0x52, 0x52, 0x4a, 0x4a, 0x46, 0x46, 0x00, 0x00,
	0x08, 0x00, 0x3c, 0x42, 0x42, 0x42, 0x42, 0x42, 0x42, 0x3c, 0x00, 0x00, 0x08, 0x00, 0x3c, 0x42,
	0x42, 0x42, 0x42, 0x42, 0x42, 0x3c, 0x00, 0x00, 0x28, 0x00, 0x3c, 0x42, 0x42, 0x42, 0x42, 0x42,
	0x42, 0x3c, 0x00, 0x00, 0x28, 0x00, 0x3c, 0x42, 0x42, 0x42, 0x42, 0x42, 0x42, 0x3c, 0x00, 0x00,
	0x24, 0x00, 0x3c, 0x42, 0x42, 0x42, 0x42, 0x42, 0x42, 0x3c, 0x00, 0x00, 0x00, 0x00, 0x00, 0x00,
	0x88, 0x50, 0x20, 0x50, 0x88, 0x00, 0x00, 0x00, 0x00, 0x02, 0x3c, 0x46, 0x4a, 0x4a, 0x52, 0x52,
	0x62, 0x3c, 0x40, 0x00, 0x08, 0x00, 0x42, 0x42, 0x42, 0x42, 0x42, 0x42, 0x42, 0x3c, 0x00, 0x00,
	0x08, 0x00, 0x42, 0x42, 0x42, 0x42, 0x42, 0x42, 0x42, 0x3c, 0x00, 0x00, 0x28, 0x00, 0x42, 0x42,
	0x42, 0x42, 0x42, 0x42, 0x42, 0x3c, 0x00, 0x00, 0x24, 0x00, 0x42, 0x42, 0x42, 0x42, 0x42, 0x42,
	0x42, 0x3c, 0x00, 0x00, 0x10, 0x00, 0x82, 0x44, 0x44, 0x28, 0x28, 0x10, 0x10, 0x10, 0x00, 0x00,
	0x00, 0x00, 0x40, 0x40, 0x78, 0x44, 0x44, 0x78, 0x40, 0x40, 0x00, 0x00, 0x00, 0x00, 0x60, 0x90,
	0x90, 0xa0, 0x90, 0x90, 0x90, 0xa0, 0x00, 0x00, 0x00, 0x40, 0x20, 0x00, 0xe0, 0x10, 0x70, 0x90,
	0x90, 0x68, 0x00, 0x00, 0x00, 0x20, 0x40, 0x00, 0xe0, 0x10, 0x70, 0x90, 0x90, 0x68, 0x00, 0x00,
	0x00, 0x20, 0x50, 0x00, 0xe0, 0x10, 0x70, 0x90, 0x90, 0x68, 0x00, 0x00, 0x00, 0x50, 0xa0, 0x00,
	0xe0, 0x10, 0x70, 0x90, 0x90, 0x68, 0x00, 0x00, 0x00, 0x00, 0x50, 0x00, 0xe0, 0x10, 0x70, 0x90,
	0x90, 0x68, 0x00, 0x00, 0x00, 0x20, 0x50, 0x20, 0xe0, 0x10, 0x70, 0x90, 0x90, 0x68, 0x00, 0x00,
	0x00, 0x00, 0x00, 0x00, 0xec, 0x12, 0x7e, 0x90, 0x92, 0x6c, 0x00, 0x00, 0x00, 0x00, 0x00, 0x00,
	0x60, 0x90, 0x80, 0x80, 0x90, 0x60, 0x20, 0x60, 0x00, 0x40, 0x20, 0x00, 0x60, 0x90, 0xf0, 0x80,
	0x90, 0x60, 0x00, 0x00, 0x00, 0x20, 0x40, 0x00, 0x60, 0x90, 0xf0, 0x80, 0x90, 0x60, 0x00, 0x00,
	0x00, 0x40, 0xa0, 0x00, 0x60, 0x90, 0xf0, 0x80, 0x90, 0x60, 0x00, 0x00, 0x00, 0x00, 0xa0, 0x00,
	0x60, 0x90, 0xf0, 0x80, 0x90, 0x60, 0x00, 0x00, 0x00, 0x80, 0x80, 0x00, 0x80, 0x80, 0x80, 0x80,
	0x80, 0x80, 0x00, 0x00, 0x00, 0x40, 0x80, 0x00, 0x80, 0x80, 0x80, 0x80, 0x80, 0x80, 0x00, 0x00,
	0x00, 0x80, 0xc0, 0x00, 0x80, 0x80, 0x80, 0x80, 0x80, 0x80, 0x00, 0x00, 0x00, 0x00, 0xc0, 0x00,
	0x80, 0x80, 0x80, 0x80, 0x80, 0x80, 0x00, 0x00, 0x00, 0x40, 0x78, 0x90, 0x78, 0x88, 0x88, 0x88,
	0x88, 0x70, 0x00, 0x00, 0x00, 0x50, 0xa0, 0x00, 0xe0, 0x90, 0x90, 0x90, 0x90, 0x90, 0x00, 0x00,
	0x00, 0x40, 0x20, 0x00, 0x70, 0x88, 0x88, 0x88, 0x88, 0x70, 0x00, 0x00, 0x00, 0x10, 0x20, 0x00,
	0x70, 0x88, 0x88, 0x88, 0x88, 0x70, 0x00, 0x00, 0x00, 0x20, 0x50, 0x00, 0x70, 0x88, 0x88, 0x88,
	0x88, 0x70, 0x00, 0x00, 0x00, 0x28, 0x50, 0x00, 0x70, 0x88, 0x88, 0x88, 0x88, 0x70, 0x00, 0x00,
	0x00, 0x00, 0x50, 0x00, 0x70, 0x88, 0x88, 0x88, 0x88, 0x70, 0x00, 0x00, 0x00, 0x00, 0x00, 0x00,
	0x20, 0x00, 0xf8, 0x00, 0x20, 0x00, 0x00, 0x00, 0x00, 0x00, 0x00, 0x00, 0x74, 0x98, 0xa8, 0xc8,
	0x88, 0xf0, 0x00, 0x00, 0x00, 0x40, 0x20, 0x00, 0x90, 0x90, 0x90, 0x90, 0x90, 0x70, 0x00, 0x00,
	0x00, 0x10, 0x20, 0x00, 0x90, 0x90, 0x90, 0x90, 0x90, 0x70, 0x00, 0x00, 0x00, 0x40, 0xa0, 0x00,
	0x90, 0x90, 0x90, 0x90, 0x90, 0x70, 0x00, 0x00, 0x00, 0x00, 0xa0, 0x00, 0x90, 0x90, 0x90, 0x90,
	0x90, 0x70, 0x00, 0x00, 0x00, 0x10, 0x20, 0x00, 0x90, 0x90, 0xa0, 0xa0, 0x60, 0x40, 0x40, 0x80,
	0x00, 0x00, 0x80, 0x80, 0xb0, 0xc8, 0x88, 0x88, 0xc8, 0xb0, 0x80, 0x80, 0x00, 0x00, 0xa0, 0x00,
	0x90, 0x90, 0xa0, 0xa0, 0x60, 0x40, 0x40, 0x80,
};
static unsigned short o_helvR08[] = {
	0, 12, 24, 36, 48, 60, 84, 96, 108, 120, 132, 144,
	156, 168, 180, 192, 204, 216, 228, 240, 252, 264, 276, 288,
	300, 312, 324, 336, 348, 360, 372, 384, 396, 420, 432, 444,
	456, 468, 480, 492, 504, 516, 528, 540, 552, 564, 588, 600,
	612, 624, 636, 648, 660, 672, 684, 696, 720, 732, 744, 756,
	768, 780, 792, 804, 816, 828, 840, 852, 864, 876, 888, 900,
	912, 924, 936, 948, 960, 972, 984, 996, 1008, 1020, 1032, 1044,
	1056, 1068, 1080, 1092, 1104, 1116, 1128, 1140, 1152, 1164, 1176, 1188,
	1200, 1212, 1224, 1236, 1248, 1260, 1272, 1284, 1296, 1308, 1320, 1332,
	1344, 1356, 1368, 1380, 1392, 1404, 1416, 1428, 1440, 1452, 1464, 1476,
	1488, 1500, 1512, 1524, 1536, 1548, 1560, 1572, 1584, 1596, 1608, 1620,
	1632, 1644, 1656, 1668, 1680, 1692, 1716, 1728, 1740, 1752, 1764, 1788,
	1800, 1812, 1824, 1836, 1848, 1860, 1872, 1884, 1896, 1908, 1920, 1932,
	1944, 1968, 1992, 2016, 2028, 2040, 2052, 2064, 2076, 2088, 2100, 2124,
	2136, 2148, 2160, 2172, 2184, 2196, 2208, 2220, 2232, 2244, 2256, 2268,
	2280, 2292, 2304, 2316, 2328, 2340, 2352, 2364, 2376, 2388, 2400, 2412,
	2424, 2436, 2448, 2460, 2472, 2484, 2496, 2508, 2520, 2532, 2544, 2556,
	2568, 2580, 2592, 2604, 2616, 2628, 2640, 2652, 2664, 2676, 2688, 2700,
	2712, 2724, 2736, 2748, 2760, 2772, 2784, 2796,
};
static unsigned char w_helvR08[] = {
	3, 3, 4, 6, 6, 9, 8, 2, 4, 4, 4, 6, 3, 4, 3, 3,
	6, 6, 6, 6, 6, 6, 6, 6, 6, 6, 3, 3, 6, 5, 6, 6,
	11, 7, 7, 8, 8, 7, 6, 8, 8, 3, 5, 7, 6, 9, 8, 8,
	7, 8, 7, 7, 5, 8, 7, 9, 7, 7, 7, 3, 3, 3, 6, 6,
	3, 5, 6, 5, 6, 5, 4, 6, 6, 2, 2, 5, 2, 8, 6, 6,
	6, 6, 4, 5, 4, 5, 6, 8, 6, 5, 5, 3, 3, 3, 7, 6,
	6, 6, 6, 6, 6, 6, 6, 6, 6, 6, 6, 6, 6, 6, 6, 6,
	6, 6, 6, 6, 6, 6, 6, 6, 6, 6, 6, 6, 6, 6, 6, 6,
	3, 3, 6, 6, 5, 6, 3, 6, 3, 9, 4, 6, 7, 4, 9, 3,
	4, 6, 3, 3, 3, 5, 6, 3, 3, 3, 4, 6, 9, 9, 9, 6,
	7, 7, 7, 7, 7, 7, 10, 8, 7, 7, 7, 7, 3, 3, 3, 3,
	8, 8, 8, 8, 8, 8, 8, 6, 8, 8, 8, 8, 8, 7, 7, 5,
	5, 5, 5, 5, 5, 5, 8, 5, 5, 5, 5, 5, 2, 2, 2, 2,
	6, 5, 6, 6, 6, 6, 6, 6, 6, 5, 5, 5, 5, 5, 6, 5,
};

#define F_helvR08 { "Helv", 8, 12, 10, 2, 400, 0, 0, 32, 5, 11, 0x20, 0xff, w_helvR08, o_helvR08, b_helvR08 }

/* -Adobe-Helvetica-Medium-R-Normal--14-100-100-100-P-76-ISO8859-1 helvR10.pcf.gz sha256 3e82723f3ca3a6163be09cc9d518cc1277dc48e63707adbfa1804a7e5cffe155 */
static unsigned char b_helvR10[] = {
	0x00, 0x00, 0x00, 0x00, 0x00, 0x00, 0x00, 0x00, 0x00, 0x00, 0x00, 0x00, 0x00, 0x00, 0x00, 0x00,
	0x00, 0x00, 0x20, 0x20, 0x20, 0x20, 0x20, 0x20, 0x20, 0x20, 0x00, 0x20, 0x20, 0x00, 0x00, 0x00,
	0x00, 0x00, 0x50, 0x50, 0x50, 0x00, 0x00, 0x00, 0x00, 0x00, 0x00, 0x00, 0x00, 0x00, 0x00, 0x00,
	0x00, 0x00, 0x00, 0x14, 0x14, 0x14, 0x7e, 0x28, 0x28, 0xfc, 0x50, 0x50, 0x50, 0x00, 0x00, 0x00,
	0x00, 0x10, 0x7c, 0x92, 0x92, 0x90, 0x50, 0x38, 0x14, 0x12, 0x92, 0x92, 0x7c, 0x10, 0x10, 0x00,
	0x00, 0x00, 0x00, 0x00, 0x70, 0x80, 0x89, 0x00, 0x89, 0x00, 0x72, 0x00, 0x02, 0x00, 0x04, 0x00,
	0x08, 0x00, 0x09, 0xc0, 0x12, 0x20, 0x12, 0x20, 0x21, 0xc0, 0x00, 0x00, 0x00, 0x00, 0x00, 0x00,
	0x00, 0x00, 0x00, 0x00, 0x00, 0x00, 0x18, 0x00, 0x24, 0x00, 0x24, 0x00, 0x18, 0x00, 0x10, 0x00,
	0x29, 0x00, 0x45, 0x00, 0x42, 0x00, 0x45, 0x00, 0x38, 0x80, 0x00, 0x00, 0x00, 0x00, 0x00, 0x00,
	0x00, 0x00, 0x40, 0x40, 0x40, 0x00, 0x00, 0x00, 0x00, 0x00, 0x00, 0x00, 0x00, 0x00, 0x00, 0x00,
	0x00, 0x00, 0x10, 0x20, 0x20, 0x40, 0x40, 0x40, 0x40, 0x40, 0x40, 0x40, 0x40, 0x20, 0x20, 0x10,
	0x00, 0x00, 0x40, 0x20, 0x20, 0x10, 0x10, 0x10, 0x10, 0x10, 0x10, 0x10, 0x10, 0x20, 0x20, 0x40,
	0x00, 0x00, 0x10, 0x54, 0x38, 0x54, 0x10, 0x00, 0x00, 0x00, 0x00, 0x00, 0x00, 0x00, 0x00, 0x00,
	0x00, 0x00, 0x00, 0x00, 0x00, 0x00, 0x00, 0x00, 0x00, 0x00, 0x08, 0x00, 0x08, 0x00, 0x08, 0x00,
	0x7f, 0x00, 0x08, 0x00, 0x08, 0x00, 0x08, 0x00, 0x00, 0x00, 0x00, 0x00, 0x00, 0x00, 0x00, 0x00,
	0x00, 0x00, 0x00, 0x00, 0x00, 0x00, 0x00, 0x00, 0x00, 0x00, 0x00, 0x40, 0x40, 0x40, 0x80, 0x00,
	0x00, 0x00, 0x00, 0x00, 0x00, 0x00, 0x00, 0x00, 0xe0, 0x00, 0x00, 0x00, 0x00, 0x00, 0x00, 0x00,
	0x00, 0x00, 0x00, 0x00, 0x00, 0x00, 0x00, 0x00, 0x00, 0x00, 0x00, 0x40, 0x40, 0x00, 0x00, 0x00,
	0x00, 0x00, 0x10, 0x10, 0x20, 0x20, 0x20, 0x40, 0x40, 0x40, 0x80, 0x80, 0x80, 0x00, 0x00, 0x00,
	0x00, 0x00, 0x3c, 0x42, 0x42, 0x42, 0x42, 0x42, 0x42, 0x42, 0x42, 0x42, 0x3c, 0x00, 0x00, 0x00,
	0x00, 0x00, 0x08, 0x38, 0x08, 0x08, 0x08, 0x08, 0x08, 0x08, 0x08, 0x08, 0x08, 0x00, 0x00, 0x00,
	0x00, 0x00, 0x3c, 0x42, 0x42, 0x02, 0x04, 0x08, 0x10, 0x20, 0x40, 0x40, 0x7e, 0x00, 0x00, 0x00,
	0x00, 0x00, 0x3c, 0x42, 0x42, 0x02, 0x02, 0x1c, 0x02, 0x02, 0x42, 0x42, 0x3c, 0x00, 0x00, 0x00,
	0x00, 0x00, 0x02, 0x06, 0x0a, 0x12, 0x22, 0x42, 0x42, 0x7f, 0x02, 0x02, 0x02, 0x00, 0x00, 0x00,
	0x00, 0x00, 0x7e, 0x40, 0x40, 0x40, 0x7c, 0x02, 0x02, 0x02, 0x42, 0x42, 0x3c, 0x00, 0x00, 0x00,
	0x00, 0x00, 0x3c, 0x42, 0x40, 0x40, 0x5c, 0x62, 0x42, 0x42, 0x42, 0x42, 0x3c, 0x00, 0x00, 0x00,
	0x00, 0x00, 0x7e, 0x02, 0x04, 0x04, 0x08, 0x08, 0x10, 0x10, 0x20, 0x20, 0x20, 0x00, 0x00, 0x00,
	0x00, 0x00, 0x3c, 0x42, 0x42, 0x42, 0x42, 0x3c, 0x42, 0x42, 0x42, 0x42, 0x3c, 0x00, 0x00, 0x00,
	0x00, 0x00, 0x3c, 0x42, 0x42, 0x42, 0x42, 0x3e, 0x02, 0x02, 0x42, 0x42, 0x3c, 0x00, 0x00, 0x00,
	0x00, 0x00, 0x00, 0x00, 0x00, 0x40, 0x40, 0x00, 0x00, 0x00, 0x00, 0x40, 0x40, 0x00, 0x00, 0x00,
	0x00, 0x00, 0x00, 0x00, 0x00, 0x40, 0x40, 0x00, 0x00, 0x00, 0x00, 0x40, 0x40, 0x40, 0x80, 0x00,
	0x00, 0x00, 0x00, 0x00, 0x00, 0x00, 0x06, 0x18, 0x60, 0x18, 0x06, 0x00, 0x00, 0x00, 0x00, 0x00,
	0x00, 0x00, 0x00, 0x00, 0x00, 0x00, 0x00, 0x00, 0x00, 0x00, 0x00, 0x00, 0x00, 0x00, 0x7e, 0x00,
	0x00, 0x00, 0x7e, 0x00, 0x00, 0x00, 0x00, 0x00, 0x00, 0x00, 0x00, 0x00, 0x00, 0x00, 0x00, 0x00,
	0x00, 0x00, 0x00, 0x00, 0x00, 0x00, 0x60, 0x18, 0x06, 0x18, 0x60, 0x00, 0x00, 0x00, 0x00, 0x00,
	0x00, 0x00, 0x18, 0x66, 0x42, 0x42, 0x02, 0x04, 0x08, 0x10, 0x00, 0x10, 0x10, 0x00, 0x00, 0x00,
	0x00, 0x00, 0x00, 0x00, 0x07, 0x80, 0x18, 0x60, 0x20, 0x10, 0x23, 0x50, 0x44, 0x90, 0x48, 0x90,
	0x48, 0x90, 0x49, 0xa0, 0x46, 0xc0, 0x20, 0x00, 0x30, 0x40, 0x0f, 0x80, 0x00, 0x00, 0x00, 0x00,
	0x00, 0x00, 0x00, 0x00, 0x08, 0x00, 0x1c, 0x00, 0x14, 0x00, 0x14, 0x00, 0x22, 0x00, 0x22, 0x00,
	0x41, 0x00, 0x7f, 0x00, 0x41, 0x00, 0x80, 0x80, 0x80, 0x80, 0x00, 0x00, 0x00, 0x00, 0x00, 0x00,
	0x00, 0x00, 0x00, 0x00, 0x7e, 0x00, 0x43, 0x00, 0x41, 0x00, 0x41, 0x00, 0x42, 0x00, 0x7c, 0x00,
	0x42, 0x00, 0x41, 0x00, 0x41, 0x00, 0x43, 0x00, 0x7e, 0x00, 0x00, 0x00, 0x00, 0x00, 0x00, 0x00,
	0x00, 0x00, 0x00, 0x00, 0x0e, 0x00, 0x31, 0x80, 0x20, 0x80, 0x40, 0x00, 0x40, 0x00, 0x40, 0x00,
	0x40, 0x00, 0x40, 0x00, 0x20, 0x80, 0x31, 0x80, 0x0e, 0x00, 0x00, 0x00, 0x00, 0x00, 0x00, 0x00,
	0x00, 0x00, 0x00, 0x00, 0x7c, 0x00, 0x43, 0x00, 0x41, 0x00, 0x40, 0x80, 0x40, 0x80, 0x40, 0x80,
	0x40, 0x80, 0x40, 0x80, 0x41, 0x00, 0x43, 0x00, 0x7c, 0x00, 0x00, 0x00, 0x00, 0x00, 0x00, 0x00,
	0x00, 0x00, 0x00, 0x00, 0x7f, 0x00, 0x40, 0x00, 0x40, 0x00, 0x40, 0x00, 0x40, 0x00, 0x7e, 0x00,
	0x40, 0x00, 0x40, 0x00, 0x40, 0x00, 0x40, 0x00, 0x7f, 0x00, 0x00, 0x00, 0x00, 0x00, 0x00, 0x00,
	0x00, 0x00, 0x7f, 0x40, 0x40, 0x40, 0x40, 0x7e, 0x40, 0x40, 0x40, 0x40, 0x40, 0x00, 0x00, 0x00,
	0x00, 0x00, 0x00, 0x00, 0x0f, 0x00, 0x30, 0xc0, 0x20, 0x40, 0x40, 0x00, 0x40, 0x00, 0x43, 0xc0,
	0x40, 0x40, 0x40, 0x40, 0x20, 0x40, 0x31, 0xc0, 0x0e, 0x40, 0x00, 0x00, 0x00, 0x00, 0x00, 0x00,
	0x00, 0x00, 0x00, 0x00, 0x40, 0x80, 0x40, 0x80, 0x40, 0x80, 0x40, 0x80, 0x40, 0x80, 0x7f, 0x80,
	0x40, 0x80, 0x40, 0x80, 0x40, 0x80, 0x40, 0x80, 0x40, 0x80, 0x00, 0x00, 0x00, 0x00, 0x00, 0x00,
	0x00, 0x00, 0x20, 0x20, 0x20, 0x20, 0x20, 0x20, 0x20, 0x20, 0x20, 0x20, 0x20, 0x00, 0x00, 0x00,
	0x00, 0x00, 0x04, 0x04, 0x04, 0x04, 0x04, 0x04, 0x04, 0x04, 0x84, 0x84, 0x78, 0x00, 0x00, 0x00,
	0x00, 0x00, 0x00, 0x00, 0x41, 0x00, 0x42, 0x00, 0x44, 0x00, 0x48, 0x00, 0x50, 0x00, 0x70, 0x00,
	0x48, 0x00, 0x44, 0x00, 0x42, 0x00, 0x41, 0x00, 0x40, 0x80, 0x00, 0x00, 0x00, 0x00, 0x00, 0x00,
	0x00, 0x00, 0x20, 0x20, 0x20, 0x20, 0x20, 0x20, 0x20, 0x20, 0x20, 0x20, 0x3f, 0x00, 0x00, 0x00,
	0x00, 0x00, 0x00, 0x00, 0x80, 0x20, 0xc0, 0x60, 0xc0, 0x60, 0xa0, 0xa0, 0xa0, 0xa0, 0x91, 0x20,
	0x91, 0x20, 0x8a, 0x20, 0x8a, 0x20, 0x84, 0x20, 0x84, 0x20, 0x00, 0x00, 0x00, 0x00, 0x00, 0x00,
	0x00, 0x00, 0x00, 0x00, 0x60, 0x80, 0x50, 0x80, 0x50, 0x80, 0x48, 0x80, 0x48, 0x80, 0x44, 0x80,
	0x44, 0x80, 0x42, 0x80, 0x42, 0x80, 0x41, 0x80, 0x41, 0x80, 0x00, 0x00, 0x00, 0x00, 0x00, 0x00,
	0x00, 0x00, 0x00, 0x00, 0x0e, 0x00, 0x31, 0x80, 0x20, 0x80, 0x40, 0x40, 0x40, 0x40, 0x40, 0x40,
	0x40, 0x40, 0x40, 0x40, 0x20, 0x80, 0x31, 0x80, 0x0e, 0x00, 0x00, 0x00, 0x00, 0x00, 0x00, 0x00,
	0x00, 0x00, 0x00, 0x00, 0x7e, 0x00, 0x43, 0x00, 0x41, 0x00, 0x41, 0x00, 0x43, 0x00, 0x7e, 0x00,
	0x40, 0x00, 0x40, 0x00, 0x40, 0x00, 0x40, 0x00, 0x40, 0x00, 0x00, 0x00, 0x00, 0x00, 0x00, 0x00,
	0x00, 0x00, 0x00, 0x00, 0x0e, 0x00, 0x31, 0x80, 0x20, 0x80, 0x40, 0x40, 0x40, 0x40, 0x40, 0x40,
	0x44, 0x40, 0x42, 0x40, 0x21, 0x80, 0x31, 0x80, 0x0e, 0x40, 0x00, 0x00, 0x00, 0x00, 0x00, 0x00,
	0x00, 0x00, 0x00, 0x00, 0x7f, 0x00, 0x41, 0x80, 0x40, 0x80, 0x40, 0x80, 0x41, 0x00, 0x7e, 0x00,
	0x41, 0x00, 0x40, 0x80, 0x40, 0x80, 0x40, 0x80, 0x40, 0x80, 0x00, 0x00, 0x00, 0x00, 0x00, 0x00,
	0x00, 0x00, 0x00, 0x00, 0x1c, 0x00, 0x63, 0x00, 0x41, 0x00, 0x40, 0x00, 0x30, 0x00, 0x0c, 0x00,
	0x03, 0x00, 0x01, 0x00, 0x41, 0x00, 0x63, 0x00, 0x1c, 0x00, 0x00, 0x00, 0x00, 0x00, 0x00, 0x00,
	0x00, 0x00, 0x00, 0x00, 0xff, 0x80, 0x08, 0x00, 0x08, 0x00, 0x08, 0x00, 0x08, 0x00, 0x08, 0x00,
	0x08, 0x00, 0x08, 0x00, 0x08, 0x00, 0x08, 0x00, 0x08, 0x00, 0x00, 0x00, 0x00, 0x00, 0x00, 0x00,
	0x00, 0x00, 0x00, 0x00, 0x40, 0x80, 0x40, 0x80, 0x40, 0x80, 0x40, 0x80, 0x40, 0x80, 0x40, 0x80,
	0x40, 0x80, 0x40, 0x80, 0x40, 0x80, 0x21, 0x00, 0x1e, 0x00, 0x00, 0x00, 0x00, 0x00, 0x00, 0x00,
	0x00, 0x00, 0x00, 0x00, 0x80, 0x80, 0x80, 0x80, 0x41, 0x00, 0x41, 0x00, 0x63, 0x00, 0x22, 0x00,
	0x22, 0x00, 0x14, 0x00, 0x14, 0x00, 0x08, 0x00, 0x08, 0x00, 0x00, 0x00, 0x00, 0x00, 0x00, 0x00,
	0x00, 0x00, 0x00, 0x00, 0x82, 0x08, 0x82, 0x08, 0x85, 0x08, 0x45, 0x10, 0x45, 0x10, 0x45, 0x10,
	0x28, 0xa0, 0x28, 0xa0, 0x28, 0xa0, 0x10, 0x40, 0x10, 0x40, 0x00, 0x00, 0x00, 0x00, 0x00, 0x00,
	0x00, 0x00, 0x00, 0x00, 0x80, 0x80, 0x41, 0x00, 0x22, 0x00, 0x14, 0x00, 0x08, 0x00, 0x08, 0x00,
	0x14, 0x00, 0x22, 0x00, 0x41, 0x00, 0x41, 0x00, 0x80, 0x80, 0x00, 0x00, 0x00, 0x00, 0x00, 0x00,
	0x00, 0x00, 0x00, 0x00, 0x80, 0x80, 0xc1, 0x80, 0x41, 0x00, 0x22, 0x00, 0x22, 0x00, 0x14, 0x00,
	0x1c, 0x00, 0x08, 0x00, 0x08, 0x00, 0x08, 0x00, 0x08, 0x00, 0x00, 0x00, 0x00, 0x00, 0x00, 0x00,
	0x00, 0x00, 0x00, 0x00, 0x7f, 0x00, 0x01, 0x00, 0x02, 0x00, 0x04, 0x00, 0x0c, 0x00, 0x08, 0x00,
	0x10, 0x00, 0x30, 0x00, 0x20, 0x00, 0x40, 0x00, 0x7f, 0x00, 0x00, 0x00, 0x00, 0x00, 0x00, 0x00,
	0x00, 0x00, 0x70, 0x40, 0x40, 0x40, 0x40, 0x40, 0x40, 0x40, 0x40, 0x40, 0x40, 0x40, 0x40, 0x70,
	0x00, 0x00, 0x80, 0x80, 0x40, 0x40, 0x40, 0x20, 0x20, 0x20, 0x10, 0x10, 0x10, 0x00, 0x00, 0x00,
	0x00, 0x00, 0xe0, 0x20, 0x20, 0x20, 0x20, 0x20, 0x20, 0x20, 0x20, 0x20, 0x20, 0x20, 0x20, 0xe0,
	0x00, 0x00, 0x10, 0x28, 0x28, 0x44, 0x44, 0x00, 0x00, 0x00, 0x00, 0x00, 0x00, 0x00, 0x00, 0x00,
	0x00, 0x00, 0x00, 0x00, 0x00, 0x00, 0x00, 0x00, 0x00, 0x00, 0x00, 0x00, 0x00, 0x00, 0x00, 0xff,
	0x00, 0x00, 0x40, 0x20, 0x00, 0x00, 0x00, 0x00, 0x00, 0x00, 0x00, 0x00, 0x00, 0x00, 0x00, 0x00,
	0x00, 0x00, 0x00, 0x00, 0x00, 0x3c, 0x66, 0x02, 0x3e, 0x62, 0x42, 0x66, 0x3b, 0x00, 0x00, 0x00,
	0x00, 0x00, 0x40, 0x40, 0x40, 0x5c, 0x66, 0x42, 0x42, 0x42, 0x42, 0x66, 0x5c, 0x00, 0x00, 0x00,
	0x00, 0x00, 0x00, 0x00, 0x00, 0x3c, 0x66, 0x40, 0x40, 0x40, 0x42, 0x66, 0x3c, 0x00, 0x00, 0x00,
	0x00, 0x00, 0x02, 0x02, 0x02, 0x3a, 0x66, 0x42, 0x42, 0x42, 0x42, 0x66, 0x3a, 0x00, 0x00, 0x00,
	0x00, 0x00, 0x00, 0x00, 0x00, 0x3c, 0x66, 0x42, 0x7e, 0x40, 0x40, 0x66, 0x3c, 0x00, 0x00, 0x00,
	0x00, 0x00, 0x30, 0x40, 0x40, 0xe0, 0x40, 0x40, 0x40, 0x40, 0x40, 0x40, 0x40, 0x00, 0x00, 0x00,
	0x00, 0x00, 0x00, 0x00, 0x00, 0x3a, 0x66, 0x42, 0x42, 0x42, 0x42, 0x66, 0x3a, 0x02, 0x66, 0x3c,
	0x00, 0x00, 0x40, 0x40, 0x40, 0x5c, 0x66, 0x42, 0x42, 0x42, 0x42, 0x42, 0x42, 0x00, 0x00, 0x00,
	0x00, 0x00, 0x40, 0x40, 0x00, 0x40, 0x40, 0x40, 0x40, 0x40, 0x40, 0x40, 0x40, 0x00, 0x00, 0x00,
	0x00, 0x00, 0x40, 0x40, 0x00, 0x40, 0x40, 0x40, 0x40, 0x40, 0x40, 0x40, 0x40, 0x40, 0x40, 0x80,
	0x00, 0x00, 0x40, 0x40, 0x40, 0x44, 0x48, 0x50, 0x60, 0x50, 0x48, 0x44, 0x42, 0x00, 0x00, 0x00,
	0x00, 0x00, 0x40, 0x40, 0x40, 0x40, 0x40, 0x40, 0x40, 0x40, 0x40, 0x40, 0x40, 0x00, 0x00, 0x00,
	0x00, 0x00, 0x00, 0x00, 0x00, 0x00, 0x00, 0x00, 0x00, 0x00, 0x59, 0x80, 0x66, 0x40, 0x44, 0x40,
	0x44, 0x40, 0x44, 0x40, 0x44, 0x40, 0x44, 0x40, 0x44, 0x40, 0x00, 0x00, 0x00, 0x00, 0x00, 0x00,
	0x00, 0x00, 0x00, 0x00, 0x00, 0x5c, 0x66, 0x42, 0x42, 0x42, 0x42, 0x42, 0x42, 0x00, 0x00, 0x00,
	0x00, 0x00, 0x00, 0x00, 0x00, 0x3c, 0x66, 0x42, 0x42, 0x42, 0x42, 0x66, 0x3c, 0x00, 0x00, 0x00,
	0x00, 0x00, 0x00, 0x00, 0x00, 0x5c, 0x66, 0x42, 0x42, 0x42, 0x42, 0x66, 0x5c, 0x40, 0x40, 0x40,
	0x00, 0x00, 0x00, 0x00, 0x00, 0x3a, 0x66, 0x42, 0x42, 0x42, 0x42, 0x66, 0x3a, 0x02, 0x02, 0x02,
	0x00, 0x00, 0x00, 0x00, 0x00, 0x58, 0x60, 0x40, 0x40, 0x40, 0x40, 0x40, 0x40, 0x00, 0x00, 0x00,
	0x00, 0x00, 0x00, 0x00, 0x00, 0x38, 0x44, 0x60, 0x38, 0x0c, 0x04, 0x44, 0x38, 0x00, 0x00, 0x00,
	0x00, 0x00, 0x00, 0x40, 0x40, 0xe0, 0x40, 0x40, 0x40, 0x40, 0x40, 0x40, 0x30, 0x00, 0x00, 0x00,
	0x00, 0x00, 0x00, 0x00, 0x00, 0x42, 0x42, 0x42, 0x42, 0x42, 0x42, 0x66, 0x3a, 0x00, 0x00, 0x00,
	0x00, 0x00, 0x00, 0x00, 0x00, 0x82, 0x82, 0x44, 0x44, 0x44, 0x28, 0x28, 0x10, 0x00, 0x00, 0x00,
	0x00, 0x00, 0x00, 0x00, 0x00, 0x00, 0x00, 0x00, 0x00, 0x00, 0x88, 0x80, 0x88, 0x80, 0x88, 0x80,
	0x49, 0x00, 0x49, 0x00, 0x55, 0x00, 0x22, 0x00, 0x22, 0x00, 0x00, 0x00, 0x00, 0x00, 0x00, 0x00,
	0x00, 0x00, 0x00, 0x00, 0x00, 0xc6, 0x44, 0x28, 0x10, 0x10, 0x28, 0x44, 0xc6, 0x00, 0x00, 0x00,
	0x00, 0x00, 0x00, 0x00, 0x00, 0x82, 0xc2, 0x44, 0x44, 0x24, 0x28, 0x18, 0x10, 0x10, 0x30, 0x60,
	0x00, 0x00, 0x00, 0x00, 0x00, 0xfc, 0x04, 0x08, 0x10, 0x20, 0x40, 0x80, 0xfc, 0x00, 0x00, 0x00,
	0x00, 0x00, 0x18, 0x20, 0x20, 0x20, 0x20, 0x40, 0x80, 0x40, 0x20, 0x20, 0x20, 0x20, 0x20, 0x18,
	0x00, 0x00, 0x40, 0x40, 0x40, 0x40, 0x40, 0x40, 0x40, 0x40, 0x40, 0x40, 0x40, 0x40, 0x40, 0x40,
	0x00, 0x00, 0xc0, 0x20, 0x20, 0x20, 0x20, 0x10, 0x08, 0x10, 0x20, 0x20, 0x20, 0x20, 0x20, 0xc0,
	0x00, 0x00, 0x00, 0x00, 0x00, 0x00, 0x00, 0x32, 0x5a, 0x4c, 0x00, 0x00, 0x00, 0x00, 0x00, 0x00,
	0x00, 0x00, 0x18, 0x66, 0x42, 0x42, 0x02, 0x04, 0x08, 0x10, 0x00, 0x10, 0x10, 0x00, 0x00, 0x00,
	0x00, 0x00, 0x18, 0x66, 0x42, 0x42, 0x02, 0x04, 0x08, 0x10, 0x00, 0x10, 0x10, 0x00, 0x00, 0x00,
	0x00, 0x00, 0x18, 0x66, 0x42, 0x42, 0x02, 0x04, 0x08, 0x10, 0x00, 0x10, 0x10, 0x00, 0x00, 0x00,
	0x00, 0x00, 0x18, 0x66, 0x42, 0x42, 0x02, 0x04, 0x08, 0x10, 0x00, 0x10, 0x10, 0x00, 0x00, 0x00,
	0x00, 0x00, 0x18, 0x66, 0x42, 0x42, 0x02, 0x04, 0x08, 0x10, 0x00, 0x10, 0x10, 0x00, 0x00, 0x00,
	0x00, 0x00, 0x18, 0x66, 0x42, 0x42, 0x02, 0x04, 0x08, 0x10, 0x00, 0x10, 0x10, 0x00, 0x00, 0x00,
	0x00, 0x00, 0x18, 0x66, 0x42, 0x42, 0x02, 0x04, 0x08, 0x10, 0x00, 0x10, 0x10, 0x00, 0x00, 0x00,
	0x00, 0x00, 0x18, 0x66, 0x42, 0x42, 0x02, 0x04, 0x08, 0x10, 0x00, 0x10, 0x10, 0x00, 0x00, 0x00,
	0x00, 0x00, 0x18, 0x66, 0x42, 0x42, 0x02, 0x04, 0x08, 0x10, 0x00, 0x10, 0x10, 0x00, 0x00, 0x00,
	0x00, 0x00, 0x18, 0x66, 0x42, 0x42, 0x02, 0x04, 0x08, 0x10, 0x00, 0x10, 0x10, 0x00, 0x00, 0x00,
	0x00, 0x00, 0x18, 0x66, 0x42, 0x42, 0x02, 0x04, 0x08, 0x10, 0x00, 0x10, 0x10, 0x00, 0x00, 0x00,
	0x00, 0x00, 0x18, 0x66, 0x42, 0x42, 0x02, 0x04, 0x08, 0x10, 0x00, 0x10, 0x10, 0x00, 0x00, 0x00,
	0x00, 0x00, 0x18, 0x66, 0x42, 0x42, 0x02, 0x04, 0x08, 0x10, 0x00, 0x10, 0x10, 0x00, 0x00, 0x00,
	0x00, 0x00, 0x18, 0x66, 0x42, 0x42, 0x02, 0x04, 0x08, 0x10, 0x00, 0x10, 0x10, 0x00, 0x00, 0x00,
	0x00, 0x00, 0x18, 0x66, 0x42, 0x42, 0x02, 0x04, 0x08, 0x10, 0x00, 0x10, 0x10, 0x00, 0x00, 0x00,
	0x00, 0x00, 0x18, 0x66, 0x42, 0x42, 0x02, 0x04, 0x08, 0x10, 0x00, 0x10, 0x10, 0x00, 0x00, 0x00,
	0x00, 0x00, 0x18, 0x66, 0x42, 0x42, 0x02, 0x04, 0x08, 0x10, 0x00, 0x10, 0x10, 0x00, 0x00, 0x00,
	0x00, 0x00, 0x18, 0x66, 0x42, 0x42, 0x02, 0x04, 0x08, 0x10, 0x00, 0x10, 0x10, 0x00, 0x00, 0x00,
	0x00, 0x00, 0x18, 0x66, 0x42, 0x42, 0x02, 0x04, 0x08, 0x10, 0x00, 0x10, 0x10, 0x00, 0x00, 0x00,
	0x00, 0x00, 0x18, 0x66, 0x42, 0x42, 0x02, 0x04, 0x08, 0x10, 0x00, 0x10, 0x10, 0x00, 0x00, 0x00,
	0x00, 0x00, 0x18, 0x66, 0x42, 0x42, 0x02, 0x04, 0x08, 0x10, 0x00, 0x10, 0x10, 0x00, 0x00, 0x00,
	0x00, 0x00, 0x18, 0x66, 0x42, 0x42, 0x02, 0x04, 0x08, 0x10, 0x00, 0x10, 0x10, 0x00, 0x00, 0x00,
	0x00, 0x00, 0x18, 0x66, 0x42, 0x42, 0x02, 0x04, 0x08, 0x10, 0x00, 0x10, 0x10, 0x00, 0x00, 0x00,
	0x00, 0x00, 0x18, 0x66, 0x42, 0x42, 0x02, 0x04, 0x08, 0x10, 0x00, 0x10, 0x10, 0x00, 0x00, 0x00,
	0x00, 0x00, 0x18, 0x66, 0x42, 0x42, 0x02, 0x04, 0x08, 0x10, 0x00, 0x10, 0x10, 0x00, 0x00, 0x00,
	0x00, 0x00, 0x18, 0x66, 0x42, 0x42, 0x02, 0x04, 0x08, 0x10, 0x00, 0x10, 0x10, 0x00, 0x00, 0x00,
	0x00, 0x00, 0x18, 0x66, 0x42, 0x42, 0x02, 0x04, 0x08, 0x10, 0x00, 0x10, 0x10, 0x00, 0x00, 0x00,
	0x00, 0x00, 0x18, 0x66, 0x42, 0x42, 0x02, 0x04, 0x08, 0x10, 0x00, 0x10, 0x10, 0x00, 0x00, 0x00,
	0x00, 0x00, 0x18, 0x66, 0x42, 0x42, 0x02, 0x04, 0x08, 0x10, 0x00, 0x10, 0x10, 0x00, 0x00, 0x00,
	0x00, 0x00, 0x18, 0x66, 0x42, 0x42, 0x02, 0x04, 0x08, 0x10, 0x00, 0x10, 0x10, 0x00, 0x00, 0x00,
	0x00, 0x00, 0x18, 0x66, 0x42, 0x42, 0x02, 0x04, 0x08, 0x10, 0x00, 0x10, 0x10, 0x00, 0x00, 0x00,
	0x00, 0x00, 0x18, 0x66, 0x42, 0x42, 0x02, 0x04, 0x08, 0x10, 0x00, 0x10, 0x10, 0x00, 0x00, 0x00,
	0x00, 0x00, 0x18, 0x66, 0x42, 0x42, 0x02, 0x04, 0x08, 0x10, 0x00, 0x10, 0x10, 0x00, 0x00, 0x00,
	0x00, 0x00, 0x00, 0x00, 0x00, 0x00, 0x00, 0x00, 0x00, 0x00, 0x00, 0x00, 0x00, 0x00, 0x00, 0x00,
	0x00, 0x00, 0x00, 0x00, 0x00, 0x40, 0x40, 0x00, 0x40, 0x40, 0x40, 0x40, 0x40, 0x40, 0x40, 0x40,
	0x00, 0x00, 0x00, 0x00, 0x02, 0x3c, 0x66, 0x48, 0x48, 0x50, 0x52, 0x66, 0x3c, 0x40, 0x00, 0x00,
	0x00, 0x00, 0x38, 0x44, 0x40, 0x40, 0xf8, 0x20, 0x20, 0x20, 0x40, 0x62, 0xdc, 0x00, 0x00, 0x00,
	0x00, 0x00, 0x00, 0x00, 0x00, 0x42, 0x3c, 0x24, 0x24, 0x3c, 0x42, 0x00, 0x00, 0x00, 0x00, 0x00,
	0x00, 0x00, 0x82, 0x82, 0x82, 0x44, 0x44, 0x28, 0xfe, 0x10, 0xfe, 0x10, 0x10, 0x00, 0x00, 0x00,
	0x00, 0x00, 0x40, 0x40, 0x40, 0x40, 0x40, 0x40, 0x00, 0x00, 0x40, 0x40, 0x40, 0x40, 0x40, 0x40,
	0x00, 0x00, 0x1c, 0x36, 0x22, 0x30, 0x1c, 0x26, 0x22, 0x22, 0x32, 0x1c, 0x06, 0x22, 0x36, 0x1c,
	0x00, 0x00, 0x00, 0xd8, 0x00, 0x00, 0x00, 0x00, 0x00, 0x00, 0x00, 0x00, 0x00, 0x00, 0x00, 0x00,
	0x00, 0x00, 0x00, 0x00, 0x0f, 0x00, 0x30, 0xc0, 0x2e, 0x40, 0x51, 0x60, 0x51, 0x20, 0x50, 0x20,
	0x51, 0x20, 0x4e, 0x20, 0x20, 0x40, 0x30, 0xc0, 0x0f, 0x00, 0x00, 0x00, 0x00, 0x00, 0x00, 0x00,
	0x00, 0x00, 0x70, 0x08, 0x38, 0x48, 0x68, 0x00, 0x78, 0x00, 0x00, 0x00, 0x00, 0x00, 0x00, 0x00,
	0x00, 0x00, 0x00, 0x00, 0x00, 0x00, 0x12, 0x24, 0x48, 0x24, 0x12, 0x00, 0x00, 0x00, 0x00, 0x00,
	0x00, 0x00, 0x00, 0x00, 0x00, 0x00, 0x00, 0x00, 0x00, 0x00, 0x00, 0x00, 0x00, 0x00, 0x7f, 0x00,
	0x01, 0x00, 0x01, 0x00, 0x01, 0x00, 0x00, 0x00, 0x00, 0x00, 0x00, 0x00, 0x00, 0x00, 0x00, 0x00,
	0x00, 0x00, 0x00, 0x00, 0x00, 0x00, 0x00, 0x00, 0xe0, 0x00, 0x00, 0x00, 0x00, 0x00, 0x00, 0x00,
	0x00, 0x00, 0x00, 0x00, 0x0f, 0x00, 0x30, 0xc0, 0x2e, 0x40, 0x49, 0x20, 0x49, 0x20, 0x4e, 0x20,
	0x49, 0x20, 0x49, 0x20, 0x20, 0x40, 0x30, 0xc0, 0x0f, 0x00, 0x00, 0x00, 0x00, 0x00, 0x00, 0x00,
	0x00, 0x00, 0x00, 0xf0, 0x00, 0x00, 0x00, 0x00, 0x00, 0x00, 0x00, 0x00, 0x00, 0x00, 0x00, 0x00,
	0x00, 0x00, 0x30, 0x48, 0x48, 0x30, 0x00, 0x00, 0x00, 0x00, 0x00, 0x00, 0x00, 0x00, 0x00, 0x00,
	0x00, 0x00, 0x00, 0x00, 0x00, 0x00, 0x00, 0x00, 0x08, 0x00, 0x08, 0x00, 0x08, 0x00, 0x7f, 0x00,
	0x08, 0x00, 0x08, 0x00, 0x08, 0x00, 0x00, 0x00, 0x7f, 0x00, 0x00, 0x00, 0x00, 0x00, 0x00, 0x00,
	0x00, 0x00, 0x60, 0x90, 0x10, 0x20, 0x40, 0xf0, 0x00, 0x00, 0x00, 0x00, 0x00, 0x00, 0x00, 0x00,
	0x00, 0x00, 0x60, 0x90, 0x20, 0x10, 0x90, 0x60, 0x00, 0x00, 0x00, 0x00, 0x00, 0x00, 0x00, 0x00,
	0x00, 0x00, 0x10, 0x20, 0x00, 0x00, 0x00, 0x00, 0x00, 0x00, 0x00, 0x00, 0x00, 0x00, 0x00, 0x00,
	0x00, 0x00, 0x00, 0x00, 0x00, 0x42, 0x42, 0x42, 0x42, 0x42, 0x42, 0x66, 0x5a, 0x40, 0x40, 0x40,
	0x00, 0x00, 0x3e, 0x74, 0xf4, 0xf4, 0xf4, 0x74, 0x34, 0x14, 0x14, 0x14, 0x14, 0x14, 0x14, 0x14,
	0x00, 0x00, 0x00, 0x00, 0x00, 0x00, 0x00, 0x00, 0x60, 0x00, 0x00, 0x00, 0x00, 0x00, 0x00, 0x00,
	0x00, 0x00, 0x00, 0x00, 0x00, 0x00, 0x00, 0x00, 0x00, 0x00, 0x00, 0x00, 0x00, 0x20, 0x90, 0x60,
	0x00, 0x00, 0x20, 0x60, 0x20, 0x20, 0x20, 0x20, 0x00, 0x00, 0x00, 0x00, 0x00, 0x00, 0x00, 0x00,
	0x00, 0x00, 0x30, 0x48, 0x48, 0x48, 0x30, 0x00, 0x78, 0x00, 0x00, 0x00, 0x00, 0x00, 0x00, 0x00,
	0x00, 0x00, 0x00, 0x00, 0x00, 0x00, 0x48, 0x24, 0x12, 0x24, 0x48, 0x00, 0x00, 0x00, 0x00, 0x00,
	0x00, 0x00, 0x00, 0x00, 0x21, 0x00, 0x61, 0x00, 0x22, 0x00, 0x22, 0x00, 0x24, 0x00, 0x24, 0x40,
	0x04, 0xc0, 0x09, 0x40, 0x0a, 0x40, 0x13, 0xe0, 0x10, 0x40, 0x00, 0x00, 0x00, 0x00, 0x00, 0x00,
	0x00, 0x00, 0x00, 0x00, 0x21, 0x00, 0x61, 0x00, 0x22, 0x00, 0x22, 0x00, 0x24, 0x00, 0x25, 0x80,
	0x0a, 0x40, 0x08, 0x40, 0x08, 0x80, 0x11, 0x00, 0x13, 0xc0, 0x00, 0x00, 0x00, 0x00, 0x00, 0x00,
	0x00, 0x00, 0x00, 0x00, 0x61, 0x00, 0x91, 0x00, 0x22, 0x00, 0x12, 0x00, 0x94, 0x00, 0x64, 0x40,
	0x04, 0xc0, 0x09, 0x40, 0x0a, 0x40, 0x13, 0xe0, 0x10, 0x40, 0x00, 0x00, 0x00, 0x00, 0x00, 0x00,
	0x00, 0x00, 0x00, 0x00, 0x00, 0x08, 0x08, 0x00, 0x08, 0x10, 0x20, 0x40, 0x42, 0x42, 0x66, 0x18,
	0x08, 0x00, 0x00, 0x00, 0x08, 0x00, 0x1c, 0x00, 0x14, 0x00, 0x14, 0x00, 0x22, 0x00, 0x22, 0x00,
	0x41, 0x00, 0x7f, 0x00, 0x41, 0x00, 0x80, 0x80, 0x80, 0x80, 0x00, 0x00, 0x00, 0x00, 0x00, 0x00,
	0x08, 0x00, 0x00, 0x00, 0x08, 0x00, 0x1c, 0x00, 0x14, 0x00, 0x14, 0x00, 0x22, 0x00, 0x22, 0x00,
	0x41, 0x00, 0x7f, 0x00, 0x41, 0x00, 0x80, 0x80, 0x80, 0x80, 0x00, 0x00, 0x00, 0x00, 0x00, 0x00,
	0x12, 0x00, 0x00, 0x00, 0x08, 0x00, 0x1c, 0x00, 0x14, 0x00, 0x14, 0x00, 0x22, 0x00, 0x22, 0x00,
	0x41, 0x00, 0x7f, 0x00, 0x41, 0x00, 0x80, 0x80, 0x80, 0x80, 0x00, 0x00, 0x00, 0x00, 0x00, 0x00,
	0x2c, 0x00, 0x00, 0x00, 0x08, 0x00, 0x1c, 0x00, 0x14, 0x00, 0x14, 0x00, 0x22, 0x00, 0x22, 0x00,
	0x41, 0x00, 0x7f, 0x00, 0x41, 0x00, 0x80, 0x80, 0x80, 0x80, 0x00, 0x00, 0x00, 0x00, 0x00, 0x00,
	0x36, 0x00, 0x00, 0x00, 0x08, 0x00, 0x1c, 0x00, 0x14, 0x00, 0x14, 0x00, 0x22, 0x00, 0x22, 0x00,
	0x41, 0x00, 0x7f, 0x00, 0x41, 0x00, 0x80, 0x80, 0x80, 0x80, 0x00, 0x00, 0x00, 0x00, 0x00, 0x00,
	0x12, 0x00, 0x12, 0x00, 0x0c, 0x00, 0x0c, 0x00, 0x14, 0x00, 0x14, 0x00, 0x22, 0x00, 0x22, 0x00,
	0x41, 0x00, 0x7f, 0x00, 0x41, 0x00, 0x80, 0x80, 0x80, 0x80, 0x00, 0x00, 0x00, 0x00, 0x00, 0x00,
	0x00, 0x00, 0x00, 0x00, 0x0f, 0xf8, 0x09, 0x00, 0x09, 0x00, 0x11, 0x00, 0x11, 0x00, 0x11, 0xf8,
	0x3f, 0x00, 0x21, 0x00, 0x21, 0x00, 0x41, 0x00, 0x41, 0xf8, 0x00, 0x00, 0x00, 0x00, 0x00, 0x00,
	0x00, 0x00, 0x00, 0x00, 0x0e, 0x00, 0x31, 0x80, 0x20, 0x80, 0x40, 0x00, 0x40, 0x00, 0x40, 0x00,
	0x40, 0x00, 0x40, 0x00, 0x20, 0x80, 0x31, 0x80, 0x0e, 0x00, 0x04, 0x00, 0x12, 0x00, 0x0c, 0x00,
	0x08, 0x00, 0x00, 0x00, 0x7f, 0x00, 0x40, 0x00, 0x40, 0x00, 0x40, 0x00, 0x40, 0x00, 0x7e, 0x00,
	0x40, 0x00, 0x40, 0x00, 0x40, 0x00, 0x40, 0x00, 0x7f, 0x00, 0x00, 0x00, 0x00, 0x00, 0x00, 0x00,
	0x08, 0x00, 0x00, 0x00, 0x7f, 0x00, 0x40, 0x00, 0x40, 0x00, 0x40, 0x00, 0x40, 0x00, 0x7e, 0x00,
	0x40, 0x00, 0x40, 0x00, 0x40, 0x00, 0x40, 0x00, 0x7f, 0x00, 0x00, 0x00, 0x00, 0x00, 0x00, 0x00,
	0x12, 0x00, 0x00, 0x00, 0x7f, 0x00, 0x40, 0x00, 0x40, 0x00, 0x40, 0x00, 0x40, 0x00, 0x7e, 0x00,
	0x40, 0x00, 0x40, 0x00, 0x40, 0x00, 0x40, 0x00, 0x7f, 0x00, 0x00, 0x00, 0x00, 0x00, 0x00, 0x00,
	0x36, 0x00, 0x00, 0x00, 0x7f, 0x00, 0x40, 0x00, 0x40, 0x00, 0x40, 0x00, 0x40, 0x00, 0x7e, 0x00,
	0x40, 0x00, 0x40, 0x00, 0x40, 0x00, 0x40, 0x00, 0x7f, 0x00, 0x00, 0x00, 0x00, 0x00, 0x00, 0x00,
	0x20, 0x00, 0x20, 0x20, 0x20, 0x20, 0x20, 0x20, 0x20, 0x20, 0x20, 0x20, 0x20, 0x00, 0x00, 0x00,
	0x20, 0x00, 0x20, 0x20, 0x20, 0x20, 0x20, 0x20, 0x20, 0x20, 0x20, 0x20, 0x20, 0x00, 0x00, 0x00,
	0x50, 0x00, 0x20, 0x20, 0x20, 0x20, 0x20, 0x20, 0x20, 0x20, 0x20, 0x20, 0x20, 0x00, 0x00, 0x00,
	0xd0, 0x00, 0x20, 0x20, 0x20, 0x20, 0x20, 0x20, 0x20, 0x20, 0x20, 0x20, 0x20, 0x00, 0x00, 0x00,
	0x00, 0x00, 0x00, 0x00, 0x7c, 0x00, 0x43, 0x00, 0x41, 0x00, 0x40, 0x80, 0x40, 0x80, 0xf0, 0x80,
	0x40, 0x80, 0x40, 0x80, 0x41, 0x00, 0x43, 0x00, 0x7c, 0x00, 0x00, 0x00, 0x00, 0x00, 0x00, 0x00,
	0x16, 0x00, 0x00, 0x00, 0x60, 0x80, 0x50, 0x80, 0x50, 0x80, 0x48, 0x80, 0x48, 0x80, 0x44, 0x80,
	0x44, 0x80, 0x42, 0x80, 0x42, 0x80, 0x41, 0x80, 0x41, 0x80, 0x00, 0x00, 0x00, 0x00, 0x00, 0x00,
	0x04, 0x00, 0x00, 0x00, 0x0e, 0x00, 0x31, 0x80, 0x20, 0x80, 0x40, 0x40, 0x40, 0x40, 0x40, 0x40,
	0x40, 0x40, 0x40, 0x40, 0x20, 0x80, 0x31, 0x80, 0x0e, 0x00, 0x00, 0x00, 0x00, 0x00, 0x00, 0x00,
	0x04, 0x00, 0x00, 0x00, 0x0e, 0x00, 0x31, 0x80, 0x20, 0x80, 0x40, 0x40, 0x40, 0x40, 0x40, 0x40,
	0x40, 0x40, 0x40, 0x40, 0x20, 0x80, 0x31, 0x80, 0x0e, 0x00, 0x00, 0x00, 0x00, 0x00, 0x00, 0x00,
	0x09, 0x00, 0x00, 0x00, 0x0e, 0x00, 0x31, 0x80, 0x20, 0x80, 0x40, 0x40, 0x40, 0x40, 0x40, 0x40,
	0x40, 0x40, 0x40, 0x40, 0x20, 0x80, 0x31, 0x80, 0x0e, 0x00, 0x00, 0x00, 0x00, 0x00, 0x00, 0x00,
	0x16, 0x00, 0x00, 0x00, 0x0e, 0x00, 0x31, 0x80, 0x20, 0x80, 0x40, 0x40, 0x40, 0x40, 0x40, 0x40,
	0x40, 0x40, 0x40, 0x40, 0x20, 0x80, 0x31, 0x80, 0x0e, 0x00, 0x00, 0x00, 0x00, 0x00, 0x00, 0x00,
	0x19, 0x80, 0x00, 0x00, 0x0e, 0x00, 0x31, 0x80, 0x20, 0x80, 0x40, 0x40, 0x40, 0x40, 0x40, 0x40,
	0x40, 0x40, 0x40, 0x40, 0x20, 0x80, 0x31, 0x80, 0x0e, 0x00, 0x00, 0x00, 0x00, 0x00, 0x00, 0x00,
	0x00, 0x00, 0x00, 0x00, 0x00, 0x00, 0x00, 0x00, 0x00, 0x00, 0x41, 0x00, 0x22, 0x00, 0x14, 0x00,
	0x08, 0x00, 0x14, 0x00, 0x22, 0x00, 0x41, 0x00, 0x00, 0x00, 0x00, 0x00, 0x00, 0x00, 0x00, 0x00,
	0x00, 0x00, 0x00, 0x00, 0x0e, 0x20, 0x31, 0xc0, 0x20, 0x80, 0x41, 0x40, 0x42, 0x40, 0x44, 0x40,
	0x48, 0x40, 0x50, 0x40, 0x20, 0x80, 0x71, 0x80, 0x8e, 0x00, 0x00, 0x00, 0x00, 0x00, 0x00, 0x00,
	0x04, 0x00, 0x00, 0x00, 0x40, 0x80, 0x40, 0x80, 0x40, 0x80, 0x40, 0x80, 0x40, 0x80, 0x40, 0x80,
	0x40, 0x80, 0x40, 0x80, 0x40, 0x80, 0x21, 0x00, 0x1e, 0x00, 0x00, 0x00, 0x00, 0x00, 0x00, 0x00,
	0x04, 0x00, 0x00, 0x00, 0x40, 0x80, 0x40, 0x80, 0x40, 0x80, 0x40, 0x80, 0x40, 0x80, 0x40, 0x80,
	0x40, 0x80, 0x40, 0x80, 0x40, 0x80, 0x21, 0x00, 0x1e, 0x00, 0x00, 0x00, 0x00, 0x00, 0x00, 0x00,
	0x12, 0x00, 0x00, 0x00, 0x40, 0x80, 0x40, 0x80, 0x40, 0x80, 0x40, 0x80, 0x40, 0x80, 0x40, 0x80,
	0x40, 0x80, 0x40, 0x80, 0x40, 0x80, 0x21, 0x00, 0x1e, 0x00, 0x00, 0x00, 0x00, 0x00, 0x00, 0x00,
	0x33, 0x00, 0x00, 0x00, 0x40, 0x80, 0x40, 0x80, 0x40, 0x80, 0x40, 0x80, 0x40, 0x80, 0x40, 0x80,
	0x40, 0x80, 0x40, 0x80, 0x40, 0x80, 0x21, 0x00, 0x1e, 0x00, 0x00, 0x00, 0x00, 0x00, 0x00, 0x00,
	0x08, 0x00, 0x00, 0x00, 0x80, 0x80, 0xc1, 0x80, 0x41, 0x00, 0x22, 0x00, 0x22, 0x00, 0x14, 0x00,
	0x1c, 0x00, 0x08, 0x00, 0x08, 0x00, 0x08, 0x00, 0x08, 0x00, 0x00, 0x00, 0x00, 0x00, 0x00, 0x00,
	0x00, 0x00, 0x00, 0x00, 0x40, 0x00, 0x40, 0x00, 0x7e, 0x00, 0x43, 0x00, 0x41, 0x00, 0x41, 0x00,
	0x43, 0x00, 0x7e, 0x00, 0x40, 0x00, 0x40, 0x00, 0x40, 0x00, 0x00, 0x00, 0x00, 0x00, 0x00, 0x00,
	0x00, 0x00, 0x38, 0x44, 0x44, 0x44, 0x58, 0x48, 0x44, 0x44, 0x44, 0x44, 0x58, 0x00, 0x00, 0x00,
	0x00, 0x00, 0x10, 0x08, 0x00, 0x3c, 0x66, 0x02, 0x3e, 0x62, 0x42, 0x66, 0x3b, 0x00, 0x00, 0x00,
	0x00, 0x00, 0x08, 0x10, 0x00, 0x3c, 0x66, 0x02, 0x3e, 0x62, 0x42, 0x66, 0x3b, 0x00, 0x00, 0x00,
	0x00, 0x00, 0x18, 0x24, 0x00, 0x3c, 0x66, 0x02, 0x3e, 0x62, 0x42, 0x66, 0x3b, 0x00, 0x00, 0x00,
	0x00, 0x00, 0x1a, 0x2c, 0x00, 0x3c, 0x66, 0x02, 0x3e, 0x62, 0x42, 0x66, 0x3b, 0x00, 0x00, 0x00,
	0x00, 0x00, 0x24, 0x24, 0x00, 0x3c, 0x66, 0x02, 0x3e, 0x62, 0x42, 0x66, 0x3b, 0x00, 0x00, 0x00,
	0x00, 0x18, 0x24, 0x18, 0x00, 0x3c, 0x66, 0x02, 0x3e, 0x62, 0x42, 0x66, 0x3b, 0x00, 0x00, 0x00,
	0x00, 0x00, 0x00, 0x00, 0x00, 0x00, 0x00, 0x00, 0x00, 0x00, 0x3d, 0xe0, 0x63, 0x30, 0x02, 0x10,
	0x3f, 0xf0, 0x62, 0x00, 0x42, 0x00, 0x67, 0x30, 0x3d, 0xe0, 0x00, 0x00, 0x00, 0x00, 0x00, 0x00,
	0x00, 0x00, 0x00, 0x00, 0x00, 0x3c, 0x66, 0x40, 0x40, 0x40, 0x42, 0x66, 0x3c, 0x08, 0x24, 0x18,
	0x00, 0x00, 0x10, 0x08, 0x00, 0x3c, 0x66, 0x42, 0x7e, 0x40, 0x40, 0x66, 0x3c, 0x00, 0x00, 0x00,
	0x00, 0x00, 0x08, 0x10, 0x00, 0x3c, 0x66, 0x42, 0x7e, 0x40, 0x40, 0x66, 0x3c, 0x00, 0x00, 0x00,
	0x00, 0x00, 0x18, 0x24, 0x00, 0x3c, 0x66, 0x42, 0x7e, 0x40, 0x40, 0x66, 0x3c, 0x00, 0x00, 0x00,
	0x00, 0x00, 0x24, 0x24, 0x00, 0x3c, 0x66, 0x42, 0x7e, 0x40, 0x40, 0x66, 0x3c, 0x00, 0x00, 0x00,
	0x00, 0x00, 0x40, 0x20, 0x00, 0x40, 0x40, 0x40, 0x40, 0x40, 0x40, 0x40, 0x40, 0x00, 0x00, 0x00,
	0x00, 0x00, 0x20, 0x40, 0x00, 0x40, 0x40, 0x40, 0x40, 0x40, 0x40, 0x40, 0x40, 0x00, 0x00, 0x00,
	0x00, 0x00, 0x60, 0xa0, 0x00, 0x40, 0x40, 0x40, 0x40, 0x40, 0x40, 0x40, 0x40, 0x00, 0x00, 0x00,
	0x00, 0x00, 0xa0, 0xa0, 0x00, 0x40, 0x40, 0x40, 0x40, 0x40, 0x40, 0x40, 0x40, 0x00, 0x00, 0x00,
	0x00, 0x00, 0x6c, 0x38, 0x48, 0x3c, 0x66, 0x42, 0x42, 0x42, 0x42, 0x66, 0x3c, 0x00, 0x00, 0x00,
	0x00, 0x00, 0x34, 0x58, 0x00, 0x5c, 0x66, 0x42, 0x42, 0x42, 0x42, 0x42, 0x42, 0x00, 0x00, 0x00,
	0x00, 0x00, 0x10, 0x08, 0x00, 0x3c, 0x66, 0x42, 0x42, 0x42, 0x42, 0x66, 0x3c, 0x00, 0x00, 0x00,
	0x00, 0x00, 0x08, 0x10, 0x00, 0x3c, 0x66, 0x42, 0x42, 0x42, 0x42, 0x66, 0x3c, 0x00, 0x00, 0x00,
	0x00, 0x00, 0x18, 0x24, 0x00, 0x3c, 0x66, 0x42, 0x42, 0x42, 0x42, 0x66, 0x3c, 0x00, 0x00, 0x00,
	0x00, 0x00, 0x34, 0x58, 0x00, 0x3c, 0x66, 0x42, 0x42, 0x42, 0x42, 0x66, 0x3c, 0x00, 0x00, 0x00,
	0x00, 0x00, 0x24, 0x24, 0x00, 0x3c, 0x66, 0x42, 0x42, 0x42, 0x42, 0x66, 0x3c, 0x00, 0x00, 0x00,
	0x00, 0x00, 0x00, 0x00, 0x00, 0x00, 0x00, 0x00, 0x00, 0x00, 0x08, 0x00, 0x08, 0x00, 0x00, 0x00,
	0x7f, 0x00, 0x00, 0x00, 0x08, 0x00, 0x08, 0x00, 0x00, 0x00, 0x00, 0x00, 0x00, 0x00, 0x00, 0x00,
	0x00, 0x00, 0x00, 0x00, 0x00, 0x3d, 0x62, 0x46, 0x4a, 0x52, 0x62, 0x46, 0xbc, 0x00, 0x00, 0x00,
	0x00, 0x00, 0x10, 0x08, 0x00, 0x42, 0x42, 0x42, 0x42, 0x42, 0x42, 0x66, 0x3a, 0x00, 0x00, 0x00,
	0x00, 0x00, 0x08, 0x10, 0x00, 0x42, 0x42, 0x42, 0x42, 0x42, 0x42, 0x66, 0x3a, 0x00, 0x00, 0x00,
	0x00, 0x00, 0x18, 0x24, 0x00, 0x42, 0x42, 0x42, 0x42, 0x42, 0x42, 0x66, 0x3a, 0x00, 0x00, 0x00,
	0x00, 0x00, 0x24, 0x24, 0x00, 0x42, 0x42, 0x42, 0x42, 0x42, 0x42, 0x66, 0x3a, 0x00, 0x00, 0x00,
	0x00, 0x00, 0x08, 0x10, 0x00, 0x82, 0xc2, 0x44, 0x44, 0x24, 0x28, 0x18, 0x10, 0x10, 0x30, 0x60,
	0x00, 0x00, 0x40, 0x40, 0x40, 0x5c, 0x66, 0x42, 0x42, 0x42, 0x42, 0x66, 0x5c, 0x40, 0x40, 0x40,
	0x00, 0x00, 0x24, 0x24, 0x00, 0x82, 0xc2, 0x44, 0x44, 0x24, 0x28, 0x18, 0x10, 0x10, 0x30, 0x60,
};
static unsigned short o_helvR10[] = {
	0, 16, 32, 48, 64, 80, 112, 144, 160, 176, 192, 208,
	240, 256, 272, 288, 304, 320, 336, 352, 368, 384, 400, 416,
	432, 448, 464, 480, 496, 512, 544, 560, 576, 608, 640, 672,
	704, 736, 768, 784, 816, 848, 864, 880, 912, 928, 960, 992,
	1024, 1056, 1088, 1120, 1152, 1184, 1216, 1248, 1280, 1312, 1344, 1376,
	1392, 1408, 1424, 1440, 1456, 1472, 1488, 1504, 1520, 1536, 1552, 1568,
	1584, 1600, 1616, 1632, 1648, 1664, 1696, 1712, 1728, 1744, 1760, 1776,
	1792, 1808, 1824, 1840, 1872, 1888, 1904, 1920, 1936, 1952, 1968, 1984,
	2000, 2016, 2032, 2048, 2064, 2080, 2096, 2112, 2128, 2144, 2160, 2176,
	2192, 2208, 2224, 2240, 2256, 2272, 2288, 2304, 2320, 2336, 2352, 2368,
	2384, 2400, 2416, 2432, 2448, 2464, 2480, 2496, 2512, 2528, 2544, 2560,
	2576, 2592, 2608, 2624, 2640, 2656, 2688, 2704, 2720, 2752, 2768, 2800,
	2816, 2832, 2864, 2880, 2896, 2912, 2928, 2944, 2960, 2976, 2992, 3008,
	3024, 3056, 3088, 3120, 3136, 3168, 3200, 3232, 3264, 3296, 3328, 3360,
	3392, 3424, 3456, 3488, 3520, 3536, 3552, 3568, 3584, 3616, 3648, 3680,
	3712, 3744, 3776, 3808, 3840, 3872, 3904, 3936, 3968, 4000, 4032, 4064,
	4080, 4096, 4112, 4128, 4144, 4160, 4176, 4208, 4224, 4240, 4256, 4272,
	4288, 4304, 4320, 4336, 4352, 4368, 4384, 4400, 4416, 4432, 4448, 4464,
	4496, 4512, 4528, 4544, 4560, 4576, 4592, 4608,
};
static unsigned char w_helvR10[] = {
	4, 4, 5, 8, 8, 12, 10, 3, 5, 5, 7, 9, 3, 4, 3, 4,
	8, 8, 8, 8, 8, 8, 8, 8, 8, 8, 3, 4, 8, 9, 8, 8,
	13, 9, 9, 10, 10, 9, 8, 11, 10, 4, 7, 9, 8, 12, 10, 11,
	9, 11, 10, 9, 9, 10, 9, 13, 9, 9, 9, 4, 4, 4, 7, 8,
	5, 8, 7, 7, 8, 8, 4, 8, 8, 3, 3, 7, 3, 11, 8, 8,
	8, 8, 5, 7, 4, 7, 7, 10, 7, 7, 7, 5, 3, 5, 8, 8,
	8, 8, 8, 8, 8, 8, 8, 8, 8, 8, 8, 8, 8, 8, 8, 8,
	8, 8, 8, 8, 8, 8, 8, 8, 8, 8, 8, 8, 8, 8, 8, 8,
	4, 4, 8, 8, 8, 7, 3, 8, 5, 12, 6, 8, 9, 4, 12, 4,
	6, 9, 5, 5, 5, 8, 8, 4, 5, 5, 6, 8, 12, 12, 12, 8,
	9, 9, 9, 9, 9, 9, 14, 10, 9, 9, 9, 9, 4, 4, 4, 4,
	10, 10, 11, 11, 11, 11, 11, 9, 11, 10, 10, 10, 10, 9, 9, 7,
	8, 8, 8, 8, 8, 8, 13, 8, 8, 8, 8, 8, 3, 3, 3, 3,
	8, 8, 8, 8, 8, 8, 8, 9, 8, 8, 8, 8, 8, 7, 8, 7,
};

#define F_helvR10 { "Helv", 10, 16, 13, 3, 400, 0, 0, 32, 6, 14, 0x20, 0xff, w_helvR10, o_helvR10, b_helvR10 }

/* -Adobe-Helvetica-Medium-R-Normal--17-120-100-100-P-88-ISO8859-1 helvR12.pcf.gz sha256 4c5b6b395e07fe1cc989b2c2bc30ac9e7125645bd7ecc0c687692cb93c6070af */
static unsigned char b_helvR12[] = {
	0x00, 0x00, 0x00, 0x00, 0x00, 0x00, 0x00, 0x00, 0x00, 0x00, 0x00, 0x00, 0x00, 0x00, 0x00, 0x00,
	0x00, 0x00, 0x00, 0x00, 0x20, 0x20, 0x20, 0x20, 0x20, 0x20, 0x20, 0x20, 0x20, 0x00, 0x20, 0x20,
	0x00, 0x00, 0x00, 0x00, 0x00, 0x00, 0x48, 0x48, 0x48, 0x48, 0x00, 0x00, 0x00, 0x00, 0x00, 0x00,
	0x00, 0x00, 0x00, 0x00, 0x00, 0x00, 0x00, 0x00, 0x00, 0x00, 0x00, 0x00, 0x12, 0x00, 0x12, 0x00,
	0x12, 0x00, 0x7f, 0x00, 0x24, 0x00, 0x24, 0x00, 0x24, 0x00, 0xfe, 0x00, 0x48, 0x00, 0x48, 0x00,
	0x48, 0x00, 0x00, 0x00, 0x00, 0x00, 0x00, 0x00, 0x00, 0x00, 0x00, 0x00, 0x08, 0x00, 0x3e, 0x00,
	0x49, 0x00, 0x49, 0x00, 0x48, 0x00, 0x28, 0x00, 0x18, 0x00, 0x0c, 0x00, 0x0a, 0x00, 0x09, 0x00,
	0x49, 0x00, 0x49, 0x00, 0x3e, 0x00, 0x08, 0x00, 0x08, 0x00, 0x00, 0x00, 0x00, 0x00, 0x00, 0x00,
	0x00, 0x00, 0x70, 0x40, 0x88, 0x80, 0x88, 0x80, 0x89, 0x00, 0x72, 0x00, 0x02, 0x00, 0x04, 0x00,
	0x04, 0xe0, 0x09, 0x10, 0x11, 0x10, 0x11, 0x10, 0x20, 0xe0, 0x00, 0x00, 0x00, 0x00, 0x00, 0x00,
	0x00, 0x00, 0x00, 0x00, 0x00, 0x00, 0x18, 0x00, 0x24, 0x00, 0x42, 0x00, 0x42, 0x00, 0x24, 0x00,
	0x18, 0x00, 0x29, 0x00, 0x45, 0x00, 0x82, 0x00, 0x83, 0x00, 0x44, 0x80, 0x38, 0x40, 0x00, 0x00,
	0x00, 0x00, 0x00, 0x00, 0x00, 0x00, 0x00, 0x00, 0xc0, 0xc0, 0x40, 0x40, 0x00, 0x00, 0x00, 0x00,
	0x00, 0x00, 0x00, 0x00, 0x00, 0x00, 0x00, 0x00, 0x00, 0x00, 0x10, 0x20, 0x20, 0x20, 0x40, 0x40,
	0x40, 0x40, 0x40, 0x40, 0x40, 0x40, 0x20, 0x20, 0x20, 0x10, 0x00, 0x00, 0x40, 0x20, 0x20, 0x20,
	0x10, 0x10, 0x10, 0x10, 0x10, 0x10, 0x10, 0x10, 0x20, 0x20, 0x20, 0x40, 0x00, 0x00, 0x20, 0xa8,
	0x70, 0x50, 0x88, 0x00, 0x00, 0x00, 0x00, 0x00, 0x00, 0x00, 0x00, 0x00, 0x00, 0x00, 0x00, 0x00,
	0x00, 0x00, 0x00, 0x00, 0x00, 0x00, 0x00, 0x00, 0x08, 0x00, 0x08, 0x00, 0x08, 0x00, 0x08, 0x00,
	0xff, 0x80, 0x08, 0x00, 0x08, 0x00, 0x08, 0x00, 0x08, 0x00, 0x00, 0x00, 0x00, 0x00, 0x00, 0x00,
	0x00, 0x00, 0x00, 0x00, 0x00, 0x00, 0x00, 0x00, 0x00, 0x00, 0x00, 0x00, 0x00, 0x00, 0x20, 0x20,
	0x20, 0x40, 0x00, 0x00, 0x00, 0x00, 0x00, 0x00, 0x00, 0x00, 0x00, 0x00, 0x00, 0xf0, 0x00, 0x00,
	0x00, 0x00, 0x00, 0x00, 0x00, 0x00, 0x00, 0x00, 0x00, 0x00, 0x00, 0x00, 0x00, 0x00, 0x00, 0x00,
	0x00, 0x00, 0x20, 0x20, 0x00, 0x00, 0x00, 0x00, 0x00, 0x00, 0x10, 0x10, 0x20, 0x20, 0x20, 0x20,
	0x40, 0x40, 0x40, 0x80, 0x80, 0x80, 0x00, 0x00, 0x00, 0x00, 0x00, 0x00, 0x00, 0x00, 0x1c, 0x00,
	0x22, 0x00, 0x22, 0x00, 0x41, 0x00, 0x41, 0x00, 0x41, 0x00, 0x41, 0x00, 0x41, 0x00, 0x41, 0x00,
	0x22, 0x00, 0x22, 0x00, 0x1c, 0x00, 0x00, 0x00, 0x00, 0x00, 0x00, 0x00, 0x00, 0x00, 0x00, 0x00,
	0x00, 0x00, 0x04, 0x00, 0x04, 0x00, 0x0c, 0x00, 0x14, 0x00, 0x04, 0x00, 0x04, 0x00, 0x04, 0x00,
	0x04, 0x00, 0x04, 0x00, 0x04, 0x00, 0x04, 0x00, 0x04, 0x00, 0x00, 0x00, 0x00, 0x00, 0x00, 0x00,
	0x00, 0x00, 0x00, 0x00, 0x00, 0x00, 0x1c, 0x00, 0x22, 0x00, 0x41, 0x00, 0x41, 0x00, 0x01, 0x00,
	0x02, 0x00, 0x04, 0x00, 0x18, 0x00, 0x20, 0x00, 0x40, 0x00, 0x40, 0x00, 0x7f, 0x00, 0x00, 0x00,
	0x00, 0x00, 0x00, 0x00, 0x00, 0x00, 0x00, 0x00, 0x00, 0x00, 0x1c, 0x00, 0x22, 0x00, 0x41, 0x00,
	0x41, 0x00, 0x02, 0x00, 0x1c, 0x00, 0x02, 0x00, 0x01, 0x00, 0x41, 0x00, 0x41, 0x00, 0x22, 0x00,
	0x1c, 0x00, 0x00, 0x00, 0x00, 0x00, 0x00, 0x00, 0x00, 0x00, 0x00, 0x00, 0x00, 0x00, 0x0c, 0x00,
	0x14, 0x00, 0x14, 0x00, 0x24, 0x00, 0x24, 0x00, 0x44, 0x00, 0x44, 0x00, 0x84, 0x00, 0xff, 0x00,
	0x04, 0x00, 0x04, 0x00, 0x04, 0x00, 0x00, 0x00, 0x00, 0x00, 0x00, 0x00, 0x00, 0x00, 0x00, 0x00,
	0x00, 0x00, 0x1f, 0x00, 0x10, 0x00, 0x10, 0x00, 0x20, 0x00, 0x3c, 0x00, 0x22, 0x00, 0x01, 0x00,
	0x01, 0x00, 0x01, 0x00, 0x41, 0x00, 0x22, 0x00, 0x1c, 0x00, 0x00, 0x00, 0x00, 0x00, 0x00, 0x00,
	0x00, 0x00, 0x00, 0x00, 0x00, 0x00, 0x1e, 0x00, 0x21, 0x00, 0x41, 0x00, 0x40, 0x00, 0x5c, 0x00,
	0x62, 0x00, 0x41, 0x00, 0x41, 0x00, 0x41, 0x00, 0x41, 0x00, 0x22, 0x00, 0x1c, 0x00, 0x00, 0x00,
	0x00, 0x00, 0x00, 0x00, 0x00, 0x00, 0x00, 0x00, 0x00, 0x00, 0xff, 0x00, 0x01, 0x00, 0x02, 0x00,
	0x04, 0x00, 0x04, 0x00, 0x08, 0x00, 0x08, 0x00, 0x10, 0x00, 0x10, 0x00, 0x10, 0x00, 0x20, 0x00,
	0x20, 0x00, 0x00, 0x00, 0x00, 0x00, 0x00, 0x00, 0x00, 0x00, 0x00, 0x00, 0x00, 0x00, 0x1c, 0x00,
	0x22, 0x00, 0x41, 0x00, 0x41, 0x00, 0x22, 0x00, 0x1c, 0x00, 0x22, 0x00, 0x41, 0x00, 0x41, 0x00,
	0x41, 0x00, 0x22, 0x00, 0x1c, 0x00, 0x00, 0x00, 0x00, 0x00, 0x00, 0x00, 0x00, 0x00, 0x00, 0x00,
	0x00, 0x00, 0x1c, 0x00, 0x22, 0x00, 0x41, 0x00, 0x41, 0x00, 0x41, 0x00, 0x41, 0x00, 0x23, 0x00,
	0x1d, 0x00, 0x01, 0x00, 0x41, 0x00, 0x42, 0x00, 0x3c, 0x00, 0x00, 0x00, 0x00, 0x00, 0x00, 0x00,
	0x00, 0x00, 0x00, 0x00, 0x00, 0x00, 0x00, 0x20, 0x20, 0x00, 0x00, 0x00, 0x00, 0x00, 0x20, 0x20,
	0x00, 0x00, 0x00, 0x00, 0x00, 0x00, 0x00, 0x00, 0x00, 0x20, 0x20, 0x00, 0x00, 0x00, 0x00, 0x00,
	0x20, 0x20, 0x20, 0x40, 0x00, 0x00, 0x00, 0x00, 0x00, 0x00, 0x00, 0x00, 0x00, 0x00, 0x00, 0x00,
	0x01, 0x80, 0x06, 0x00, 0x18, 0x00, 0x60, 0x00, 0x80, 0x00, 0x60, 0x00, 0x18, 0x00, 0x06, 0x00,
	0x01, 0x80, 0x00, 0x00, 0x00, 0x00, 0x00, 0x00, 0x00, 0x00, 0x00, 0x00, 0x00, 0x00, 0x00, 0x00,
	0x00, 0x00, 0x00, 0x00, 0x00, 0x00, 0x00, 0x00, 0x00, 0x00, 0xff, 0x00, 0x00, 0x00, 0x00, 0x00,
	0xff, 0x00, 0x00, 0x00, 0x00, 0x00, 0x00, 0x00, 0x00, 0x00, 0x00, 0x00, 0x00, 0x00, 0x00, 0x00,
	0x00, 0x00, 0x00, 0x00, 0x00, 0x00, 0x00, 0x00, 0x60, 0x00, 0x18, 0x00, 0x06, 0x00, 0x01, 0x80,
	0x00, 0x40, 0x01, 0x80, 0x06, 0x00, 0x18, 0x00, 0x60, 0x00, 0x00, 0x00, 0x00, 0x00, 0x00, 0x00,
	0x00, 0x00, 0x00, 0x00, 0x00, 0x00, 0x1c, 0x00, 0x22, 0x00, 0x41, 0x00, 0x41, 0x00, 0x01, 0x00,
	0x02, 0x00, 0x04, 0x00, 0x08, 0x00, 0x08, 0x00, 0x00, 0x00, 0x08, 0x00, 0x08, 0x00, 0x00, 0x00,
	0x00, 0x00, 0x00, 0x00, 0x00, 0x00, 0x00, 0x00, 0x00, 0x00, 0x00, 0x00, 0x03, 0xc0, 0x00, 0x0c,
	0x30, 0x00, 0x10, 0x08, 0x00, 0x21, 0xe8, 0x00, 0x26, 0x24, 0x00, 0x44, 0x24, 0x00, 0x48, 0x44,
	0x00, 0x48, 0x44, 0x00, 0x48, 0x48, 0x00, 0x4c, 0xc8, 0x00, 0x27, 0x30, 0x00, 0x20, 0x00, 0x00,
	0x18, 0x30, 0x00, 0x07, 0xc0, 0x00, 0x00, 0x00, 0x00, 0x00, 0x00, 0x00, 0x00, 0x00, 0x00, 0x00,
	0x0c, 0x00, 0x0c, 0x00, 0x12, 0x00, 0x12, 0x00, 0x12, 0x00, 0x21, 0x00, 0x21, 0x00, 0x7f, 0x80,
	0x40, 0x80, 0x40, 0x80, 0x80, 0x40, 0x80, 0x40, 0x00, 0x00, 0x00, 0x00, 0x00, 0x00, 0x00, 0x00,
	0x00, 0x00, 0x00, 0x00, 0x7e, 0x00, 0x41, 0x00, 0x40, 0x80, 0x40, 0x80, 0x41, 0x00, 0x7f, 0x00,
	0x40, 0x80, 0x40, 0x40, 0x40, 0x40, 0x40, 0x40, 0x40, 0x80, 0x7f, 0x00, 0x00, 0x00, 0x00, 0x00,
	0x00, 0x00, 0x00, 0x00, 0x00, 0x00, 0x00, 0x00, 0x07, 0x80, 0x18, 0x40, 0x20, 0x20, 0x20, 0x00,
	0x40, 0x00, 0x40, 0x00, 0x40, 0x00, 0x40, 0x00, 0x20, 0x00, 0x20, 0x20, 0x18, 0x40, 0x07, 0x80,
	0x00, 0x00, 0x00, 0x00, 0x00, 0x00, 0x00, 0x00, 0x00, 0x00, 0x00, 0x00, 0x7e, 0x00, 0x41, 0x80,
	0x40, 0x40, 0x40, 0x40, 0x40, 0x20, 0x40, 0x20, 0x40, 0x20, 0x40, 0x20, 0x40, 0x40, 0x40, 0x40,
	0x41, 0x80, 0x7e, 0x00, 0x00, 0x00, 0x00, 0x00, 0x00, 0x00, 0x00, 0x00, 0x00, 0x00, 0x00, 0x00,
	0x7f, 0x80, 0x40, 0x00, 0x40, 0x00, 0x40, 0x00, 0x40, 0x00, 0x7f, 0x80, 0x40, 0x00, 0x40, 0x00,
	0x40, 0x00, 0x40, 0x00, 0x40, 0x00, 0x7f, 0x80, 0x00, 0x00, 0x00, 0x00, 0x00, 0x00, 0x00, 0x00,
	0x00, 0x00, 0x00, 0x00, 0x7f, 0x00, 0x40, 0x00, 0x40, 0x00, 0x40, 0x00, 0x40, 0x00, 0x7f, 0x00,
	0x40, 0x00, 0x40, 0x00, 0x40, 0x00, 0x40, 0x00, 0x40, 0x00, 0x40, 0x00, 0x00, 0x00, 0x00, 0x00,
	0x00, 0x00, 0x00, 0x00, 0x00, 0x00, 0x00, 0x00, 0x07, 0x00, 0x18, 0xc0, 0x20, 0x20, 0x20, 0x00,
	0x40, 0x00, 0x40, 0x00, 0x43, 0xe0, 0x40, 0x20, 0x20, 0x20, 0x20, 0x60, 0x18, 0xa0, 0x07, 0x20,
	0x00, 0x00, 0x00, 0x00, 0x00, 0x00, 0x00, 0x00, 0x00, 0x00, 0x00, 0x00, 0x40, 0x40, 0x40, 0x40,
	0x40, 0x40, 0x40, 0x40, 0x40, 0x40, 0x7f, 0xc0, 0x40, 0x40, 0x40, 0x40, 0x40, 0x40, 0x40, 0x40,
	0x40, 0x40, 0x40, 0x40, 0x00, 0x00, 0x00, 0x00, 0x00, 0x00, 0x00, 0x00, 0x00, 0x00, 0x40, 0x40,
	0x40, 0x40, 0x40, 0x40, 0x40, 0x40, 0x40, 0x40, 0x40, 0x40, 0x00, 0x00, 0x00, 0x00, 0x00, 0x00,
	0x04, 0x04, 0x04, 0x04, 0x04, 0x04, 0x04, 0x04, 0x84, 0x84, 0x84, 0x78, 0x00, 0x00, 0x00, 0x00,
	0x00, 0x00, 0x00, 0x00, 0x40, 0x80, 0x41, 0x00, 0x42, 0x00, 0x44, 0x00, 0x48, 0x00, 0x58, 0x00,
	0x64, 0x00, 0x44, 0x00, 0x42, 0x00, 0x41, 0x00, 0x41, 0x00, 0x40, 0x80, 0x00, 0x00, 0x00, 0x00,
	0x00, 0x00, 0x00, 0x00, 0x00, 0x00, 0x00, 0x00, 0x40, 0x00, 0x40, 0x00, 0x40, 0x00, 0x40, 0x00,
	0x40, 0x00, 0x40, 0x00, 0x40, 0x00, 0x40, 0x00, 0x40, 0x00, 0x40, 0x00, 0x40, 0x00, 0x7f, 0x00,
	0x00, 0x00, 0x00, 0x00, 0x00, 0x00, 0x00, 0x00, 0x00, 0x00, 0x00, 0x00, 0x40, 0x10, 0x60, 0x30,
	0x60, 0x30, 0x50, 0x50, 0x50, 0x50, 0x50, 0x50, 0x48, 0x90, 0x48, 0x90, 0x48, 0x90, 0x45, 0x10,
	0x45, 0x10, 0x42, 0x10, 0x00, 0x00, 0x00, 0x00, 0x00, 0x00, 0x00, 0x00, 0x00, 0x00, 0x00, 0x00,
	0x40, 0x40, 0x60, 0x40, 0x50, 0x40, 0x50, 0x40, 0x48, 0x40, 0x44, 0x40, 0x44, 0x40, 0x42, 0x40,
	0x41, 0x40, 0x41, 0x40, 0x40, 0xc0, 0x40, 0x40, 0x00, 0x00, 0x00, 0x00, 0x00, 0x00, 0x00, 0x00,
	0x00, 0x00, 0x00, 0x00, 0x07, 0x00, 0x18, 0xc0, 0x20, 0x20, 0x20, 0x20, 0x40, 0x10, 0x40, 0x10,
	0x40, 0x10, 0x40, 0x10, 0x20, 0x20, 0x20, 0x20, 0x18, 0xc0, 0x07, 0x00, 0x00, 0x00, 0x00, 0x00,
	0x00, 0x00, 0x00, 0x00, 0x00, 0x00, 0x00, 0x00, 0x3f, 0x00, 0x20, 0x80, 0x20, 0x40, 0x20, 0x40,
	0x20, 0x80, 0x3f, 0x00, 0x20, 0x00, 0x20, 0x00, 0x20, 0x00, 0x20, 0x00, 0x20, 0x00, 0x20, 0x00,
	0x00, 0x00, 0x00, 0x00, 0x00, 0x00, 0x00, 0x00, 0x00, 0x00, 0x00, 0x00, 0x07, 0x00, 0x18, 0xc0,
	0x20, 0x20, 0x20, 0x20, 0x40, 0x10, 0x40, 0x10, 0x40, 0x10, 0x40, 0x10, 0x20, 0x20, 0x21, 0x20,
	0x18, 0xc0, 0x07, 0x40, 0x00, 0x20, 0x00, 0x00, 0x00, 0x00, 0x00, 0x00, 0x00, 0x00, 0x00, 0x00,
	0x3f, 0x00, 0x20, 0x80, 0x20, 0x40, 0x20, 0x40, 0x20, 0x80, 0x3f, 0x00, 0x20, 0x80, 0x20, 0x40,
	0x20, 0x40, 0x20, 0x40, 0x20, 0x40, 0x20, 0x20, 0x00, 0x00, 0x00, 0x00, 0x00, 0x00, 0x00, 0x00,
	0x00, 0x00, 0x00, 0x00, 0x1f, 0x00, 0x20, 0x80, 0x40, 0x40, 0x40, 0x40, 0x20, 0x00, 0x18, 0x00,
	0x07, 0x00, 0x00, 0x80, 0x40, 0x40, 0x40, 0x40, 0x20, 0x80, 0x1f, 0x00, 0x00, 0x00, 0x00, 0x00,
	0x00, 0x00, 0x00, 0x00, 0x00, 0x00, 0x00, 0x00, 0xff, 0x80, 0x08, 0x00, 0x08, 0x00, 0x08, 0x00,
	0x08, 0x00, 0x08, 0x00, 0x08, 0x00, 0x08, 0x00, 0x08, 0x00, 0x08, 0x00, 0x08, 0x00, 0x08, 0x00,
	0x00, 0x00, 0x00, 0x00, 0x00, 0x00, 0x00, 0x00, 0x00, 0x00, 0x00, 0x00, 0x40, 0x40, 0x40, 0x40,
	0x40, 0x40, 0x40, 0x40, 0x40, 0x40, 0x40, 0x40, 0x40, 0x40, 0x40, 0x40, 0x40, 0x40, 0x40, 0x40,
	0x20, 0x80, 0x1f, 0x00, 0x00, 0x00, 0x00, 0x00, 0x00, 0x00, 0x00, 0x00, 0x00, 0x00, 0x00, 0x00,
	0x80, 0x40, 0x80, 0x40, 0x40, 0x80, 0x40, 0x80, 0x40, 0x80, 0x21, 0x00, 0x21, 0x00, 0x12, 0x00,
	0x12, 0x00, 0x12, 0x00, 0x0c, 0x00, 0x0c, 0x00, 0x00, 0x00, 0x00, 0x00, 0x00, 0x00, 0x00, 0x00,
	0x00, 0x00, 0x00, 0x00, 0x41, 0x04, 0x41, 0x04, 0x41, 0x04, 0x22, 0x88, 0x22, 0x88, 0x22, 0x88,
	0x14, 0x50, 0x14, 0x50, 0x14, 0x50, 0x08, 0x20, 0x08, 0x20, 0x08, 0x20, 0x00, 0x00, 0x00, 0x00,
	0x00, 0x00, 0x00, 0x00, 0x00, 0x00, 0x00, 0x00, 0x40, 0x80, 0x21, 0x00, 0x21, 0x00, 0x12, 0x00,
	0x12, 0x00, 0x0c, 0x00, 0x0c, 0x00, 0x12, 0x00, 0x12, 0x00, 0x21, 0x00, 0x21, 0x00, 0x40, 0x80,
	0x00, 0x00, 0x00, 0x00, 0x00, 0x00, 0x00, 0x00, 0x00, 0x00, 0x00, 0x00, 0x40, 0x40, 0x20, 0x80,
	0x20, 0x80, 0x11, 0x00, 0x11, 0x00, 0x0a, 0x00, 0x0e, 0x00, 0x04, 0x00, 0x04, 0x00, 0x04, 0x00,
	0x04, 0x00, 0x04, 0x00, 0x00, 0x00, 0x00, 0x00, 0x00, 0x00, 0x00, 0x00, 0x00, 0x00, 0x00, 0x00,
	0x7f, 0x80, 0x01, 0x00, 0x03, 0x00, 0x02, 0x00, 0x04, 0x00, 0x0c, 0x00, 0x08, 0x00, 0x10, 0x00,
	0x30, 0x00, 0x20, 0x00, 0x40, 0x00, 0xff, 0x80, 0x00, 0x00, 0x00, 0x00, 0x00, 0x00, 0x00, 0x00,
	0x00, 0x00, 0x70, 0x40, 0x40, 0x40, 0x40, 0x40, 0x40, 0x40, 0x40, 0x40, 0x40, 0x40, 0x40, 0x40,
	0x70, 0x00, 0x00, 0x00, 0x80, 0x80, 0x40, 0x40, 0x40, 0x40, 0x20, 0x20, 0x20, 0x10, 0x10, 0x10,
	0x00, 0x00, 0x00, 0x00, 0x00, 0x00, 0xe0, 0x20, 0x20, 0x20, 0x20, 0x20, 0x20, 0x20, 0x20, 0x20,
	0x20, 0x20, 0x20, 0x20, 0xe0, 0x00, 0x00, 0x00, 0x10, 0x28, 0x28, 0x44, 0x44, 0x82, 0x82, 0x00,
	0x00, 0x00, 0x00, 0x00, 0x00, 0x00, 0x00, 0x00, 0x00, 0x00, 0x00, 0x00, 0x00, 0x00, 0x00, 0x00,
	0x00, 0x00, 0x00, 0x00, 0x00, 0x00, 0x00, 0x00, 0x00, 0x00, 0x00, 0x00, 0x00, 0x00, 0x00, 0x00,
	0x00, 0x00, 0x00, 0x00, 0x00, 0x00, 0x00, 0x00, 0xff, 0x80, 0x00, 0x00, 0x00, 0x80, 0xc0, 0x20,
	0x00, 0x00, 0x00, 0x00, 0x00, 0x00, 0x00, 0x00, 0x00, 0x00, 0x00, 0x00, 0x00, 0x00, 0x00, 0x00,
	0x00, 0x00, 0x00, 0x00, 0x00, 0x00, 0x00, 0x00, 0x3e, 0x00, 0x41, 0x00, 0x01, 0x00, 0x03, 0x00,
	0x3d, 0x00, 0x41, 0x00, 0x41, 0x00, 0x43, 0x00, 0x3d, 0x80, 0x00, 0x00, 0x00, 0x00, 0x00, 0x00,
	0x00, 0x00, 0x00, 0x00, 0x00, 0x00, 0x40, 0x00, 0x40, 0x00, 0x40, 0x00, 0x5c, 0x00, 0x62, 0x00,
	0x41, 0x00, 0x41, 0x00, 0x41, 0x00, 0x41, 0x00, 0x41, 0x00, 0x62, 0x00, 0x5c, 0x00, 0x00, 0x00,
	0x00, 0x00, 0x00, 0x00, 0x00, 0x00, 0x00, 0x00, 0x00, 0x00, 0x00, 0x1c, 0x22, 0x41, 0x40, 0x40,
	0x40, 0x41, 0x22, 0x1c, 0x00, 0x00, 0x00, 0x00, 0x00, 0x00, 0x00, 0x00, 0x01, 0x00, 0x01, 0x00,
	0x01, 0x00, 0x1d, 0x00, 0x23, 0x00, 0x41, 0x00, 0x41, 0x00, 0x41, 0x00, 0x41, 0x00, 0x41, 0x00,
	0x23, 0x00, 0x1d, 0x00, 0x00, 0x00, 0x00, 0x00, 0x00, 0x00, 0x00, 0x00, 0x00, 0x00, 0x00, 0x00,
	0x00, 0x00, 0x00, 0x00, 0x00, 0x00, 0x1c, 0x00, 0x22, 0x00, 0x41, 0x00, 0x41, 0x00, 0x7f, 0x00,
	0x40, 0x00, 0x41, 0x00, 0x22, 0x00, 0x1c, 0x00, 0x00, 0x00, 0x00, 0x00, 0x00, 0x00, 0x00, 0x00,
	0x00, 0x00, 0x18, 0x20, 0x20, 0x78, 0x20, 0x20, 0x20, 0x20, 0x20, 0x20, 0x20, 0x20, 0x00, 0x00,
	0x00, 0x00, 0x00, 0x00, 0x00, 0x00, 0x00, 0x00, 0x00, 0x00, 0x00, 0x00, 0x1d, 0x00, 0x23, 0x00,
	0x41, 0x00, 0x41, 0x00, 0x41, 0x00, 0x41, 0x00, 0x41, 0x00, 0x23, 0x00, 0x1d, 0x00, 0x01, 0x00,
	0x41, 0x00, 0x42, 0x00, 0x3c, 0x00, 0x00, 0x00, 0x00, 0x00, 0x40, 0x00, 0x40, 0x00, 0x40, 0x00,
	0x5e, 0x00, 0x61, 0x00, 0x41, 0x00, 0x41, 0x00, 0x41, 0x00, 0x41, 0x00, 0x41, 0x00, 0x41, 0x00,
	0x41, 0x00, 0x00, 0x00, 0x00, 0x00, 0x00, 0x00, 0x00, 0x00, 0x00, 0x00, 0x40, 0x40, 0x00, 0x40,
	0x40, 0x40, 0x40, 0x40, 0x40, 0x40, 0x40, 0x40, 0x00, 0x00, 0x00, 0x00, 0x00, 0x00, 0x40, 0x40,
	0x00, 0x40, 0x40, 0x40, 0x40, 0x40, 0x40, 0x40, 0x40, 0x40, 0x40, 0x40, 0x40, 0x80, 0x00, 0x00,
	0x80, 0x80, 0x80, 0x84, 0x88, 0x90, 0xa0, 0xe0, 0x90, 0x88, 0x84, 0x82, 0x00, 0x00, 0x00, 0x00,
	0x00, 0x00, 0x40, 0x40, 0x40, 0x40, 0x40, 0x40, 0x40, 0x40, 0x40, 0x40, 0x40, 0x40, 0x00, 0x00,
	0x00, 0x00, 0x00, 0x00, 0x00, 0x00, 0x00, 0x00, 0x00, 0x00, 0x00, 0x00, 0x2e, 0x70, 0x31, 0x88,
	0x21, 0x08, 0x21, 0x08, 0x21, 0x08, 0x21, 0x08, 0x21, 0x08, 0x21, 0x08, 0x21, 0x08, 0x00, 0x00,
	0x00, 0x00, 0x00, 0x00, 0x00, 0x00, 0x00, 0x00, 0x00, 0x00, 0x00, 0x00, 0x00, 0x00, 0x00, 0x00,
	0x5e, 0x00, 0x61, 0x00, 0x41, 0x00, 0x41, 0x00, 0x41, 0x00, 0x41, 0x00, 0x41, 0x00, 0x41, 0x00,
	0x41, 0x00, 0x00, 0x00, 0x00, 0x00, 0x00, 0x00, 0x00, 0x00, 0x00, 0x00, 0x00, 0x00, 0x00, 0x00,
	0x00, 0x00, 0x00, 0x00, 0x1c, 0x00, 0x22, 0x00, 0x41, 0x00, 0x41, 0x00, 0x41, 0x00, 0x41, 0x00,
	0x41, 0x00, 0x22, 0x00, 0x1c, 0x00, 0x00, 0x00, 0x00, 0x00, 0x00, 0x00, 0x00, 0x00, 0x00, 0x00,
	0x00, 0x00, 0x00, 0x00, 0x00, 0x00, 0x00, 0x00, 0x5c, 0x00, 0x62, 0x00, 0x41, 0x00, 0x41, 0x00,
	0x41, 0x00, 0x41, 0x00, 0x41, 0x00, 0x62, 0x00, 0x5c, 0x00, 0x40, 0x00, 0x40, 0x00, 0x40, 0x00,
	0x40, 0x00, 0x00, 0x00, 0x00, 0x00, 0x00, 0x00, 0x00, 0x00, 0x00, 0x00, 0x1d, 0x00, 0x23, 0x00,
	0x41, 0x00, 0x41, 0x00, 0x41, 0x00, 0x41, 0x00, 0x41, 0x00, 0x23, 0x00, 0x1d, 0x00, 0x01, 0x00,
	0x01, 0x00, 0x01, 0x00, 0x01, 0x00, 0x00, 0x00, 0x00, 0x00, 0x00, 0x58, 0x60, 0x40, 0x40, 0x40,
	0x40, 0x40, 0x40, 0x40, 0x00, 0x00, 0x00, 0x00, 0x00, 0x00, 0x00, 0x00, 0x00, 0x3c, 0x42, 0x42,
	0x60, 0x18, 0x06, 0x42, 0x42, 0x3c, 0x00, 0x00, 0x00, 0x00, 0x00, 0x00, 0x00, 0x20, 0x20, 0x78,
	0x20, 0x20, 0x20, 0x20, 0x20, 0x20, 0x20, 0x18, 0x00, 0x00, 0x00, 0x00, 0x00, 0x00, 0x00, 0x00,
	0x00, 0x00, 0x00, 0x00, 0x00, 0x00, 0x41, 0x00, 0x41, 0x00, 0x41, 0x00, 0x41, 0x00, 0x41, 0x00,
	0x41, 0x00, 0x41, 0x00, 0x43, 0x00, 0x3d, 0x00, 0x00, 0x00, 0x00, 0x00, 0x00, 0x00, 0x00, 0x00,
	0x00, 0x00, 0x00, 0x00, 0x00, 0x82, 0x82, 0x44, 0x44, 0x44, 0x28, 0x28, 0x38, 0x10, 0x00, 0x00,
	0x00, 0x00, 0x00, 0x00, 0x00, 0x00, 0x00, 0x00, 0x00, 0x00, 0x00, 0x00, 0x84, 0x20, 0x84, 0x20,
	0x44, 0x40, 0x4e, 0x40, 0x4a, 0x40, 0x2a, 0x80, 0x2a, 0x80, 0x11, 0x00, 0x11, 0x00, 0x00, 0x00,
	0x00, 0x00, 0x00, 0x00, 0x00, 0x00, 0x00, 0x00, 0x00, 0x00, 0x00, 0x82, 0x44, 0x44, 0x28, 0x10,
	0x28, 0x44, 0x44, 0x82, 0x00, 0x00, 0x00, 0x00, 0x00, 0x00, 0x00, 0x00, 0x00, 0x82, 0x82, 0x44,
	0x44, 0x28, 0x28, 0x38, 0x10, 0x10, 0x20, 0x20, 0xc0, 0x00, 0x00, 0x00, 0x00, 0x00, 0x00, 0x7e,
	0x02, 0x04, 0x08, 0x10, 0x10, 0x20, 0x40, 0x7e, 0x00, 0x00, 0x00, 0x00, 0x00, 0x00, 0x10, 0x20,
	0x20, 0x20, 0x20, 0x20, 0x20, 0x40, 0x20, 0x20, 0x20, 0x20, 0x20, 0x20, 0x20, 0x10, 0x00, 0x00,
	0x40, 0x40, 0x40, 0x40, 0x40, 0x40, 0x40, 0x40, 0x40, 0x40, 0x40, 0x40, 0x40, 0x40, 0x40, 0x40,
	0x00, 0x00, 0x40, 0x20, 0x20, 0x20, 0x20, 0x20, 0x20, 0x10, 0x20, 0x20, 0x20, 0x20, 0x20, 0x20,
	0x20, 0x40, 0x00, 0x00, 0x00, 0x00, 0x00, 0x00, 0x00, 0x00, 0x00, 0x00, 0x00, 0x00, 0x00, 0x00,
	0x00, 0x00, 0x38, 0x80, 0x47, 0x00, 0x00, 0x00, 0x00, 0x00, 0x00, 0x00, 0x00, 0x00, 0x00, 0x00,
	0x00, 0x00, 0x00, 0x00, 0x00, 0x00, 0x00, 0x00, 0x00, 0x00, 0x1c, 0x00, 0x22, 0x00, 0x41, 0x00,
	0x41, 0x00, 0x01, 0x00, 0x02, 0x00, 0x04, 0x00, 0x08, 0x00, 0x08, 0x00, 0x00, 0x00, 0x08, 0x00,
	0x08, 0x00, 0x00, 0x00, 0x00, 0x00, 0x00, 0x00, 0x00, 0x00, 0x00, 0x00, 0x00, 0x00, 0x1c, 0x00,
	0x22, 0x00, 0x41, 0x00, 0x41, 0x00, 0x01, 0x00, 0x02, 0x00, 0x04, 0x00, 0x08, 0x00, 0x08, 0x00,
	0x00, 0x00, 0x08, 0x00, 0x08, 0x00, 0x00, 0x00, 0x00, 0x00, 0x00, 0x00, 0x00, 0x00, 0x00, 0x00,
	0x00, 0x00, 0x1c, 0x00, 0x22, 0x00, 0x41, 0x00, 0x41, 0x00, 0x01, 0x00, 0x02, 0x00, 0x04, 0x00,
	0x08, 0x00, 0x08, 0x00, 0x00, 0x00, 0x08, 0x00, 0x08, 0x00, 0x00, 0x00, 0x00, 0x00, 0x00, 0x00,
	0x00, 0x00, 0x00, 0x00, 0x00, 0x00, 0x1c, 0x00, 0x22, 0x00, 0x41, 0x00, 0x41, 0x00, 0x01, 0x00,
	0x02, 0x00, 0x04, 0x00, 0x08, 0x00, 0x08, 0x00, 0x00, 0x00, 0x08, 0x00, 0x08, 0x00, 0x00, 0x00,
	0x00, 0x00, 0x00, 0x00, 0x00, 0x00, 0x00, 0x00, 0x00, 0x00, 0x1c, 0x00, 0x22, 0x00, 0x41, 0x00,
	0x41, 0x00, 0x01, 0x00, 0x02, 0x00, 0x04, 0x00, 0x08, 0x00, 0x08, 0x00, 0x00, 0x00, 0x08, 0x00,
	0x08, 0x00, 0x00, 0x00, 0x00, 0x00, 0x00, 0x00, 0x00, 0x00, 0x00, 0x00, 0x00, 0x00, 0x1c, 0x00,
	0x22, 0x00, 0x41, 0x00, 0x41, 0x00, 0x01, 0x00, 0x02, 0x00, 0x04, 0x00, 0x08, 0x00, 0x08, 0x00,
	0x00, 0x00, 0x08, 0x00, 0x08, 0x00, 0x00, 0x00, 0x00, 0x00, 0x00, 0x00, 0x00, 0x00, 0x00, 0x00,
	0x00, 0x00, 0x1c, 0x00, 0x22, 0x00, 0x41, 0x00, 0x41, 0x00, 0x01, 0x00, 0x02, 0x00, 0x04, 0x00,
	0x08, 0x00, 0x08, 0x00, 0x00, 0x00, 0x08, 0x00, 0x08, 0x00, 0x00, 0x00, 0x00, 0x00, 0x00, 0x00,
	0x00, 0x00, 0x00, 0x00, 0x00, 0x00, 0x1c, 0x00, 0x22, 0x00, 0x41, 0x00, 0x41, 0x00, 0x01, 0x00,
	0x02, 0x00, 0x04, 0x00, 0x08, 0x00, 0x08, 0x00, 0x00, 0x00, 0x08, 0x00, 0x08, 0x00, 0x00, 0x00,
	0x00, 0x00, 0x00, 0x00, 0x00, 0x00, 0x00, 0x00, 0x00, 0x00, 0x1c, 0x00, 0x22, 0x00, 0x41, 0x00,
	0x41, 0x00, 0x01, 0x00, 0x02, 0x00, 0x04, 0x00, 0x08, 0x00, 0x08, 0x00, 0x00, 0x00, 0x08, 0x00,
	0x08, 0x00, 0x00, 0x00, 0x00, 0x00, 0x00, 0x00, 0x00, 0x00, 0x00, 0x00, 0x00, 0x00, 0x1c, 0x00,
	0x22, 0x00, 0x41, 0x00, 0x41, 0x00, 0x01, 0x00, 0x02, 0x00, 0x04, 0x00, 0x08, 0x00, 0x08, 0x00,
	0x00, 0x00, 0x08, 0x00, 0x08, 0x00, 0x00, 0x00, 0x00, 0x00, 0x00, 0x00, 0x00, 0x00, 0x00, 0x00,
	0x00, 0x00, 0x1c, 0x00, 0x22, 0x00, 0x41, 0x00, 0x41, 0x00, 0x01, 0x00, 0x02, 0x00, 0x04, 0x00,
	0x08, 0x00, 0x08, 0x00, 0x00, 0x00, 0x08, 0x00, 0x08, 0x00, 0x00, 0x00, 0x00, 0x00, 0x00, 0x00,
	0x00, 0x00, 0x00, 0x00, 0x00, 0x00, 0x1c, 0x00, 0x22, 0x00, 0x41, 0x00, 0x41, 0x00, 0x01, 0x00,
	0x02, 0x00, 0x04, 0x00, 0x08, 0x00, 0x08, 0x00, 0x00, 0x00, 0x08, 0x00, 0x08, 0x00, 0x00, 0x00,
	0x00, 0x00, 0x00, 0x00, 0x00, 0x00, 0x00, 0x00, 0x00, 0x00, 0x1c, 0x00, 0x22, 0x00, 0x41, 0x00,
	0x41, 0x00, 0x01, 0x00, 0x02, 0x00, 0x04, 0x00, 0x08, 0x00, 0x08, 0x00, 0x00, 0x00, 0x08, 0x00,
	0x08, 0x00, 0x00, 0x00, 0x00, 0x00, 0x00, 0x00, 0x00, 0x00, 0x00, 0x00, 0x00, 0x00, 0x1c, 0x00,
	0x22, 0x00, 0x41, 0x00, 0x41, 0x00, 0x01, 0x00, 0x02, 0x00, 0x04, 0x00, 0x08, 0x00, 0x08, 0x00,
	0x00, 0x00, 0x08, 0x00, 0x08, 0x00, 0x00, 0x00, 0x00, 0x00, 0x00, 0x00, 0x00, 0x00, 0x00, 0x00,
	0x00, 0x00, 0x1c, 0x00, 0x22, 0x00, 0x41, 0x00, 0x41, 0x00, 0x01, 0x00, 0x02, 0x00, 0x04, 0x00,
	0x08, 0x00, 0x08, 0x00, 0x00, 0x00, 0x08, 0x00, 0x08, 0x00, 0x00, 0x00, 0x00, 0x00, 0x00, 0x00,
	0x00, 0x00, 0x00, 0x00, 0x00, 0x00, 0x1c, 0x00, 0x22, 0x00, 0x41, 0x00, 0x41, 0x00, 0x01, 0x00,
	0x02, 0x00, 0x04, 0x00, 0x08, 0x00, 0x08, 0x00, 0x00, 0x00, 0x08, 0x00, 0x08, 0x00, 0x00, 0x00,
	0x00, 0x00, 0x00, 0x00, 0x00, 0x00, 0x00, 0x00, 0x00, 0x00, 0x1c, 0x00, 0x22, 0x00, 0x41, 0x00,
	0x41, 0x00, 0x01, 0x00, 0x02, 0x00, 0x04, 0x00, 0x08, 0x00, 0x08, 0x00, 0x00, 0x00, 0x08, 0x00,
	0x08, 0x00, 0x00, 0x00, 0x00, 0x00, 0x00, 0x00, 0x00, 0x00, 0x00, 0x00, 0x00, 0x00, 0x1c, 0x00,
	0x22, 0x00, 0x41, 0x00, 0x41, 0x00, 0x01, 0x00, 0x02, 0x00, 0x04, 0x00, 0x08, 0x00, 0x08, 0x00,
	0x00, 0x00, 0x08, 0x00, 0x08, 0x00, 0x00, 0x00, 0x00, 0x00, 0x00, 0x00, 0x00, 0x00, 0x00, 0x00,
	0x00, 0x00, 0x1c, 0x00, 0x22, 0x00, 0x41, 0x00, 0x41, 0x00, 0x01, 0x00, 0x02, 0x00, 0x04, 0x00,
	0x08, 0x00, 0x08, 0x00, 0x00, 0x00, 0x08, 0x00, 0x08, 0x00, 0x00, 0x00, 0x00, 0x00, 0x00, 0x00,
	0x00, 0x00, 0x00, 0x00, 0x00, 0x00, 0x1c, 0x00, 0x22, 0x00, 0x41, 0x00, 0x41, 0x00, 0x01, 0x00,
	0x02, 0x00, 0x04, 0x00, 0x08, 0x00, 0x08, 0x00, 0x00, 0x00, 0x08, 0x00, 0x08, 0x00, 0x00, 0x00,
	0x00, 0x00, 0x00, 0x00, 0x00, 0x00, 0x00, 0x00, 0x00, 0x00, 0x1c, 0x00, 0x22, 0x00, 0x41, 0x00,
	0x41, 0x00, 0x01, 0x00, 0x02, 0x00, 0x04, 0x00, 0x08, 0x00, 0x08, 0x00, 0x00, 0x00, 0x08, 0x00,
	0x08, 0x00, 0x00, 0x00, 0x00, 0x00, 0x00, 0x00, 0x00, 0x00, 0x00, 0x00, 0x00, 0x00, 0x1c, 0x00,
	0x22, 0x00, 0x41, 0x00, 0x41, 0x00, 0x01, 0x00, 0x02, 0x00, 0x04, 0x00, 0x08, 0x00, 0x08, 0x00,
	0x00, 0x00, 0x08, 0x00, 0x08, 0x00, 0x00, 0x00, 0x00, 0x00, 0x00, 0x00, 0x00, 0x00, 0x00, 0x00,
	0x00, 0x00, 0x1c, 0x00, 0x22, 0x00, 0x41, 0x00, 0x41, 0x00, 0x01, 0x00, 0x02, 0x00, 0x04, 0x00,
	0x08, 0x00, 0x08, 0x00, 0x00, 0x00, 0x08, 0x00, 0x08, 0x00, 0x00, 0x00, 0x00, 0x00, 0x00, 0x00,
	0x00, 0x00, 0x00, 0x00, 0x00, 0x00, 0x1c, 0x00, 0x22, 0x00, 0x41, 0x00, 0x41, 0x00, 0x01, 0x00,
	0x02, 0x00, 0x04, 0x00, 0x08, 0x00, 0x08, 0x00, 0x00, 0x00, 0x08, 0x00, 0x08, 0x00, 0x00, 0x00,
	0x00, 0x00, 0x00, 0x00, 0x00, 0x00, 0x00, 0x00, 0x00, 0x00, 0x1c, 0x00, 0x22, 0x00, 0x41, 0x00,
	0x41, 0x00, 0x01, 0x00, 0x02, 0x00, 0x04, 0x00, 0x08, 0x00, 0x08, 0x00, 0x00, 0x00, 0x08, 0x00,
	0x08, 0x00, 0x00, 0x00, 0x00, 0x00, 0x00, 0x00, 0x00, 0x00, 0x00, 0x00, 0x00, 0x00, 0x1c, 0x00,
	0x22, 0x00, 0x41, 0x00, 0x41, 0x00, 0x01, 0x00, 0x02, 0x00, 0x04, 0x00, 0x08, 0x00, 0x08, 0x00,
	0x00, 0x00, 0x08, 0x00, 0x08, 0x00, 0x00, 0x00, 0x00, 0x00, 0x00, 0x00, 0x00, 0x00, 0x00, 0x00,
	0x00, 0x00, 0x1c, 0x00, 0x22, 0x00, 0x41, 0x00, 0x41, 0x00, 0x01, 0x00, 0x02, 0x00, 0x04, 0x00,
	0x08, 0x00, 0x08, 0x00, 0x00, 0x00, 0x08, 0x00, 0x08, 0x00, 0x00, 0x00, 0x00, 0x00, 0x00, 0x00,
	0x00, 0x00, 0x00, 0x00, 0x00, 0x00, 0x1c, 0x00, 0x22, 0x00, 0x41, 0x00, 0x41, 0x00, 0x01, 0x00,
	0x02, 0x00, 0x04, 0x00, 0x08, 0x00, 0x08, 0x00, 0x00, 0x00, 0x08, 0x00, 0x08, 0x00, 0x00, 0x00,
	0x00, 0x00, 0x00, 0x00, 0x00, 0x00, 0x00, 0x00, 0x00, 0x00, 0x1c, 0x00, 0x22, 0x00, 0x41, 0x00,
	0x41, 0x00, 0x01, 0x00, 0x02, 0x00, 0x04, 0x00, 0x08, 0x00, 0x08, 0x00, 0x00, 0x00, 0x08, 0x00,
	0x08, 0x00, 0x00, 0x00, 0x00, 0x00, 0x00, 0x00, 0x00, 0x00, 0x00, 0x00, 0x00, 0x00, 0x1c, 0x00,
	0x22, 0x00, 0x41, 0x00, 0x41, 0x00, 0x01, 0x00, 0x02, 0x00, 0x04, 0x00, 0x08, 0x00, 0x08, 0x00,
	0x00, 0x00, 0x08, 0x00, 0x08, 0x00, 0x00, 0x00, 0x00, 0x00, 0x00, 0x00, 0x00, 0x00, 0x00, 0x00,
	0x00, 0x00, 0x1c, 0x00, 0x22, 0x00, 0x41, 0x00, 0x41, 0x00, 0x01, 0x00, 0x02, 0x00, 0x04, 0x00,
	0x08, 0x00, 0x08, 0x00, 0x00, 0x00, 0x08, 0x00, 0x08, 0x00, 0x00, 0x00, 0x00, 0x00, 0x00, 0x00,
	0x00, 0x00, 0x00, 0x00, 0x00, 0x00, 0x1c, 0x00, 0x22, 0x00, 0x41, 0x00, 0x41, 0x00, 0x01, 0x00,
	0x02, 0x00, 0x04, 0x00, 0x08, 0x00, 0x08, 0x00, 0x00, 0x00, 0x08, 0x00, 0x08, 0x00, 0x00, 0x00,
	0x00, 0x00, 0x00, 0x00, 0x00, 0x00, 0x00, 0x00, 0x00, 0x00, 0x1c, 0x00, 0x22, 0x00, 0x41, 0x00,
	0x41, 0x00, 0x01, 0x00, 0x02, 0x00, 0x04, 0x00, 0x08, 0x00, 0x08, 0x00, 0x00, 0x00, 0x08, 0x00,
	0x08, 0x00, 0x00, 0x00, 0x00, 0x00, 0x00, 0x00, 0x00, 0x00, 0x00, 0x00, 0x00, 0x00, 0x00, 0x00,
	0x00, 0x00, 0x00, 0x00, 0x00, 0x00, 0x00, 0x00, 0x00, 0x00, 0x00, 0x00, 0x00, 0x00, 0x00, 0x00,
	0x00, 0x20, 0x20, 0x00, 0x20, 0x20, 0x20, 0x20, 0x20, 0x20, 0x20, 0x20, 0x20, 0x00, 0x00, 0x00,
	0x00, 0x00, 0x00, 0x00, 0x02, 0x00, 0x02, 0x00, 0x1c, 0x00, 0x26, 0x00, 0x45, 0x00, 0x48, 0x00,
	0x48, 0x00, 0x48, 0x00, 0x51, 0x00, 0x32, 0x00, 0x1c, 0x00, 0x20, 0x00, 0x20, 0x00, 0x00, 0x00,
	0x00, 0x00, 0x00, 0x00, 0x00, 0x00, 0x0e, 0x00, 0x11, 0x00, 0x21, 0x00, 0x20, 0x00, 0x20, 0x00,
	0x10, 0x00, 0x7e, 0x00, 0x08, 0x00, 0x10, 0x00, 0x20, 0x00, 0x79, 0x00, 0x86, 0x00, 0x00, 0x00,
	0x00, 0x00, 0x00, 0x00, 0x00, 0x00, 0x00, 0x00, 0x00, 0x00, 0x00, 0x00, 0x00, 0x00, 0xbd, 0x00,
	0x66, 0x00, 0x42, 0x00, 0x42, 0x00, 0x42, 0x00, 0x66, 0x00, 0xbd, 0x00, 0x00, 0x00, 0x00, 0x00,
	0x00, 0x00, 0x00, 0x00, 0x00, 0x00, 0x00, 0x00, 0x00, 0x00, 0x00, 0x00, 0x00, 0x00, 0x80, 0x80,
	0x41, 0x00, 0x41, 0x00, 0x22, 0x00, 0x22, 0x00, 0x14, 0x00, 0x7f, 0x00, 0x08, 0x00, 0x7f, 0x00,
	0x08, 0x00, 0x08, 0x00, 0x08, 0x00, 0x00, 0x00, 0x00, 0x00, 0x00, 0x00, 0x00, 0x00, 0x00, 0x00,
	0x40, 0x40, 0x40, 0x40, 0x40, 0x40, 0x00, 0x00, 0x00, 0x00, 0x40, 0x40, 0x40, 0x40, 0x40, 0x40,
	0x00, 0x00, 0x00, 0x00, 0x1c, 0x00, 0x22, 0x00, 0x23, 0x00, 0x30, 0x00, 0x4c, 0x00, 0x46, 0x00,
	0x43, 0x00, 0x61, 0x00, 0x31, 0x00, 0x19, 0x00, 0x0e, 0x00, 0x02, 0x00, 0x62, 0x00, 0x22, 0x00,
	0x1c, 0x00, 0x00, 0x00, 0x00, 0x00, 0x50, 0x50, 0x00, 0x00, 0x00, 0x00, 0x00, 0x00, 0x00, 0x00,
	0x00, 0x00, 0x00, 0x00, 0x00, 0x00, 0x00, 0x00, 0x00, 0x00, 0x0f, 0x00, 0x30, 0xc0, 0x47, 0x20,
	0x48, 0xa0, 0x90, 0x10, 0x90, 0x10, 0x90, 0x10, 0x90, 0x10, 0x48, 0xa0, 0x47, 0x20, 0x30, 0xc0,
	0x0f, 0x00, 0x00, 0x00, 0x00, 0x00, 0x00, 0x00, 0x00, 0x00, 0x00, 0x00, 0x30, 0x48, 0x38, 0x48,
	0x3c, 0x00, 0x7c, 0x00, 0x00, 0x00, 0x00, 0x00, 0x00, 0x00, 0x00, 0x00, 0x00, 0x00, 0x00, 0x00,
	0x00, 0x00, 0x00, 0x00, 0x00, 0x00, 0x00, 0x00, 0x12, 0x00, 0x24, 0x00, 0x48, 0x00, 0x48, 0x00,
	0x24, 0x00, 0x12, 0x00, 0x00, 0x00, 0x00, 0x00, 0x00, 0x00, 0x00, 0x00, 0x00, 0x00, 0x00, 0x00,
	0x00, 0x00, 0x00, 0x00, 0x00, 0x00, 0x00, 0x00, 0x00, 0x00, 0x00, 0x00, 0x00, 0x00, 0x00, 0x00,
	0xff, 0x00, 0x01, 0x00, 0x01, 0x00, 0x01, 0x00, 0x01, 0x00, 0x00, 0x00, 0x00, 0x00, 0x00, 0x00,
	0x00, 0x00, 0x00, 0x00, 0x00, 0x00, 0x00, 0x00, 0x00, 0x00, 0x00, 0x00, 0x00, 0xf0, 0x00, 0x00,
	0x00, 0x00, 0x00, 0x00, 0x00, 0x00, 0x00, 0x00, 0x00, 0x00, 0x0f, 0x00, 0x30, 0xc0, 0x40, 0x20,
	0x4f, 0x20, 0x88, 0x90, 0x88, 0x90, 0x8f, 0x10, 0x8a, 0x10, 0x49, 0x20, 0x48, 0xa0, 0x30, 0xc0,
	0x0f, 0x00, 0x00, 0x00, 0x00, 0x00, 0x00, 0x00, 0x00, 0x00, 0x00, 0x00, 0x00, 0xf8, 0x00, 0x00,
	0x00, 0x00, 0x00, 0x00, 0x00, 0x00, 0x00, 0x00, 0x00, 0x00, 0x00, 0x00, 0x00, 0x00, 0x38, 0x44,
	0x44, 0x44, 0x38, 0x00, 0x00, 0x00, 0x00, 0x00, 0x00, 0x00, 0x00, 0x00, 0x00, 0x00, 0x00, 0x00,
	0x00, 0x00, 0x00, 0x00, 0x08, 0x00, 0x08, 0x00, 0x08, 0x00, 0x08, 0x00, 0xff, 0x80, 0x08, 0x00,
	0x08, 0x00, 0x08, 0x00, 0x08, 0x00, 0x00, 0x00, 0xff, 0x80, 0x00, 0x00, 0x00, 0x00, 0x00, 0x00,
	0x00, 0x00, 0x00, 0x00, 0x70, 0x88, 0x88, 0x10, 0x60, 0x80, 0xf8, 0x00, 0x00, 0x00, 0x00, 0x00,
	0x00, 0x00, 0x00, 0x00, 0x00, 0x00, 0x70, 0x88, 0x08, 0x30, 0x08, 0x88, 0x70, 0x00, 0x00, 0x00,
	0x00, 0x00, 0x00, 0x00, 0x00, 0x00, 0x00, 0x10, 0x30, 0x40, 0x00, 0x00, 0x00, 0x00, 0x00, 0x00,
	0x00, 0x00, 0x00, 0x00, 0x00, 0x00, 0x00, 0x00, 0x00, 0x00, 0x00, 0x00, 0x00, 0x00, 0x00, 0x00,
	0x00, 0x00, 0x41, 0x00, 0x41, 0x00, 0x41, 0x00, 0x41, 0x00, 0x41, 0x00, 0x41, 0x00, 0x41, 0x00,
	0x43, 0x00, 0x7d, 0x00, 0x40, 0x00, 0x40, 0x00, 0x40, 0x00, 0x40, 0x00, 0x00, 0x00, 0x00, 0x00,
	0x1f, 0x00, 0x3a, 0x00, 0x7a, 0x00, 0x7a, 0x00, 0x7a, 0x00, 0x7a, 0x00, 0x3a, 0x00, 0x1a, 0x00,
	0x0a, 0x00, 0x0a, 0x00, 0x0a, 0x00, 0x0a, 0x00, 0x0a, 0x00, 0x0a, 0x00, 0x0a, 0x00, 0x00, 0x00,
	0x00, 0x00, 0x00, 0x00, 0x00, 0x00, 0x00, 0x00, 0x20, 0x20, 0x00, 0x00, 0x00, 0x00, 0x00, 0x00,
	0x00, 0x00, 0x00, 0x00, 0x00, 0x00, 0x00, 0x00, 0x00, 0x00, 0x00, 0x00, 0x00, 0x00, 0x00, 0x00,
	0x20, 0x20, 0x90, 0x60, 0x00, 0x00, 0x20, 0xe0, 0x20, 0x20, 0x20, 0x20, 0x20, 0x00, 0x00, 0x00,
	0x00, 0x00, 0x00, 0x00, 0x00, 0x00, 0x00, 0x00, 0x30, 0x48, 0x48, 0x48, 0x30, 0x00, 0x78, 0x00,
	0x00, 0x00, 0x00, 0x00, 0x00, 0x00, 0x00, 0x00, 0x00, 0x00, 0x00, 0x00, 0x00, 0x00, 0x00, 0x00,
	0x00, 0x00, 0x00, 0x00, 0x48, 0x00, 0x24, 0x00, 0x12, 0x00, 0x12, 0x00, 0x24, 0x00, 0x48, 0x00,
	0x00, 0x00, 0x00, 0x00, 0x00, 0x00, 0x00, 0x00, 0x00, 0x00, 0x00, 0x00, 0x00, 0x00, 0x00, 0x00,
	0x20, 0x40, 0xe0, 0x80, 0x20, 0x80, 0x21, 0x00, 0x22, 0x00, 0x22, 0x20, 0x24, 0x60, 0x04, 0xa0,
	0x09, 0x20, 0x11, 0xf0, 0x10, 0x20, 0x20, 0x20, 0x00, 0x00, 0x00, 0x00, 0x00, 0x00, 0x00, 0x00,
	0x00, 0x00, 0x00, 0x40, 0x20, 0x80, 0xe0, 0x80, 0x21, 0x00, 0x22, 0x00, 0x22, 0x00, 0x24, 0xe0,
	0x25, 0x10, 0x09, 0x10, 0x08, 0x20, 0x10, 0xc0, 0x21, 0x00, 0x21, 0xf0, 0x00, 0x00, 0x00, 0x00,
	0x00, 0x00, 0x00, 0x00, 0x00, 0x00, 0x00, 0x00, 0x70, 0x40, 0x88, 0x40, 0x08, 0x80, 0x30, 0x80,
	0x09, 0x00, 0x89, 0x10, 0x72, 0x30, 0x02, 0x50, 0x04, 0x90, 0x04, 0xf8, 0x08, 0x10, 0x08, 0x10,
	0x00, 0x00, 0x00, 0x00, 0x00, 0x00, 0x00, 0x00, 0x00, 0x00, 0x00, 0x00, 0x00, 0x00, 0x00, 0x00,
	0x00, 0x00, 0x08, 0x00, 0x08, 0x00, 0x00, 0x00, 0x08, 0x00, 0x08, 0x00, 0x10, 0x00, 0x20, 0x00,
	0x40, 0x00, 0x41, 0x00, 0x41, 0x00, 0x22, 0x00, 0x1c, 0x00, 0x00, 0x00, 0x04, 0x00, 0x00, 0x00,
	0x0c, 0x00, 0x0c, 0x00, 0x12, 0x00, 0x12, 0x00, 0x12, 0x00, 0x21, 0x00, 0x21, 0x00, 0x7f, 0x80,
	0x40, 0x80, 0x40, 0x80, 0x80, 0x40, 0x80, 0x40, 0x00, 0x00, 0x00, 0x00, 0x00, 0x00, 0x00, 0x00,
	0x08, 0x00, 0x00, 0x00, 0x0c, 0x00, 0x0c, 0x00, 0x12, 0x00, 0x12, 0x00, 0x12, 0x00, 0x21, 0x00,
	0x21, 0x00, 0x7f, 0x80, 0x40, 0x80, 0x40, 0x80, 0x80, 0x40, 0x80, 0x40, 0x00, 0x00, 0x00, 0x00,
	0x00, 0x00, 0x00, 0x00, 0x11, 0x00, 0x00, 0x00, 0x0c, 0x00, 0x0c, 0x00, 0x12, 0x00, 0x12, 0x00,
	0x12, 0x00, 0x21, 0x00, 0x21, 0x00, 0x7f, 0x80, 0x40, 0x80, 0x40, 0x80, 0x80, 0x40, 0x80, 0x40,
	0x00, 0x00, 0x00, 0x00, 0x00, 0x00, 0x00, 0x00, 0x2c, 0x00, 0x00, 0x00, 0x0c, 0x00, 0x0c, 0x00,
	0x12, 0x00, 0x12, 0x00, 0x12, 0x00, 0x21, 0x00, 0x21, 0x00, 0x7f, 0x80, 0x40, 0x80, 0x40, 0x80,
	0x80, 0x40, 0x80, 0x40, 0x00, 0x00, 0x00, 0x00, 0x00, 0x00, 0x00, 0x00, 0x12, 0x00, 0x00, 0x00,
	0x0c, 0x00, 0x0c, 0x00, 0x12, 0x00, 0x12, 0x00, 0x12, 0x00, 0x21, 0x00, 0x21, 0x00, 0x7f, 0x80,
	0x40, 0x80, 0x40, 0x80, 0x80, 0x40, 0x80, 0x40, 0x00, 0x00, 0x00, 0x00, 0x00, 0x00, 0x00, 0x00,
	0x12, 0x00, 0x12, 0x00, 0x0c, 0x00, 0x0c, 0x00, 0x12, 0x00, 0x12, 0x00, 0x12, 0x00, 0x21, 0x00,
	0x21, 0x00, 0x7f, 0x80, 0x40, 0x80, 0x40, 0x80, 0x80, 0x40, 0x80, 0x40, 0x00, 0x00, 0x00, 0x00,
	0x00, 0x00, 0x00, 0x00, 0x00, 0x00, 0x00, 0x00, 0x07, 0xfc, 0x09, 0x00, 0x09, 0x00, 0x11, 0x00,
	0x11, 0x00, 0x21, 0xfc, 0x21, 0x00, 0x7f, 0x00, 0x41, 0x00, 0x41, 0x00, 0x81, 0x00, 0x81, 0xfc,
	0x00, 0x00, 0x00, 0x00, 0x00, 0x00, 0x00, 0x00, 0x00, 0x00, 0x00, 0x00, 0x07, 0x80, 0x18, 0x40,
	0x20, 0x20, 0x20, 0x00, 0x40, 0x00, 0x40, 0x00, 0x40, 0x00, 0x40, 0x00, 0x20, 0x00, 0x20, 0x20,
	0x18, 0x40, 0x07, 0x80, 0x02, 0x00, 0x02, 0x00, 0x09, 0x00, 0x06, 0x00, 0x04, 0x00, 0x00, 0x00,
	0x7f, 0x80, 0x40, 0x00, 0x40, 0x00, 0x40, 0x00, 0x40, 0x00, 0x7f, 0x80, 0x40, 0x00, 0x40, 0x00,
	0x40, 0x00, 0x40, 0x00, 0x40, 0x00, 0x7f, 0x80, 0x00, 0x00, 0x00, 0x00, 0x00, 0x00, 0x00, 0x00,
	0x08, 0x00, 0x00, 0x00, 0x7f, 0x80, 0x40, 0x00, 0x40, 0x00, 0x40, 0x00, 0x40, 0x00, 0x7f, 0x80,
	0x40, 0x00, 0x40, 0x00, 0x40, 0x00, 0x40, 0x00, 0x40, 0x00, 0x7f, 0x80, 0x00, 0x00, 0x00, 0x00,
	0x00, 0x00, 0x00, 0x00, 0x22, 0x00, 0x00, 0x00, 0x7f, 0x80, 0x40, 0x00, 0x40, 0x00, 0x40, 0x00,
	0x40, 0x00, 0x7f, 0x80, 0x40, 0x00, 0x40, 0x00, 0x40, 0x00, 0x40, 0x00, 0x40, 0x00, 0x7f, 0x80,
	0x00, 0x00, 0x00, 0x00, 0x00, 0x00, 0x00, 0x00, 0x12, 0x00, 0x00, 0x00, 0x7f, 0x80, 0x40, 0x00,
	0x40, 0x00, 0x40, 0x00, 0x40, 0x00, 0x7f, 0x80, 0x40, 0x00, 0x40, 0x00, 0x40, 0x00, 0x40, 0x00,
	0x40, 0x00, 0x7f, 0x80, 0x00, 0x00, 0x00, 0x00, 0x00, 0x00, 0x00, 0x00, 0x20, 0x00, 0x40, 0x40,
	0x40, 0x40, 0x40, 0x40, 0x40, 0x40, 0x40, 0x40, 0x40, 0x40, 0x00, 0x00, 0x00, 0x00, 0x80, 0x00,
	0x40, 0x40, 0x40, 0x40, 0x40, 0x40, 0x40, 0x40, 0x40, 0x40, 0x40, 0x40, 0x00, 0x00, 0x00, 0x00,
	0x90, 0x00, 0x40, 0x40, 0x40, 0x40, 0x40, 0x40, 0x40, 0x40, 0x40, 0x40, 0x40, 0x40, 0x00, 0x00,
	0x00, 0x00, 0xa0, 0x00, 0x40, 0x40, 0x40, 0x40, 0x40, 0x40, 0x40, 0x40, 0x40, 0x40, 0x40, 0x40,
	0x00, 0x00, 0x00, 0x00, 0x00, 0x00, 0x00, 0x00, 0x3f, 0x00, 0x20, 0xc0, 0x20, 0x20, 0x20, 0x20,
	0x20, 0x10, 0xf8, 0x10, 0x20, 0x10, 0x20, 0x10, 0x20, 0x20, 0x20, 0x20, 0x20, 0xc0, 0x3f, 0x00,
	0x00, 0x00, 0x00, 0x00, 0x00, 0x00, 0x00, 0x00, 0x16, 0x00, 0x00, 0x00, 0x40, 0x40, 0x60, 0x40,
	0x50, 0x40, 0x50, 0x40, 0x48, 0x40, 0x44, 0x40, 0x44, 0x40, 0x42, 0x40, 0x41, 0x40, 0x41, 0x40,
	0x40, 0xc0, 0x40, 0x40, 0x00, 0x00, 0x00, 0x00, 0x00, 0x00, 0x00, 0x00, 0x01, 0x00, 0x00, 0x00,
	0x07, 0x00, 0x18, 0xc0, 0x20, 0x20, 0x20, 0x20, 0x40, 0x10, 0x40, 0x10, 0x40, 0x10, 0x40, 0x10,
	0x20, 0x20, 0x20, 0x20, 0x18, 0xc0, 0x07, 0x00, 0x00, 0x00, 0x00, 0x00, 0x00, 0x00, 0x00, 0x00,
	0x02, 0x00, 0x00, 0x00, 0x07, 0x00, 0x18, 0xc0, 0x20, 0x20, 0x20, 0x20, 0x40, 0x10, 0x40, 0x10,
	0x40, 0x10, 0x40, 0x10, 0x20, 0x20, 0x20, 0x20, 0x18, 0xc0, 0x07, 0x00, 0x00, 0x00, 0x00, 0x00,
	0x00, 0x00, 0x00, 0x00, 0x08, 0x80, 0x00, 0x00, 0x07, 0x00, 0x18, 0xc0, 0x20, 0x20, 0x20, 0x20,
	0x40, 0x10, 0x40, 0x10, 0x40, 0x10, 0x40, 0x10, 0x20, 0x20, 0x20, 0x20, 0x18, 0xc0, 0x07, 0x00,
	0x00, 0x00, 0x00, 0x00, 0x00, 0x00, 0x00, 0x00, 0x0b, 0x00, 0x00, 0x00, 0x07, 0x00, 0x18, 0xc0,
	0x20, 0x20, 0x20, 0x20, 0x40, 0x10, 0x40, 0x10, 0x40, 0x10, 0x40, 0x10, 0x20, 0x20, 0x20, 0x20,
	0x18, 0xc0, 0x07, 0x00, 0x00, 0x00, 0x00, 0x00, 0x00, 0x00, 0x00, 0x00, 0x08, 0x80, 0x00, 0x00,
	0x07, 0x00, 0x18, 0xc0, 0x20, 0x20, 0x20, 0x20, 0x40, 0x10, 0x40, 0x10, 0x40, 0x10, 0x40, 0x10,
	0x20, 0x20, 0x20, 0x20, 0x18, 0xc0, 0x07, 0x00, 0x00, 0x00, 0x00, 0x00, 0x00, 0x00, 0x00, 0x00,
	0x00, 0x00, 0x00, 0x00, 0x00, 0x00, 0x00, 0x00, 0x00, 0x00, 0x00, 0x00, 0x40, 0x80, 0x21, 0x00,
	0x12, 0x00, 0x0c, 0x00, 0x0c, 0x00, 0x12, 0x00, 0x21, 0x00, 0x40, 0x80, 0x00, 0x00, 0x00, 0x00,
	0x00, 0x00, 0x00, 0x00, 0x00, 0x00, 0x00, 0x20, 0x07, 0x40, 0x18, 0xc0, 0x20, 0xa0, 0x21, 0x20,
	0x41, 0x10, 0x42, 0x10, 0x42, 0x10, 0x44, 0x10, 0x24, 0x20, 0x28, 0x20, 0x18, 0xc0, 0x17, 0x00,
	0x20, 0x00, 0x00, 0x00, 0x00, 0x00, 0x00, 0x00, 0x04, 0x00, 0x00, 0x00, 0x40, 0x40, 0x40, 0x40,
	0x40, 0x40, 0x40, 0x40, 0x40, 0x40, 0x40, 0x40, 0x40, 0x40, 0x40, 0x40, 0x40, 0x40, 0x40, 0x40,
	0x20, 0x80, 0x1f, 0x00, 0x00, 0x00, 0x00, 0x00, 0x00, 0x00, 0x00, 0x00, 0x04, 0x00, 0x00, 0x00,
	0x40, 0x40, 0x40, 0x40, 0x40, 0x40, 0x40, 0x40, 0x40, 0x40, 0x40, 0x40, 0x40, 0x40, 0x40, 0x40,
	0x40, 0x40, 0x40, 0x40, 0x20, 0x80, 0x1f, 0x00, 0x00, 0x00, 0x00, 0x00, 0x00, 0x00, 0x00, 0x00,
	0x11, 0x00, 0x00, 0x00, 0x40, 0x40, 0x40, 0x40, 0x40, 0x40, 0x40, 0x40, 0x40, 0x40, 0x40, 0x40,
	0x40, 0x40, 0x40, 0x40, 0x40, 0x40, 0x40, 0x40, 0x20, 0x80, 0x1f, 0x00, 0x00, 0x00, 0x00, 0x00,
	0x00, 0x00, 0x00, 0x00, 0x11, 0x00, 0x00, 0x00, 0x40, 0x40, 0x40, 0x40, 0x40, 0x40, 0x40, 0x40,
	0x40, 0x40, 0x40, 0x40, 0x40, 0x40, 0x40, 0x40, 0x40, 0x40, 0x40, 0x40, 0x20, 0x80, 0x1f, 0x00,
	0x00, 0x00, 0x00, 0x00, 0x00, 0x00, 0x00, 0x00, 0x04, 0x00, 0x00, 0x00, 0x40, 0x40, 0x20, 0x80,
	0x20, 0x80, 0x11, 0x00, 0x11, 0x00, 0x0a, 0x00, 0x0e, 0x00, 0x04, 0x00, 0x04, 0x00, 0x04, 0x00,
	0x04, 0x00, 0x04, 0x00, 0x00, 0x00, 0x00, 0x00, 0x00, 0x00, 0x00, 0x00, 0x00, 0x00, 0x00, 0x00,
	0x20, 0x00, 0x20, 0x00, 0x3f, 0x00, 0x20, 0x80, 0x20, 0x40, 0x20, 0x40, 0x20, 0x80, 0x3f, 0x00,
	0x20, 0x00, 0x20, 0x00, 0x20, 0x00, 0x20, 0x00, 0x00, 0x00, 0x00, 0x00, 0x00, 0x00, 0x00, 0x00,
	0x00, 0x00, 0x00, 0x00, 0x1e, 0x00, 0x21, 0x00, 0x20, 0x80, 0x20, 0x80, 0x21, 0x00, 0x2f, 0x00,
	0x21, 0x80, 0x20, 0x80, 0x20, 0x80, 0x20, 0x80, 0x21, 0x00, 0x2e, 0x00, 0x00, 0x00, 0x00, 0x00,
	0x00, 0x00, 0x00, 0x00, 0x00, 0x00, 0x10, 0x00, 0x18, 0x00, 0x04, 0x00, 0x00, 0x00, 0x3e, 0x00,
	0x41, 0x00, 0x01, 0x00, 0x03, 0x00, 0x3d, 0x00, 0x41, 0x00, 0x41, 0x00, 0x43, 0x00, 0x3d, 0x80,
	0x00, 0x00, 0x00, 0x00, 0x00, 0x00, 0x00, 0x00, 0x00, 0x00, 0x02, 0x00, 0x06, 0x00, 0x08, 0x00,
	0x00, 0x00, 0x3e, 0x00, 0x41, 0x00, 0x01, 0x00, 0x03, 0x00, 0x3d, 0x00, 0x41, 0x00, 0x41, 0x00,
	0x43, 0x00, 0x3d, 0x80, 0x00, 0x00, 0x00, 0x00, 0x00, 0x00, 0x00, 0x00, 0x00, 0x00, 0x08, 0x00,
	0x1c, 0x00, 0x22, 0x00, 0x00, 0x00, 0x3e, 0x00, 0x41, 0x00, 0x01, 0x00, 0x03, 0x00, 0x3d, 0x00,
	0x41, 0x00, 0x41, 0x00, 0x43, 0x00, 0x3d, 0x80, 0x00, 0x00, 0x00, 0x00, 0x00, 0x00, 0x00, 0x00,
	0x00, 0x00, 0x00, 0x00, 0x1a, 0x00, 0x2c, 0x00, 0x00, 0x00, 0x3e, 0x00, 0x41, 0x00, 0x01, 0x00,
	0x03, 0x00, 0x3d, 0x00, 0x41, 0x00, 0x41, 0x00, 0x43, 0x00, 0x3d, 0x80, 0x00, 0x00, 0x00, 0x00,
	0x00, 0x00, 0x00, 0x00, 0x00, 0x00, 0x00, 0x00, 0x14, 0x00, 0x14, 0x00, 0x00, 0x00, 0x3e, 0x00,
	0x41, 0x00, 0x01, 0x00, 0x03, 0x00, 0x3d, 0x00, 0x41, 0x00, 0x41, 0x00, 0x43, 0x00, 0x3d, 0x80,
	0x00, 0x00, 0x00, 0x00, 0x00, 0x00, 0x00, 0x00, 0x00, 0x00, 0x08, 0x00, 0x14, 0x00, 0x08, 0x00,
	0x00, 0x00, 0x3e, 0x00, 0x41, 0x00, 0x01, 0x00, 0x03, 0x00, 0x3d, 0x00, 0x41, 0x00, 0x41, 0x00,
	0x43, 0x00, 0x3d, 0x80, 0x00, 0x00, 0x00, 0x00, 0x00, 0x00, 0x00, 0x00, 0x00, 0x00, 0x00, 0x00,
	0x00, 0x00, 0x00, 0x00, 0x00, 0x00, 0x3e, 0x70, 0x41, 0x88, 0x01, 0x04, 0x03, 0x04, 0x3d, 0xfc,
	0x41, 0x00, 0x41, 0x04, 0x43, 0x88, 0x3c, 0x70, 0x00, 0x00, 0x00, 0x00, 0x00, 0x00, 0x00, 0x00,
	0x00, 0x00, 0x00, 0x00, 0x00, 0x1c, 0x22, 0x41, 0x40, 0x40, 0x40, 0x41, 0x22, 0x1c, 0x08, 0x08,
	0x24, 0x18, 0x00, 0x00, 0x20, 0x00, 0x30, 0x00, 0x08, 0x00, 0x00, 0x00, 0x1c, 0x00, 0x22, 0x00,
	0x41, 0x00, 0x41, 0x00, 0x7f, 0x00, 0x40, 0x00, 0x41, 0x00, 0x22, 0x00, 0x1c, 0x00, 0x00, 0x00,
	0x00, 0x00, 0x00, 0x00, 0x00, 0x00, 0x00, 0x00, 0x04, 0x00, 0x0c, 0x00, 0x10, 0x00, 0x00, 0x00,
	0x1c, 0x00, 0x22, 0x00, 0x41, 0x00, 0x41, 0x00, 0x7f, 0x00, 0x40, 0x00, 0x41, 0x00, 0x22, 0x00,
	0x1c, 0x00, 0x00, 0x00, 0x00, 0x00, 0x00, 0x00, 0x00, 0x00, 0x00, 0x00, 0x08, 0x00, 0x1c, 0x00,
	0x22, 0x00, 0x00, 0x00, 0x1c, 0x00, 0x22, 0x00, 0x41, 0x00, 0x41, 0x00, 0x7f, 0x00, 0x40, 0x00,
	0x41, 0x00, 0x22, 0x00, 0x1c, 0x00, 0x00, 0x00, 0x00, 0x00, 0x00, 0x00, 0x00, 0x00, 0x00, 0x00,
	0x00, 0x00, 0x14, 0x00, 0x14, 0x00, 0x00, 0x00, 0x1c, 0x00, 0x22, 0x00, 0x41, 0x00, 0x41, 0x00,
	0x7f, 0x00, 0x40, 0x00, 0x41, 0x00, 0x22, 0x00, 0x1c, 0x00, 0x00, 0x00, 0x00, 0x00, 0x00, 0x00,
	0x00, 0x00, 0x00, 0x40, 0x60, 0x10, 0x00, 0x20, 0x20, 0x20, 0x20, 0x20, 0x20, 0x20, 0x20, 0x20,
	0x00, 0x00, 0x00, 0x00, 0x00, 0x10, 0x30, 0x40, 0x00, 0x20, 0x20, 0x20, 0x20, 0x20, 0x20, 0x20,
	0x20, 0x20, 0x00, 0x00, 0x00, 0x00, 0x00, 0x20, 0x70, 0x90, 0x00, 0x20, 0x20, 0x20, 0x20, 0x20,
	0x20, 0x20, 0x20, 0x20, 0x00, 0x00, 0x00, 0x00, 0x00, 0x00, 0x50, 0x50, 0x00, 0x20, 0x20, 0x20,
	0x20, 0x20, 0x20, 0x20, 0x20, 0x20, 0x00, 0x00, 0x00, 0x00, 0x00, 0x00, 0x00, 0x00, 0x24, 0x00,
	0x18, 0x00, 0x2c, 0x00, 0x1e, 0x00, 0x22, 0x00, 0x41, 0x00, 0x41, 0x00, 0x41, 0x00, 0x41, 0x00,
	0x41, 0x00, 0x22, 0x00, 0x1c, 0x00, 0x00, 0x00, 0x00, 0x00, 0x00, 0x00, 0x00, 0x00, 0x00, 0x00,
	0x00, 0x00, 0x1a, 0x00, 0x2c, 0x00, 0x00, 0x00, 0x5e, 0x00, 0x61, 0x00, 0x41, 0x00, 0x41, 0x00,
	0x41, 0x00, 0x41, 0x00, 0x41, 0x00, 0x41, 0x00, 0x41, 0x00, 0x00, 0x00, 0x00, 0x00, 0x00, 0x00,
	0x00, 0x00, 0x00, 0x00, 0x10, 0x00, 0x18, 0x00, 0x04, 0x00, 0x00, 0x00, 0x1c, 0x00, 0x22, 0x00,
	0x41, 0x00, 0x41, 0x00, 0x41, 0x00, 0x41, 0x00, 0x41, 0x00, 0x22, 0x00, 0x1c, 0x00, 0x00, 0x00,
	0x00, 0x00, 0x00, 0x00, 0x00, 0x00, 0x00, 0x00, 0x04, 0x00, 0x0c, 0x00, 0x10, 0x00, 0x00, 0x00,
	0x1c, 0x00, 0x22, 0x00, 0x41, 0x00, 0x41, 0x00, 0x41, 0x00, 0x41, 0x00, 0x41, 0x00, 0x22, 0x00,
	0x1c, 0x00, 0x00, 0x00, 0x00, 0x00, 0x00, 0x00, 0x00, 0x00, 0x00, 0x00, 0x08, 0x00, 0x1c, 0x00,
	0x22, 0x00, 0x00, 0x00, 0x1c, 0x00, 0x22, 0x00, 0x41, 0x00, 0x41, 0x00, 0x41, 0x00, 0x41, 0x00,
	0x41, 0x00, 0x22, 0x00, 0x1c, 0x00, 0x00, 0x00, 0x00, 0x00, 0x00, 0x00, 0x00, 0x00, 0x00, 0x00,
	0x00, 0x00, 0x1a, 0x00, 0x2c, 0x00, 0x00, 0x00, 0x1c, 0x00, 0x22, 0x00, 0x41, 0x00, 0x41, 0x00,
	0x41, 0x00, 0x41, 0x00, 0x41, 0x00, 0x22, 0x00, 0x1c, 0x00, 0x00, 0x00, 0x00, 0x00, 0x00, 0x00,
	0x00, 0x00, 0x00, 0x00, 0x00, 0x00, 0x14, 0x00, 0x14, 0x00, 0x00, 0x00, 0x1c, 0x00, 0x22, 0x00,
	0x41, 0x00, 0x41, 0x00, 0x41, 0x00, 0x41, 0x00, 0x41, 0x00, 0x22, 0x00, 0x1c, 0x00, 0x00, 0x00,
	0x00, 0x00, 0x00, 0x00, 0x00, 0x00, 0x00, 0x00, 0x00, 0x00, 0x00, 0x00, 0x00, 0x00, 0x00, 0x00,
	0x08, 0x00, 0x08, 0x00, 0x00, 0x00, 0x00, 0x00, 0x7f, 0x00, 0x00, 0x00, 0x00, 0x00, 0x08, 0x00,
	0x08, 0x00, 0x00, 0x00, 0x00, 0x00, 0x00, 0x00, 0x00, 0x00, 0x00, 0x00, 0x00, 0x00, 0x00, 0x00,
	0x00, 0x00, 0x01, 0x00, 0x1e, 0x00, 0x22, 0x00, 0x45, 0x00, 0x49, 0x00, 0x49, 0x00, 0x51, 0x00,
	0x51, 0x00, 0x22, 0x00, 0x5c, 0x00, 0x00, 0x00, 0x00, 0x00, 0x00, 0x00, 0x00, 0x00, 0x00, 0x00,
	0x10, 0x00, 0x18, 0x00, 0x04, 0x00, 0x00, 0x00, 0x41, 0x00, 0x41, 0x00, 0x41, 0x00, 0x41, 0x00,
	0x41, 0x00, 0x41, 0x00, 0x41, 0x00, 0x43, 0x00, 0x3d, 0x00, 0x00, 0x00, 0x00, 0x00, 0x00, 0x00,
	0x00, 0x00, 0x00, 0x00, 0x02, 0x00, 0x06, 0x00, 0x08, 0x00, 0x00, 0x00, 0x41, 0x00, 0x41, 0x00,
	0x41, 0x00, 0x41, 0x00, 0x41, 0x00, 0x41, 0x00, 0x41, 0x00, 0x43, 0x00, 0x3d, 0x00, 0x00, 0x00,
	0x00, 0x00, 0x00, 0x00, 0x00, 0x00, 0x00, 0x00, 0x08, 0x00, 0x1c, 0x00, 0x22, 0x00, 0x00, 0x00,
	0x41, 0x00, 0x41, 0x00, 0x41, 0x00, 0x41, 0x00, 0x41, 0x00, 0x41, 0x00, 0x41, 0x00, 0x43, 0x00,
	0x3d, 0x00, 0x00, 0x00, 0x00, 0x00, 0x00, 0x00, 0x00, 0x00, 0x00, 0x00, 0x00, 0x00, 0x14, 0x00,
	0x14, 0x00, 0x00, 0x00, 0x41, 0x00, 0x41, 0x00, 0x41, 0x00, 0x41, 0x00, 0x41, 0x00, 0x41, 0x00,
	0x41, 0x00, 0x43, 0x00, 0x3d, 0x00, 0x00, 0x00, 0x00, 0x00, 0x00, 0x00, 0x00, 0x00, 0x00, 0x08,
	0x18, 0x20, 0x00, 0x82, 0x82, 0x44, 0x44, 0x28, 0x28, 0x38, 0x10, 0x10, 0x20, 0x20, 0xc0, 0x00,
	0x00, 0x00, 0x00, 0x00, 0x40, 0x00, 0x40, 0x00, 0x40, 0x00, 0x5c, 0x00, 0x62, 0x00, 0x41, 0x00,
	0x41, 0x00, 0x41, 0x00, 0x41, 0x00, 0x41, 0x00, 0x62, 0x00, 0x5c, 0x00, 0x40, 0x00, 0x40, 0x00,
	0x40, 0x00, 0x40, 0x00, 0x00, 0x00, 0x28, 0x28, 0x00, 0x82, 0x82, 0x44, 0x44, 0x28, 0x28, 0x38,
	0x10, 0x10, 0x20, 0x20, 0xc0, 0x00,
};
static unsigned short o_helvR12[] = {
	0, 18, 36, 54, 90, 126, 162, 198, 216, 234, 252, 270,
	306, 324, 342, 360, 378, 414, 450, 486, 522, 558, 594, 630,
	666, 702, 738, 756, 774, 810, 846, 882, 918, 972, 1008, 1044,
	1080, 1116, 1152, 1188, 1224, 1260, 1278, 1296, 1332, 1368, 1404, 1440,
	1476, 1512, 1548, 1584, 1620, 1656, 1692, 1728, 1764, 1800, 1836, 1872,
	1890, 1908, 1926, 1944, 1980, 1998, 2034, 2070, 2088, 2124, 2160, 2178,
	2214, 2250, 2268, 2286, 2304, 2322, 2358, 2394, 2430, 2466, 2502, 2520,
	2538, 2556, 2592, 2610, 2646, 2664, 2682, 2700, 2718, 2736, 2754, 2790,
	2826, 2862, 2898, 2934, 2970, 3006, 3042, 3078, 3114, 3150, 3186, 3222,
	3258, 3294, 3330, 3366, 3402, 3438, 3474, 3510, 3546, 3582, 3618, 3654,
	3690, 3726, 3762, 3798, 3834, 3870, 3906, 3942, 3978, 3996, 4014, 4050,
	4086, 4122, 4158, 4176, 4212, 4230, 4266, 4284, 4320, 4356, 4374, 4410,
	4428, 4446, 4482, 4500, 4518, 4536, 4572, 4608, 4626, 4644, 4662, 4680,
	4716, 4752, 4788, 4824, 4860, 4896, 4932, 4968, 5004, 5040, 5076, 5112,
	5148, 5184, 5220, 5256, 5292, 5310, 5328, 5346, 5364, 5400, 5436, 5472,
	5508, 5544, 5580, 5616, 5652, 5688, 5724, 5760, 5796, 5832, 5868, 5904,
	5940, 5976, 6012, 6048, 6084, 6120, 6156, 6192, 6210, 6246, 6282, 6318,
	6354, 6372, 6390, 6408, 6426, 6462, 6498, 6534, 6570, 6606, 6642, 6678,
	6714, 6750, 6786, 6822, 6858, 6894, 6912, 6948,
};
static unsigned char w_helvR12[] = {
	5, 5, 6, 9, 9, 14, 11, 3, 6, 6, 6, 10, 4, 5, 4, 5,
	9, 9, 9, 9, 9, 9, 9, 9, 9, 9, 4, 4, 10, 10, 10, 9,
	17, 11, 11, 12, 12, 11, 10, 13, 12, 4, 8, 11, 9, 13, 12, 13,
	11, 13, 12, 11, 10, 12, 11, 15, 11, 11, 10, 5, 5, 5, 8, 9,
	6, 9, 9, 8, 9, 9, 5, 9, 9, 3, 4, 8, 3, 14, 9, 9,
	9, 9, 5, 8, 5, 9, 8, 12, 8, 8, 8, 6, 4, 6, 10, 9,
	9, 9, 9, 9, 9, 9, 9, 9, 9, 9, 9, 9, 9, 9, 9, 9,
	9, 9, 9, 9, 9, 9, 9, 9, 9, 9, 9, 9, 9, 9, 9, 9,
	5, 6, 9, 9, 9, 9, 4, 9, 5, 12, 6, 9, 10, 5, 12, 6,
	7, 10, 6, 6, 6, 9, 9, 5, 6, 6, 6, 9, 14, 14, 14, 10,
	11, 11, 11, 11, 11, 11, 16, 12, 11, 11, 11, 11, 4, 4, 4, 4,
	12, 12, 13, 13, 13, 13, 13, 10, 13, 12, 12, 12, 12, 11, 11, 10,
	9, 9, 9, 9, 9, 9, 15, 8, 9, 9, 9, 9, 4, 4, 4, 4,
	9, 9, 9, 9, 9, 9, 9, 10, 10, 9, 9, 9, 9, 8, 9, 8,
};

#define F_helvR12 { "Helv", 12, 18, 14, 4, 400, 0, 0, 32, 7, 17, 0x20, 0xff, w_helvR12, o_helvR12, b_helvR12 }

/* -Adobe-Helvetica-Medium-R-Normal--20-140-100-100-P-100-ISO8859-1 helvR14.pcf.gz sha256 5341e8d4b5f6a1cbb9ab7743da88c36f8815bce01da90d00aba9c22d7f080abb */
static unsigned char b_helvR14[] = {
	0x00, 0x00, 0x00, 0x00, 0x00, 0x00, 0x00, 0x00, 0x00, 0x00, 0x00, 0x00, 0x00, 0x00, 0x00, 0x00,
	0x00, 0x00, 0x00, 0x00, 0x00, 0x00, 0x30, 0x30, 0x30, 0x30, 0x30, 0x30, 0x30, 0x30, 0x20, 0x20,
	0x00, 0x00, 0x30, 0x30, 0x00, 0x00, 0x00, 0x00, 0x00, 0x00, 0xd8, 0xd8, 0xd8, 0xd8, 0xd8, 0x00,
	0x00, 0x00, 0x00, 0x00, 0x00, 0x00, 0x00, 0x00, 0x00, 0x00, 0x00, 0x00, 0x00, 0x00, 0x00, 0x00,
	0x00, 0x00, 0x09, 0x00, 0x09, 0x00, 0x09, 0x00, 0x7f, 0xc0, 0x7f, 0xc0, 0x12, 0x00, 0x12, 0x00,
	0x12, 0x00, 0xff, 0x80, 0xff, 0x80, 0x24, 0x00, 0x24, 0x00, 0x24, 0x00, 0x00, 0x00, 0x00, 0x00,
	0x00, 0x00, 0x00, 0x00, 0x00, 0x00, 0x00, 0x00, 0x04, 0x00, 0x1f, 0x00, 0x3f, 0x80, 0x65, 0x80,
	0x64, 0x00, 0x74, 0x00, 0x3c, 0x00, 0x1f, 0x00, 0x07, 0x80, 0x04, 0xc0, 0x64, 0xc0, 0x75, 0xc0,
	0x3f, 0x80, 0x1f, 0x00, 0x04, 0x00, 0x04, 0x00, 0x00, 0x00, 0x00, 0x00, 0x00, 0x00, 0x00, 0x00,
	0x00, 0x00, 0x3c, 0x30, 0x66, 0x60, 0x66, 0x60, 0x66, 0xc0, 0x66, 0xc0, 0x3d, 0x80, 0x01, 0x80,
	0x03, 0x3c, 0x03, 0x66, 0x06, 0x66, 0x06, 0x66, 0x0c, 0x66, 0x0c, 0x3c, 0x00, 0x00, 0x00, 0x00,
	0x00, 0x00, 0x00, 0x00, 0x00, 0x00, 0x00, 0x00, 0x00, 0x00, 0x1e, 0x00, 0x3f, 0x00, 0x33, 0x00,
	0x33, 0x00, 0x1e, 0x00, 0x3e, 0x00, 0x77, 0x60, 0x63, 0x60, 0x61, 0xe0, 0x61, 0xc0, 0x73, 0xe0,
	0x3f, 0x70, 0x1e, 0x38, 0x00, 0x00, 0x00, 0x00, 0x00, 0x00, 0x00, 0x00, 0x00, 0x00, 0x40, 0x40,
	0x40, 0x40, 0x40, 0x00, 0x00, 0x00, 0x00, 0x00, 0x00, 0x00, 0x00, 0x00, 0x00, 0x00, 0x00, 0x00,
	0x00, 0x00, 0x10, 0x30, 0x60, 0x60, 0xc0, 0xc0, 0xc0, 0xc0, 0xc0, 0xc0, 0xc0, 0xc0, 0xc0, 0xc0,
	0x60, 0x60, 0x30, 0x10, 0x00, 0x00, 0x40, 0x60, 0x30, 0x30, 0x18, 0x18, 0x18, 0x18, 0x18, 0x18,
	0x18, 0x18, 0x18, 0x18, 0x30, 0x30, 0x60, 0x40, 0x00, 0x00, 0x10, 0x54, 0x7c, 0x10, 0x7c, 0x54,
	0x10, 0x00, 0x00, 0x00, 0x00, 0x00, 0x00, 0x00, 0x00, 0x00, 0x00, 0x00, 0x00, 0x00, 0x00, 0x00,
	0x00, 0x00, 0x00, 0x00, 0x00, 0x00, 0x00, 0x00, 0x0c, 0x00, 0x0c, 0x00, 0x0c, 0x00, 0x0c, 0x00,
	0x7f, 0x80, 0x7f, 0x80, 0x0c, 0x00, 0x0c, 0x00, 0x0c, 0x00, 0x0c, 0x00, 0x00, 0x00, 0x00, 0x00,
	0x00, 0x00, 0x00, 0x00, 0x00, 0x00, 0x00, 0x00, 0x00, 0x00, 0x00, 0x00, 0x00, 0x00, 0x00, 0x00,
	0x00, 0x00, 0x60, 0x60, 0x20, 0x20, 0x40, 0x00, 0x00, 0x00, 0x00, 0x00, 0x00, 0x00, 0x00, 0x00,
	0x00, 0x00, 0xf8, 0x00, 0x00, 0x00, 0x00, 0x00, 0x00, 0x00, 0x00, 0x00, 0x00, 0x00, 0x00, 0x00,
	0x00, 0x00, 0x00, 0x00, 0x00, 0x00, 0x00, 0x00, 0x00, 0x00, 0x60, 0x60, 0x00, 0x00, 0x00, 0x00,
	0x00, 0x00, 0x18, 0x18, 0x18, 0x18, 0x30, 0x30, 0x30, 0x60, 0x60, 0x60, 0xc0, 0xc0, 0xc0, 0xc0,
	0x00, 0x00, 0x00, 0x00, 0x00, 0x00, 0x00, 0x00, 0x00, 0x00, 0x1e, 0x00, 0x3f, 0x00, 0x33, 0x00,
	0x61, 0x80, 0x61, 0x80, 0x61, 0x80, 0x61, 0x80, 0x61, 0x80, 0x61, 0x80, 0x61, 0x80, 0x33, 0x00,
	0x3f, 0x00, 0x1e, 0x00, 0x00, 0x00, 0x00, 0x00, 0x00, 0x00, 0x00, 0x00, 0x00, 0x00, 0x00, 0x00,
	0x00, 0x00, 0x06, 0x00, 0x3e, 0x00, 0x3e, 0x00, 0x06, 0x00, 0x06, 0x00, 0x06, 0x00, 0x06, 0x00,
	0x06, 0x00, 0x06, 0x00, 0x06, 0x00, 0x06, 0x00, 0x06, 0x00, 0x06, 0x00, 0x00, 0x00, 0x00, 0x00,
	0x00, 0x00, 0x00, 0x00, 0x00, 0x00, 0x00, 0x00, 0x00, 0x00, 0x1e, 0x00, 0x7f, 0x00, 0x61, 0x80,
	0x01, 0x80, 0x03, 0x80, 0x07, 0x00, 0x0e, 0x00, 0x1c, 0x00, 0x38, 0x00, 0x70, 0x00, 0x60, 0x00,
	0x7f, 0x80, 0x7f, 0x80, 0x00, 0x00, 0x00, 0x00, 0x00, 0x00, 0x00, 0x00, 0x00, 0x00, 0x00, 0x00,
	0x00, 0x00, 0x1f, 0x00, 0x3f, 0x80, 0x61, 0x80, 0x61, 0x80, 0x03, 0x00, 0x0e, 0x00, 0x0f, 0x00,
	0x03, 0x80, 0x01, 0x80, 0x61, 0x80, 0x63, 0x80, 0x3f, 0x00, 0x1e, 0x00, 0x00, 0x00, 0x00, 0x00,
	0x00, 0x00, 0x00, 0x00, 0x00, 0x00, 0x00, 0x00, 0x00, 0x00, 0x03, 0x00, 0x07, 0x00, 0x0f, 0x00,
	0x1b, 0x00, 0x33, 0x00, 0x33, 0x00, 0x63, 0x00, 0xc3, 0x00, 0xff, 0x80, 0xff, 0x80, 0x03, 0x00,
	0x03, 0x00, 0x03, 0x00, 0x00, 0x00, 0x00, 0x00, 0x00, 0x00, 0x00, 0x00, 0x00, 0x00, 0x00, 0x00,
	0x00, 0x00, 0x7f, 0x00, 0x7f, 0x00, 0x60, 0x00, 0x60, 0x00, 0x7e, 0x00, 0x7f, 0x00, 0x63, 0x80,
	0x01, 0x80, 0x01, 0x80, 0x61, 0x80, 0x63, 0x80, 0x7f, 0x00, 0x3e, 0x00, 0x00, 0x00, 0x00, 0x00,
	0x00, 0x00, 0x00, 0x00, 0x00, 0x00, 0x00, 0x00, 0x00, 0x00, 0x1e, 0x00, 0x3f, 0x80, 0x31, 0x80,
	0x60, 0x00, 0x60, 0x00, 0x6e, 0x00, 0x7f, 0x00, 0x61, 0x80, 0x61, 0x80, 0x61, 0x80, 0x71, 0x80,
	0x3f, 0x00, 0x1e, 0x00, 0x00, 0x00, 0x00, 0x00, 0x00, 0x00, 0x00, 0x00, 0x00, 0x00, 0x00, 0x00,
	0x00, 0x00, 0x7f, 0x80, 0x7f, 0x80, 0x01, 0x80, 0x03, 0x00, 0x06, 0x00, 0x06, 0x00, 0x0c, 0x00,
	0x0c, 0x00, 0x18, 0x00, 0x18, 0x00, 0x30, 0x00, 0x30, 0x00, 0x30, 0x00, 0x00, 0x00, 0x00, 0x00,
	0x00, 0x00, 0x00, 0x00, 0x00, 0x00, 0x00, 0x00, 0x00, 0x00, 0x1e, 0x00, 0x3f, 0x00, 0x73, 0x80,
	0x61, 0x80, 0x61, 0x80, 0x33, 0x00, 0x3f, 0x00, 0x73, 0x80, 0x61, 0x80, 0x61, 0x80, 0x73, 0x80,
	0x3f, 0x00, 0x1e, 0x00, 0x00, 0x00, 0x00, 0x00, 0x00, 0x00, 0x00, 0x00, 0x00, 0x00, 0x00, 0x00,
	0x00, 0x00, 0x1e, 0x00, 0x3f, 0x00, 0x63, 0x80, 0x61, 0x80, 0x61, 0x80, 0x61, 0x80, 0x3f, 0x80,
	0x1d, 0x80, 0x01, 0x80, 0x01, 0x80, 0x63, 0x00, 0x7f, 0x00, 0x3e, 0x00, 0x00, 0x00, 0x00, 0x00,
	0x00, 0x00, 0x00, 0x00, 0x00, 0x00, 0x00, 0x00, 0x00, 0x00, 0x60, 0x60, 0x00, 0x00, 0x00, 0x00,
	0x00, 0x00, 0x60, 0x60, 0x00, 0x00, 0x00, 0x00, 0x00, 0x00, 0x00, 0x00, 0x00, 0x00, 0x60, 0x60,
	0x00, 0x00, 0x00, 0x00, 0x00, 0x00, 0x60, 0x60, 0x20, 0x20, 0x40, 0x00, 0x00, 0x00, 0x00, 0x00,
	0x00, 0x00, 0x00, 0x00, 0x00, 0x00, 0x00, 0x00, 0x00, 0x00, 0x01, 0x80, 0x07, 0x80, 0x1e, 0x00,
	0x38, 0x00, 0x60, 0x00, 0x38, 0x00, 0x1e, 0x00, 0x07, 0x80, 0x01, 0x80, 0x00, 0x00, 0x00, 0x00,
	0x00, 0x00, 0x00, 0x00, 0x00, 0x00, 0x00, 0x00, 0x00, 0x00, 0x00, 0x00, 0x00, 0x00, 0x00, 0x00,
	0x00, 0x00, 0x00, 0x00, 0x00, 0x00, 0x3f, 0x80, 0x3f, 0x80, 0x00, 0x00, 0x3f, 0x80, 0x3f, 0x80,
	0x00, 0x00, 0x00, 0x00, 0x00, 0x00, 0x00, 0x00, 0x00, 0x00, 0x00, 0x00, 0x00, 0x00, 0x00, 0x00,
	0x00, 0x00, 0x00, 0x00, 0x00, 0x00, 0x00, 0x00, 0x00, 0x00, 0x60, 0x00, 0x78, 0x00, 0x1e, 0x00,
	0x07, 0x00, 0x01, 0x80, 0x07, 0x00, 0x1e, 0x00, 0x78, 0x00, 0x60, 0x00, 0x00, 0x00, 0x00, 0x00,
	0x00, 0x00, 0x00, 0x00, 0x00, 0x00, 0x00, 0x00, 0x3e, 0x00, 0x7f, 0x00, 0x63, 0x00, 0x63, 0x00,
	0x07, 0x00, 0x0e, 0x00, 0x1c, 0x00, 0x18, 0x00, 0x18, 0x00, 0x18, 0x00, 0x00, 0x00, 0x00, 0x00,
	0x18, 0x00, 0x18, 0x00, 0x00, 0x00, 0x00, 0x00, 0x00, 0x00, 0x00, 0x00, 0x00, 0x00, 0x00, 0x00,
	0x00, 0x00, 0x01, 0xf8, 0x00, 0x07, 0xfe, 0x00, 0x0e, 0x07, 0x00, 0x18, 0x03, 0x00, 0x31, 0xe9,
	0x80, 0x33, 0xb9, 0x80, 0x63, 0x19, 0x80, 0x66, 0x31, 0x80, 0x66, 0x33, 0x00, 0x66, 0x33, 0x00,
	0x66, 0x66, 0x00, 0x67, 0xfc, 0x00, 0x33, 0xb8, 0x00, 0x38, 0x00, 0x00, 0x1c, 0x00, 0x00, 0x0f,
	0xf8, 0x00, 0x03, 0xf0, 0x00, 0x00, 0x00, 0x00, 0x00, 0x00, 0x00, 0x00, 0x06, 0x00, 0x06, 0x00,
	0x0f, 0x00, 0x0f, 0x00, 0x19, 0x80, 0x19, 0x80, 0x30, 0xc0, 0x30, 0xc0, 0x3f, 0xc0, 0x7f, 0xe0,
	0x60, 0x60, 0x60, 0x60, 0xc0, 0x30, 0xc0, 0x30, 0x00, 0x00, 0x00, 0x00, 0x00, 0x00, 0x00, 0x00,
	0x00, 0x00, 0x00, 0x00, 0x7f, 0x80, 0x7f, 0xc0, 0x60, 0xe0, 0x60, 0x60, 0x60, 0x60, 0x60, 0xc0,
	0x7f, 0xc0, 0x7f, 0xe0, 0x60, 0x70, 0x60, 0x30, 0x60, 0x30, 0x60, 0x70, 0x7f, 0xe0, 0x7f, 0xc0,
	0x00, 0x00, 0x00, 0x00, 0x00, 0x00, 0x00, 0x00, 0x00, 0x00, 0x00, 0x00, 0x07, 0xc0, 0x1f, 0xf0,
	0x38, 0x38, 0x30, 0x18, 0x70, 0x00, 0x60, 0x00, 0x60, 0x00, 0x60, 0x00, 0x60, 0x00, 0x70, 0x00,
	0x30, 0x18, 0x38, 0x38, 0x1f, 0xf0, 0x07, 0xc0, 0x00, 0x00, 0x00, 0x00, 0x00, 0x00, 0x00, 0x00,
	0x00, 0x00, 0x00, 0x00, 0x7f, 0xc0, 0x7f, 0xe0, 0x60, 0x70, 0x60, 0x30, 0x60, 0x18, 0x60, 0x18,
	0x60, 0x18, 0x60, 0x18, 0x60, 0x18, 0x60, 0x18, 0x60, 0x30, 0x60, 0x70, 0x7f, 0xe0, 0x7f, 0xc0,
	0x00, 0x00, 0x00, 0x00, 0x00, 0x00, 0x00, 0x00, 0x00, 0x00, 0x00, 0x00, 0x3f, 0xf0, 0x3f, 0xf0,
	0x30, 0x00, 0x30, 0x00, 0x30, 0x00, 0x30, 0x00, 0x3f, 0xe0, 0x3f, 0xe0, 0x30, 0x00, 0x30, 0x00,
	0x30, 0x00, 0x30, 0x00, 0x3f, 0xf0, 0x3f, 0xf0, 0x00, 0x00, 0x00, 0x00, 0x00, 0x00, 0x00, 0x00,
	0x00, 0x00, 0x00, 0x00, 0x3f, 0xe0, 0x3f, 0xe0, 0x30, 0x00, 0x30, 0x00, 0x30, 0x00, 0x30, 0x00,
	0x3f, 0xc0, 0x3f, 0xc0, 0x30, 0x00, 0x30, 0x00, 0x30, 0x00, 0x30, 0x00, 0x30, 0x00, 0x30, 0x00,
	0x00, 0x00, 0x00, 0x00, 0x00, 0x00, 0x00, 0x00, 0x00, 0x00, 0x00, 0x00, 0x07, 0xe0, 0x1f, 0xf8,
	0x38, 0x1c, 0x30, 0x0c, 0x70, 0x0c, 0x60, 0x00, 0x60, 0x00, 0x60, 0x7c, 0x60, 0x7c, 0x70, 0x0c,
	0x30, 0x0c, 0x38, 0x1c, 0x1f, 0xfc, 0x07, 0xec, 0x00, 0x00, 0x00, 0x00, 0x00, 0x00, 0x00, 0x00,
	0x00, 0x00, 0x00, 0x00, 0x60, 0x30, 0x60, 0x30, 0x60, 0x30, 0x60, 0x30, 0x60, 0x30, 0x60, 0x30,
	0x7f, 0xf0, 0x7f, 0xf0, 0x60, 0x30, 0x60, 0x30, 0x60, 0x30, 0x60, 0x30, 0x60, 0x30, 0x60, 0x30,
	0x00, 0x00, 0x00, 0x00, 0x00, 0x00, 0x00, 0x00, 0x00, 0x00, 0x30, 0x30, 0x30, 0x30, 0x30, 0x30,
	0x30, 0x30, 0x30, 0x30, 0x30, 0x30, 0x30, 0x30, 0x00, 0x00, 0x00, 0x00, 0x00, 0x00, 0x00, 0x00,
	0x03, 0x00, 0x03, 0x00, 0x03, 0x00, 0x03, 0x00, 0x03, 0x00, 0x03, 0x00, 0x03, 0x00, 0x03, 0x00,
	0x03, 0x00, 0xc3, 0x00, 0xc3, 0x00, 0xe7, 0x00, 0x7e, 0x00, 0x3c, 0x00, 0x00, 0x00, 0x00, 0x00,
	0x00, 0x00, 0x00, 0x00, 0x00, 0x00, 0x00, 0x00, 0x30, 0x38, 0x30, 0x70, 0x30, 0xe0, 0x31, 0xc0,
	0x33, 0x80, 0x37, 0x00, 0x3e, 0x00, 0x3f, 0x00, 0x33, 0x80, 0x31, 0xc0, 0x30, 0xe0, 0x30, 0x70,
	0x30, 0x38, 0x30, 0x18, 0x00, 0x00, 0x00, 0x00, 0x00, 0x00, 0x00, 0x00, 0x00, 0x00, 0x00, 0x00,
	0x60, 0x00, 0x60, 0x00, 0x60, 0x00, 0x60, 0x00, 0x60, 0x00, 0x60, 0x00, 0x60, 0x00, 0x60, 0x00,
	0x60, 0x00, 0x60, 0x00, 0x60, 0x00, 0x60, 0x00, 0x7f, 0xc0, 0x7f, 0xc0, 0x00, 0x00, 0x00, 0x00,
	0x00, 0x00, 0x00, 0x00, 0x00, 0x00, 0x00, 0x00, 0x60, 0x06, 0x60, 0x06, 0x70, 0x0e, 0x70, 0x0e,
	0x78, 0x1e, 0x78, 0x1e, 0x6c, 0x36, 0x6c, 0x36, 0x66, 0x66, 0x66, 0x66, 0x62, 0x46, 0x63, 0xc6,
	0x61, 0x86, 0x61, 0x86, 0x00, 0x00, 0x00, 0x00, 0x00, 0x00, 0x00, 0x00, 0x00, 0x00, 0x00, 0x00,
	0x60, 0x30, 0x70, 0x30, 0x78, 0x30, 0x78, 0x30, 0x6c, 0x30, 0x66, 0x30, 0x66, 0x30, 0x63, 0x30,
	0x63, 0x30, 0x61, 0xb0, 0x60, 0xf0, 0x60, 0xf0, 0x60, 0x70, 0x60, 0x30, 0x00, 0x00, 0x00, 0x00,
	0x00, 0x00, 0x00, 0x00, 0x00, 0x00, 0x00, 0x00, 0x07, 0xc0, 0x1f, 0xf0, 0x38, 0x38, 0x30, 0x18,
	0x70, 0x1c, 0x60, 0x0c, 0x60, 0x0c, 0x60, 0x0c, 0x60, 0x0c, 0x70, 0x1c, 0x30, 0x18, 0x38, 0x38,
	0x1f, 0xf0, 0x07, 0xc0, 0x00, 0x00, 0x00, 0x00, 0x00, 0x00, 0x00, 0x00, 0x00, 0x00, 0x00, 0x00,
	0x3f, 0xc0, 0x3f, 0xe0, 0x30, 0x70, 0x30, 0x30, 0x30, 0x30, 0x30, 0x70, 0x3f, 0xe0, 0x3f, 0xc0,
	0x30, 0x00, 0x30, 0x00, 0x30, 0x00, 0x30, 0x00, 0x30, 0x00, 0x30, 0x00, 0x00, 0x00, 0x00, 0x00,
	0x00, 0x00, 0x00, 0x00, 0x00, 0x00, 0x00, 0x00, 0x07, 0xc0, 0x1f, 0xf0, 0x38, 0x38, 0x30, 0x18,
	0x70, 0x1c, 0x60, 0x0c, 0x60, 0x0c, 0x60, 0x0c, 0x60, 0x0c, 0x70, 0xdc, 0x30, 0xd8, 0x38, 0x78,
	0x1f, 0xf0, 0x07, 0xd8, 0x00, 0x18, 0x00, 0x00, 0x00, 0x00, 0x00, 0x00, 0x00, 0x00, 0x00, 0x00,
	0x7f, 0xc0, 0x7f, 0xe0, 0x60, 0x70, 0x60, 0x30, 0x60, 0x30, 0x60, 0x70, 0x7f, 0xe0, 0x7f, 0xc0,
	0x60, 0x60, 0x60, 0x60, 0x60, 0x30, 0x60, 0x30, 0x60, 0x30, 0x60, 0x30, 0x00, 0x00, 0x00, 0x00,
	0x00, 0x00, 0x00, 0x00, 0x00, 0x00, 0x00, 0x00, 0x0f, 0x00, 0x3f, 0xc0, 0x70, 0xe0, 0x60, 0x60,
	0x70, 0x00, 0x3e, 0x00, 0x0f, 0x80, 0x01, 0xc0, 0x00, 0xe0, 0x00, 0x60, 0x60, 0x60, 0x70, 0xe0,
	0x3f, 0xc0, 0x1f, 0x80, 0x00, 0x00, 0x00, 0x00, 0x00, 0x00, 0x00, 0x00, 0x00, 0x00, 0x00, 0x00,
	0x7f, 0xe0, 0x7f, 0xe0, 0x06, 0x00, 0x06, 0x00, 0x06, 0x00, 0x06, 0x00, 0x06, 0x00, 0x06, 0x00,
	0x06, 0x00, 0x06, 0x00, 0x06, 0x00, 0x06, 0x00, 0x06, 0x00, 0x06, 0x00, 0x00, 0x00, 0x00, 0x00,
	0x00, 0x00, 0x00, 0x00, 0x00, 0x00, 0x00, 0x00, 0x60, 0x30, 0x60, 0x30, 0x60, 0x30, 0x60, 0x30,
	0x60, 0x30, 0x60, 0x30, 0x60, 0x30, 0x60, 0x30, 0x60, 0x30, 0x60, 0x30, 0x60, 0x30, 0x30, 0x60,
	0x3f, 0xe0, 0x0f, 0x80, 0x00, 0x00, 0x00, 0x00, 0x00, 0x00, 0x00, 0x00, 0x00, 0x00, 0x00, 0x00,
	0xc0, 0x30, 0xc0, 0x30, 0x60, 0x60, 0x60, 0x60, 0x60, 0x60, 0x30, 0xc0, 0x30, 0xc0, 0x30, 0xc0,
	0x19, 0x80, 0x19, 0x80, 0x19, 0x80, 0x0f, 0x00, 0x0f, 0x00, 0x06, 0x00, 0x00, 0x00, 0x00, 0x00,
	0x00, 0x00, 0x00, 0x00, 0x00, 0x00, 0x00, 0x00, 0x00, 0x00, 0x60, 0xc1, 0x80, 0x60, 0xc1, 0x80,
	0x60, 0xc1, 0x80, 0x61, 0xe1, 0x80, 0x31, 0xe3, 0x00, 0x31, 0x23, 0x00, 0x33, 0x33, 0x00, 0x33,
	0x33, 0x00, 0x1b, 0x36, 0x00, 0x1b, 0x36, 0x00, 0x1a, 0x16, 0x00, 0x0e, 0x1c, 0x00, 0x0c, 0x0c,
	0x00, 0x0c, 0x0c, 0x00, 0x00, 0x00, 0x00, 0x00, 0x00, 0x00, 0x00, 0x00, 0x00, 0x00, 0x00, 0x00,
	0x00, 0x00, 0x00, 0x00, 0x60, 0x30, 0x60, 0x30, 0x30, 0x60, 0x38, 0xe0, 0x18, 0xc0, 0x0d, 0x80,
	0x07, 0x00, 0x07, 0x00, 0x0d, 0x80, 0x18, 0xc0, 0x38, 0xe0, 0x30, 0x60, 0x60, 0x30, 0x60, 0x30,
	0x00, 0x00, 0x00, 0x00, 0x00, 0x00, 0x00, 0x00, 0x00, 0x00, 0x00, 0x00, 0xc0, 0x30, 0xc0, 0x30,
	0x60, 0x60, 0x60, 0x60, 0x30, 0xc0, 0x39, 0xc0, 0x19, 0x80, 0x0f, 0x00, 0x06, 0x00, 0x06, 0x00,
	0x06, 0x00, 0x06, 0x00, 0x06, 0x00, 0x06, 0x00, 0x00, 0x00, 0x00, 0x00, 0x00, 0x00, 0x00, 0x00,
	0x00, 0x00, 0x00, 0x00, 0x7f, 0xe0, 0x7f, 0xe0, 0x00, 0x60, 0x00, 0xc0, 0x01, 0x80, 0x03, 0x00,
	0x06, 0x00, 0x0e, 0x00, 0x0c, 0x00, 0x18, 0x00, 0x30, 0x00, 0x60, 0x00, 0x7f, 0xe0, 0x7f, 0xe0,
	0x00, 0x00, 0x00, 0x00, 0x00, 0x00, 0x00, 0x00, 0x00, 0x00, 0xf0, 0xf0, 0xc0, 0xc0, 0xc0, 0xc0,
	0xc0, 0xc0, 0xc0, 0xc0, 0xc0, 0xc0, 0xc0, 0xc0, 0xc0, 0xc0, 0xf0, 0xf0, 0x00, 0x00, 0xc0, 0xc0,
	0xc0, 0x60, 0x60, 0x60, 0x30, 0x30, 0x30, 0x30, 0x18, 0x18, 0x18, 0x18, 0x00, 0x00, 0x00, 0x00,
	0x00, 0x00, 0xf0, 0xf0, 0x30, 0x30, 0x30, 0x30, 0x30, 0x30, 0x30, 0x30, 0x30, 0x30, 0x30, 0x30,
	0x30, 0x30, 0xf0, 0xf0, 0x00, 0x00, 0x00, 0x00, 0x00, 0x00, 0x08, 0x00, 0x1c, 0x00, 0x36, 0x00,
	0x36, 0x00, 0x63, 0x00, 0x63, 0x00, 0x00, 0x00, 0x00, 0x00, 0x00, 0x00, 0x00, 0x00, 0x00, 0x00,
	0x00, 0x00, 0x00, 0x00, 0x00, 0x00, 0x00, 0x00, 0x00, 0x00, 0x00, 0x00, 0x00, 0x00, 0x00, 0x00,
	0x00, 0x00, 0x00, 0x00, 0x00, 0x00, 0x00, 0x00, 0x00, 0x00, 0x00, 0x00, 0x00, 0x00, 0x00, 0x00,
	0x00, 0x00, 0x00, 0x00, 0x00, 0x00, 0x00, 0x00, 0x00, 0x00, 0x00, 0x00, 0x00, 0x00, 0x00, 0x00,
	0xff, 0xe0, 0xff, 0xe0, 0x00, 0x00, 0xc0, 0x60, 0x30, 0x00, 0x00, 0x00, 0x00, 0x00, 0x00, 0x00,
	0x00, 0x00, 0x00, 0x00, 0x00, 0x00, 0x00, 0x00, 0x00, 0x00, 0x00, 0x00, 0x00, 0x00, 0x00, 0x00,
	0x00, 0x00, 0x00, 0x00, 0x3f, 0x00, 0x73, 0x80, 0x61, 0x80, 0x03, 0x80, 0x3f, 0x80, 0x71, 0x80,
	0x61, 0x80, 0x61, 0x80, 0x73, 0xc0, 0x3c, 0xc0, 0x00, 0x00, 0x00, 0x00, 0x00, 0x00, 0x00, 0x00,
	0x00, 0x00, 0x00, 0x00, 0x60, 0x00, 0x60, 0x00, 0x60, 0x00, 0x60, 0x00, 0x6f, 0x00, 0x7f, 0x80,
	0x71, 0x80, 0x60, 0xc0, 0x60, 0xc0, 0x60, 0xc0, 0x60, 0xc0, 0x71, 0x80, 0x7f, 0x80, 0x6f, 0x00,
	0x00, 0x00, 0x00, 0x00, 0x00, 0x00, 0x00, 0x00, 0x00, 0x00, 0x00, 0x00, 0x00, 0x00, 0x00, 0x00,
	0x00, 0x00, 0x00, 0x00, 0x1f, 0x00, 0x3f, 0x80, 0x31, 0x80, 0x60, 0x00, 0x60, 0x00, 0x60, 0x00,
	0x60, 0x00, 0x31, 0x80, 0x3f, 0x80, 0x1f, 0x00, 0x00, 0x00, 0x00, 0x00, 0x00, 0x00, 0x00, 0x00,
	0x00, 0x00, 0x00, 0x00, 0x00, 0xc0, 0x00, 0xc0, 0x00, 0xc0, 0x00, 0xc0, 0x1e, 0xc0, 0x3f, 0xc0,
	0x31, 0xc0, 0x60, 0xc0, 0x60, 0xc0, 0x60, 0xc0, 0x60, 0xc0, 0x31, 0xc0, 0x3f, 0xc0, 0x1e, 0xc0,
	0x00, 0x00, 0x00, 0x00, 0x00, 0x00, 0x00, 0x00, 0x00, 0x00, 0x00, 0x00, 0x00, 0x00, 0x00, 0x00,
	0x00, 0x00, 0x00, 0x00, 0x1e, 0x00, 0x3f, 0x00, 0x61, 0x80, 0x61, 0x80, 0x7f, 0x80, 0x60, 0x00,
	0x60, 0x00, 0x71, 0x80, 0x3f, 0x80, 0x1e, 0x00, 0x00, 0x00, 0x00, 0x00, 0x00, 0x00, 0x00, 0x00,
	0x00, 0x00, 0x1c, 0x3c, 0x30, 0x30, 0xfc, 0xfc, 0x30, 0x30, 0x30, 0x30, 0x30, 0x30, 0x30, 0x30,
	0x00, 0x00, 0x00, 0x00, 0x00, 0x00, 0x00, 0x00, 0x00, 0x00, 0x00, 0x00, 0x00, 0x00, 0x00, 0x00,
	0x1e, 0xc0, 0x3f, 0xc0, 0x30, 0xc0, 0x60, 0xc0, 0x60, 0xc0, 0x60, 0xc0, 0x60, 0xc0, 0x31, 0xc0,
	0x3f, 0xc0, 0x1e, 0xc0, 0x00, 0xc0, 0x31, 0x80, 0x3f, 0x80, 0x0e, 0x00, 0x00, 0x00, 0x00, 0x00,
	0x60, 0x00, 0x60, 0x00, 0x60, 0x00, 0x60, 0x00, 0x6f, 0x00, 0x7f, 0x80, 0x71, 0x80, 0x61, 0x80,
	0x61, 0x80, 0x61, 0x80, 0x61, 0x80, 0x61, 0x80, 0x61, 0x80, 0x61, 0x80, 0x00, 0x00, 0x00, 0x00,
	0x00, 0x00, 0x00, 0x00, 0x00, 0x00, 0x60, 0x60, 0x00, 0x00, 0x60, 0x60, 0x60, 0x60, 0x60, 0x60,
	0x60, 0x60, 0x60, 0x60, 0x00, 0x00, 0x00, 0x00, 0x00, 0x00, 0x60, 0x60, 0x00, 0x00, 0x60, 0x60,
	0x60, 0x60, 0x60, 0x60, 0x60, 0x60, 0x60, 0x60, 0x60, 0x60, 0xe0, 0xc0, 0x00, 0x00, 0x00, 0x00,
	0x60, 0x00, 0x60, 0x00, 0x60, 0x00, 0x60, 0x00, 0x63, 0x00, 0x66, 0x00, 0x6c, 0x00, 0x78, 0x00,
	0x7c, 0x00, 0x6c, 0x00, 0x66, 0x00, 0x67, 0x00, 0x63, 0x00, 0x63, 0x80, 0x00, 0x00, 0x00, 0x00,
	0x00, 0x00, 0x00, 0x00, 0x00, 0x00, 0x60, 0x60, 0x60, 0x60, 0x60, 0x60, 0x60, 0x60, 0x60, 0x60,
	0x60, 0x60, 0x60, 0x60, 0x00, 0x00, 0x00, 0x00, 0x00, 0x00, 0x00, 0x00, 0x00, 0x00, 0x00, 0x00,
	0x00, 0x00, 0x00, 0x00, 0x6f, 0x3c, 0x7f, 0xfe, 0x71, 0xc6, 0x61, 0x86, 0x61, 0x86, 0x61, 0x86,
	0x61, 0x86, 0x61, 0x86, 0x61, 0x86, 0x61, 0x86, 0x00, 0x00, 0x00, 0x00, 0x00, 0x00, 0x00, 0x00,
	0x00, 0x00, 0x00, 0x00, 0x00, 0x00, 0x00, 0x00, 0x00, 0x00, 0x00, 0x00, 0x6f, 0x00, 0x7f, 0x80,
	0x71, 0x80, 0x61, 0x80, 0x61, 0x80, 0x61, 0x80, 0x61, 0x80, 0x61, 0x80, 0x61, 0x80, 0x61, 0x80,
	0x00, 0x00, 0x00, 0x00, 0x00, 0x00, 0x00, 0x00, 0x00, 0x00, 0x00, 0x00, 0x00, 0x00, 0x00, 0x00,
	0x00, 0x00, 0x00, 0x00, 0x1f, 0x00, 0x3f, 0x80, 0x31, 0x80, 0x60, 0xc0, 0x60, 0xc0, 0x60, 0xc0,
	0x60, 0xc0, 0x31, 0x80, 0x3f, 0x80, 0x1f, 0x00, 0x00, 0x00, 0x00, 0x00, 0x00, 0x00, 0x00, 0x00,
	0x00, 0x00, 0x00, 0x00, 0x00, 0x00, 0x00, 0x00, 0x00, 0x00, 0x00, 0x00, 0x6f, 0x00, 0x7f, 0x80,
	0x71, 0x80, 0x60, 0xc0, 0x60, 0xc0, 0x60, 0xc0, 0x60, 0xc0, 0x71, 0x80, 0x7f, 0x80, 0x6f, 0x00,
	0x60, 0x00, 0x60, 0x00, 0x60, 0x00, 0x60, 0x00, 0x00, 0x00, 0x00, 0x00, 0x00, 0x00, 0x00, 0x00,
	0x00, 0x00, 0x00, 0x00, 0x1e, 0xc0, 0x3f, 0xc0, 0x31, 0xc0, 0x60, 0xc0, 0x60, 0xc0, 0x60, 0xc0,
	0x60, 0xc0, 0x31, 0xc0, 0x3f, 0xc0, 0x1e, 0xc0, 0x00, 0xc0, 0x00, 0xc0, 0x00, 0xc0, 0x00, 0xc0,
	0x00, 0x00, 0x00, 0x00, 0x00, 0x00, 0x6c, 0x6c, 0x70, 0x60, 0x60, 0x60, 0x60, 0x60, 0x60, 0x60,
	0x00, 0x00, 0x00, 0x00, 0x00, 0x00, 0x00, 0x00, 0x00, 0x00, 0x00, 0x00, 0x00, 0x00, 0x00, 0x00,
	0x1e, 0x00, 0x3f, 0x00, 0x63, 0x00, 0x60, 0x00, 0x7e, 0x00, 0x1f, 0x00, 0x03, 0x00, 0x63, 0x00,
	0x7e, 0x00, 0x3c, 0x00, 0x00, 0x00, 0x00, 0x00, 0x00, 0x00, 0x00, 0x00, 0x00, 0x00, 0x00, 0x30,
	0x30, 0x30, 0xfc, 0xfc, 0x30, 0x30, 0x30, 0x30, 0x30, 0x30, 0x3c, 0x1c, 0x00, 0x00, 0x00, 0x00,
	0x00, 0x00, 0x00, 0x00, 0x00, 0x00, 0x00, 0x00, 0x00, 0x00, 0x00, 0x00, 0x61, 0x80, 0x61, 0x80,
	0x61, 0x80, 0x61, 0x80, 0x61, 0x80, 0x61, 0x80, 0x61, 0x80, 0x63, 0x80, 0x7f, 0x80, 0x3d, 0x80,
	0x00, 0x00, 0x00, 0x00, 0x00, 0x00, 0x00, 0x00, 0x00, 0x00, 0x00, 0x00, 0x00, 0x00, 0x00, 0x00,
	0x00, 0x00, 0x00, 0x00, 0x61, 0x80, 0x61, 0x80, 0x61, 0x80, 0x33, 0x00, 0x33, 0x00, 0x33, 0x00,
	0x12, 0x00, 0x1e, 0x00, 0x0c, 0x00, 0x0c, 0x00, 0x00, 0x00, 0x00, 0x00, 0x00, 0x00, 0x00, 0x00,
	0x00, 0x00, 0x00, 0x00, 0x00, 0x00, 0x00, 0x00, 0x00, 0x00, 0x00, 0x00, 0x63, 0x18, 0x63, 0x18,
	0x63, 0x18, 0x33, 0x30, 0x33, 0x30, 0x34, 0xb0, 0x14, 0xa0, 0x1c, 0xe0, 0x0c, 0xc0, 0x0c, 0xc0,
	0x00, 0x00, 0x00, 0x00, 0x00, 0x00, 0x00, 0x00, 0x00, 0x00, 0x00, 0x00, 0x00, 0x00, 0x00, 0x00,
	0x00, 0x00, 0x00, 0x00, 0x61, 0x80, 0x73, 0x80, 0x33, 0x00, 0x1e, 0x00, 0x0c, 0x00, 0x0c, 0x00,
	0x1e, 0x00, 0x33, 0x00, 0x73, 0x80, 0x61, 0x80, 0x00, 0x00, 0x00, 0x00, 0x00, 0x00, 0x00, 0x00,
	0x00, 0x00, 0x00, 0x00, 0x00, 0x00, 0x00, 0x00, 0x00, 0x00, 0x00, 0x00, 0x61, 0x80, 0x61, 0x80,
	0x61, 0x80, 0x33, 0x00, 0x33, 0x00, 0x33, 0x00, 0x12, 0x00, 0x1e, 0x00, 0x0c, 0x00, 0x0c, 0x00,
	0x0c, 0x00, 0x0c, 0x00, 0x38, 0x00, 0x38, 0x00, 0x00, 0x00, 0x00, 0x00, 0x00, 0x00, 0x00, 0x00,
	0x00, 0x00, 0x00, 0x00, 0x7f, 0x00, 0x7f, 0x00, 0x03, 0x00, 0x06, 0x00, 0x0c, 0x00, 0x18, 0x00,
	0x30, 0x00, 0x60, 0x00, 0x7f, 0x00, 0x7f, 0x00, 0x00, 0x00, 0x00, 0x00, 0x00, 0x00, 0x00, 0x00,
	0x00, 0x00, 0x18, 0x30, 0x60, 0x60, 0x60, 0x60, 0x60, 0xc0, 0x80, 0xc0, 0x60, 0x60, 0x60, 0x60,
	0x60, 0x60, 0x30, 0x18, 0x00, 0x00, 0x60, 0x60, 0x60, 0x60, 0x60, 0x60, 0x60, 0x60, 0x60, 0x60,
	0x60, 0x60, 0x60, 0x60, 0x60, 0x60, 0x60, 0x60, 0x00, 0x00, 0xc0, 0x60, 0x30, 0x30, 0x30, 0x30,
	0x30, 0x18, 0x0c, 0x18, 0x30, 0x30, 0x30, 0x30, 0x30, 0x30, 0x60, 0xc0, 0x00, 0x00, 0x00, 0x00,
	0x00, 0x00, 0x00, 0x00, 0x00, 0x00, 0x00, 0x00, 0x00, 0x00, 0x00, 0x00, 0x00, 0x00, 0x39, 0x80,
	0x7f, 0x80, 0x67, 0x00, 0x00, 0x00, 0x00, 0x00, 0x00, 0x00, 0x00, 0x00, 0x00, 0x00, 0x00, 0x00,
	0x00, 0x00, 0x00, 0x00, 0x00, 0x00, 0x00, 0x00, 0x3e, 0x00, 0x7f, 0x00, 0x63, 0x00, 0x63, 0x00,
	0x07, 0x00, 0x0e, 0x00, 0x1c, 0x00, 0x18, 0x00, 0x18, 0x00, 0x18, 0x00, 0x00, 0x00, 0x00, 0x00,
	0x18, 0x00, 0x18, 0x00, 0x00, 0x00, 0x00, 0x00, 0x00, 0x00, 0x00, 0x00, 0x00, 0x00, 0x00, 0x00,
	0x3e, 0x00, 0x7f, 0x00, 0x63, 0x00, 0x63, 0x00, 0x07, 0x00, 0x0e, 0x00, 0x1c, 0x00, 0x18, 0x00,
	0x18, 0x00, 0x18, 0x00, 0x00, 0x00, 0x00, 0x00, 0x18, 0x00, 0x18, 0x00, 0x00, 0x00, 0x00, 0x00,
	0x00, 0x00, 0x00, 0x00, 0x00, 0x00, 0x00, 0x00, 0x3e, 0x00, 0x7f, 0x00, 0x63, 0x00, 0x63, 0x00,
	0x07, 0x00, 0x0e, 0x00, 0x1c, 0x00, 0x18, 0x00, 0x18, 0x00, 0x18, 0x00, 0x00, 0x00, 0x00, 0x00,
	0x18, 0x00, 0x18, 0x00, 0x00, 0x00, 0x00, 0x00, 0x00, 0x00, 0x00, 0x00, 0x00, 0x00, 0x00, 0x00,
	0x3e, 0x00, 0x7f, 0x00, 0x63, 0x00, 0x63, 0x00, 0x07, 0x00, 0x0e, 0x00, 0x1c, 0x00, 0x18, 0x00,
	0x18, 0x00, 0x18, 0x00, 0x00, 0x00, 0x00, 0x00, 0x18, 0x00, 0x18, 0x00, 0x00, 0x00, 0x00, 0x00,
	0x00, 0x00, 0x00, 0x00, 0x00, 0x00, 0x00, 0x00, 0x3e, 0x00, 0x7f, 0x00, 0x63, 0x00, 0x63, 0x00,
	0x07, 0x00, 0x0e, 0x00, 0x1c, 0x00, 0x18, 0x00, 0x18, 0x00, 0x18, 0x00, 0x00, 0x00, 0x00, 0x00,
	0x18, 0x00, 0x18, 0x00, 0x00, 0x00, 0x00, 0x00, 0x00, 0x00, 0x00, 0x00, 0x00, 0x00, 0x00, 0x00,
	0x3e, 0x00, 0x7f, 0x00, 0x63, 0x00, 0x63, 0x00, 0x07, 0x00, 0x0e, 0x00, 0x1c, 0x00, 0x18, 0x00,
	0x18, 0x00, 0x18, 0x00, 0x00, 0x00, 0x00, 0x00, 0x18, 0x00, 0x18, 0x00, 0x00, 0x00, 0x00, 0x00,
	0x00, 0x00, 0x00, 0x00, 0x00, 0x00, 0x00, 0x00, 0x3e, 0x00, 0x7f, 0x00, 0x63, 0x00, 0x63, 0x00,
	0x07, 0x00, 0x0e, 0x00, 0x1c, 0x00, 0x18, 0x00, 0x18, 0x00, 0x18, 0x00, 0x00, 0x00, 0x00, 0x00,
	0x18, 0x00, 0x18, 0x00, 0x00, 0x00, 0x00, 0x00, 0x00, 0x00, 0x00, 0x00, 0x00, 0x00, 0x00, 0x00,
	0x3e, 0x00, 0x7f, 0x00, 0x63, 0x00, 0x63, 0x00, 0x07, 0x00, 0x0e, 0x00, 0x1c, 0x00, 0x18, 0x00,
	0x18, 0x00, 0x18, 0x00, 0x00, 0x00, 0x00, 0x00, 0x18, 0x00, 0x18, 0x00, 0x00, 0x00, 0x00, 0x00,
	0x00, 0x00, 0x00, 0x00, 0x00, 0x00, 0x00, 0x00, 0x3e, 0x00, 0x7f, 0x00, 0x63, 0x00, 0x63, 0x00,
	0x07, 0x00, 0x0e, 0x00, 0x1c, 0x00, 0x18, 0x00, 0x18, 0x00, 0x18, 0x00, 0x00, 0x00, 0x00, 0x00,
	0x18, 0x00, 0x18, 0x00, 0x00, 0x00, 0x00, 0x00, 0x00, 0x00, 0x00, 0x00, 0x00, 0x00, 0x00, 0x00,
	0x3e, 0x00, 0x7f, 0x00, 0x63, 0x00, 0x63, 0x00, 0x07, 0x00, 0x0e, 0x00, 0x1c, 0x00, 0x18, 0x00,
	0x18, 0x00, 0x18, 0x00, 0x00, 0x00, 0x00, 0x00, 0x18, 0x00, 0x18, 0x00, 0x00, 0x00, 0x00, 0x00,
	0x00, 0x00, 0x00, 0x00, 0x00, 0x00, 0x00, 0x00, 0x3e, 0x00, 0x7f, 0x00, 0x63, 0x00, 0x63, 0x00,
	0x07, 0x00, 0x0e, 0x00, 0x1c, 0x00, 0x18, 0x00, 0x18, 0x00, 0x18, 0x00, 0x00, 0x00, 0x00, 0x00,
	0x18, 0x00, 0x18, 0x00, 0x00, 0x00, 0x00, 0x00, 0x00, 0x00, 0x00, 0x00, 0x00, 0x00, 0x00, 0x00,
	0x3e, 0x00, 0x7f, 0x00, 0x63, 0x00, 0x63, 0x00, 0x07, 0x00, 0x0e, 0x00, 0x1c, 0x00, 0x18, 0x00,
	0x18, 0x00, 0x18, 0x00, 0x00, 0x00, 0x00, 0x00, 0x18, 0x00, 0x18, 0x00, 0x00, 0x00, 0x00, 0x00,
	0x00, 0x00, 0x00, 0x00, 0x00, 0x00, 0x00, 0x00, 0x3e, 0x00, 0x7f, 0x00, 0x63, 0x00, 0x63, 0x00,
	0x07, 0x00, 0x0e, 0x00, 0x1c, 0x00, 0x18, 0x00, 0x18, 0x00, 0x18, 0x00, 0x00, 0x00, 0x00, 0x00,
	0x18, 0x00, 0x18, 0x00, 0x00, 0x00, 0x00, 0x00, 0x00, 0x00, 0x00, 0x00, 0x00, 0x00, 0x00, 0x00,
	0x3e, 0x00, 0x7f, 0x00, 0x63, 0x00, 0x63, 0x00, 0x07, 0x00, 0x0e, 0x00, 0x1c, 0x00, 0x18, 0x00,
	0x18, 0x00, 0x18, 0x00, 0x00, 0x00, 0x00, 0x00, 0x18, 0x00, 0x18, 0x00, 0x00, 0x00, 0x00, 0x00,
	0x00, 0x00, 0x00, 0x00, 0x00, 0x00, 0x00, 0x00, 0x3e, 0x00, 0x7f, 0x00, 0x63, 0x00, 0x63, 0x00,
	0x07, 0x00, 0x0e, 0x00, 0x1c, 0x00, 0x18, 0x00, 0x18, 0x00, 0x18, 0x00, 0x00, 0x00, 0x00, 0x00,
	0x18, 0x00, 0x18, 0x00, 0x00, 0x00, 0x00, 0x00, 0x00, 0x00, 0x00, 0x00, 0x00, 0x00, 0x00, 0x00,
	0x3e, 0x00, 0x7f, 0x00, 0x63, 0x00, 0x63, 0x00, 0x07, 0x00, 0x0e, 0x00, 0x1c, 0x00, 0x18, 0x00,
	0x18, 0x00, 0x18, 0x00, 0x00, 0x00, 0x00, 0x00, 0x18, 0x00, 0x18, 0x00, 0x00, 0x00, 0x00, 0x00,
	0x00, 0x00, 0x00, 0x00, 0x00, 0x00, 0x00, 0x00, 0x3e, 0x00, 0x7f, 0x00, 0x63, 0x00, 0x63, 0x00,
	0x07, 0x00, 0x0e, 0x00, 0x1c, 0x00, 0x18, 0x00, 0x18, 0x00, 0x18, 0x00, 0x00, 0x00, 0x00, 0x00,
	0x18, 0x00, 0x18, 0x00, 0x00, 0x00, 0x00, 0x00, 0x00, 0x00, 0x00, 0x00, 0x00, 0x00, 0x00, 0x00,
	0x3e, 0x00, 0x7f, 0x00, 0x63, 0x00, 0x63, 0x00, 0x07, 0x00, 0x0e, 0x00, 0x1c, 0x00, 0x18, 0x00,
	0x18, 0x00, 0x18, 0x00, 0x00, 0x00, 0x00, 0x00, 0x18, 0x00, 0x18, 0x00, 0x00, 0x00, 0x00, 0x00,
	0x00, 0x00, 0x00, 0x00, 0x00, 0x00, 0x00, 0x00, 0x3e, 0x00, 0x7f, 0x00, 0x63, 0x00, 0x63, 0x00,
	0x07, 0x00, 0x0e, 0x00, 0x1c, 0x00, 0x18, 0x00, 0x18, 0x00, 0x18, 0x00, 0x00, 0x00, 0x00, 0x00,
	0x18, 0x00, 0x18, 0x00, 0x00, 0x00, 0x00, 0x00, 0x00, 0x00, 0x00, 0x00, 0x00, 0x00, 0x00, 0x00,
	0x3e, 0x00, 0x7f, 0x00, 0x63, 0x00, 0x63, 0x00, 0x07, 0x00, 0x0e, 0x00, 0x1c, 0x00, 0x18, 0x00,
	0x18, 0x00, 0x18, 0x00, 0x00, 0x00, 0x00, 0x00, 0x18, 0x00, 0x18, 0x00, 0x00, 0x00, 0x00, 0x00,
	0x00, 0x00, 0x00, 0x00, 0x00, 0x00, 0x00, 0x00, 0x3e, 0x00, 0x7f, 0x00, 0x63, 0x00, 0x63, 0x00,
	0x07, 0x00, 0x0e, 0x00, 0x1c, 0x00, 0x18, 0x00, 0x18, 0x00, 0x18, 0x00, 0x00, 0x00, 0x00, 0x00,
	0x18, 0x00, 0x18, 0x00, 0x00, 0x00, 0x00, 0x00, 0x00, 0x00, 0x00, 0x00, 0x00, 0x00, 0x00, 0x00,
	0x3e, 0x00, 0x7f, 0x00, 0x63, 0x00, 0x63, 0x00, 0x07, 0x00, 0x0e, 0x00, 0x1c, 0x00, 0x18, 0x00,
	0x18, 0x00, 0x18, 0x00, 0x00, 0x00, 0x00, 0x00, 0x18, 0x00, 0x18, 0x00, 0x00, 0x00, 0x00, 0x00,
	0x00, 0x00, 0x00, 0x00, 0x00, 0x00, 0x00, 0x00, 0x3e, 0x00, 0x7f, 0x00, 0x63, 0x00, 0x63, 0x00,
	0x07, 0x00, 0x0e, 0x00, 0x1c, 0x00, 0x18, 0x00, 0x18, 0x00, 0x18, 0x00, 0x00, 0x00, 0x00, 0x00,
	0x18, 0x00, 0x18, 0x00, 0x00, 0x00, 0x00, 0x00, 0x00, 0x00, 0x00, 0x00, 0x00, 0x00, 0x00, 0x00,
	0x3e, 0x00, 0x7f, 0x00, 0x63, 0x00, 0x63, 0x00, 0x07, 0x00, 0x0e, 0x00, 0x1c, 0x00, 0x18, 0x00,
	0x18, 0x00, 0x18, 0x00, 0x00, 0x00, 0x00, 0x00, 0x18, 0x00, 0x18, 0x00, 0x00, 0x00, 0x00, 0x00,
	0x00, 0x00, 0x00, 0x00, 0x00, 0x00, 0x00, 0x00, 0x3e, 0x00, 0x7f, 0x00, 0x63, 0x00, 0x63, 0x00,
	0x07, 0x00, 0x0e, 0x00, 0x1c, 0x00, 0x18, 0x00, 0x18, 0x00, 0x18, 0x00, 0x00, 0x00, 0x00, 0x00,
	0x18, 0x00, 0x18, 0x00, 0x00, 0x00, 0x00, 0x00, 0x00, 0x00, 0x00, 0x00, 0x00, 0x00, 0x00, 0x00,
	0x3e, 0x00, 0x7f, 0x00, 0x63, 0x00, 0x63, 0x00, 0x07, 0x00, 0x0e, 0x00, 0x1c, 0x00, 0x18, 0x00,
	0x18, 0x00, 0x18, 0x00, 0x00, 0x00, 0x00, 0x00, 0x18, 0x00, 0x18, 0x00, 0x00, 0x00, 0x00, 0x00,
	0x00, 0x00, 0x00, 0x00, 0x00, 0x00, 0x00, 0x00, 0x3e, 0x00, 0x7f, 0x00, 0x63, 0x00, 0x63, 0x00,
	0x07, 0x00, 0x0e, 0x00, 0x1c, 0x00, 0x18, 0x00, 0x18, 0x00, 0x18, 0x00, 0x00, 0x00, 0x00, 0x00,
	0x18, 0x00, 0x18, 0x00, 0x00, 0x00, 0x00, 0x00, 0x00, 0x00, 0x00, 0x00, 0x00, 0x00, 0x00, 0x00,
	0x3e, 0x00, 0x7f, 0x00, 0x63, 0x00, 0x63, 0x00, 0x07, 0x00, 0x0e, 0x00, 0x1c, 0x00, 0x18, 0x00,
	0x18, 0x00, 0x18, 0x00, 0x00, 0x00, 0x00, 0x00, 0x18, 0x00, 0x18, 0x00, 0x00, 0x00, 0x00, 0x00,
	0x00, 0x00, 0x00, 0x00, 0x00, 0x00, 0x00, 0x00, 0x3e, 0x00, 0x7f, 0x00, 0x63, 0x00, 0x63, 0x00,
	0x07, 0x00, 0x0e, 0x00, 0x1c, 0x00, 0x18, 0x00, 0x18, 0x00, 0x18, 0x00, 0x00, 0x00, 0x00, 0x00,
	0x18, 0x00, 0x18, 0x00, 0x00, 0x00, 0x00, 0x00, 0x00, 0x00, 0x00, 0x00, 0x00, 0x00, 0x00, 0x00,
	0x3e, 0x00, 0x7f, 0x00, 0x63, 0x00, 0x63, 0x00, 0x07, 0x00, 0x0e, 0x00, 0x1c, 0x00, 0x18, 0x00,
	0x18, 0x00, 0x18, 0x00, 0x00, 0x00, 0x00, 0x00, 0x18, 0x00, 0x18, 0x00, 0x00, 0x00, 0x00, 0x00,
	0x00, 0x00, 0x00, 0x00, 0x00, 0x00, 0x00, 0x00, 0x3e, 0x00, 0x7f, 0x00, 0x63, 0x00, 0x63, 0x00,
	0x07, 0x00, 0x0e, 0x00, 0x1c, 0x00, 0x18, 0x00, 0x18, 0x00, 0x18, 0x00, 0x00, 0x00, 0x00, 0x00,
	0x18, 0x00, 0x18, 0x00, 0x00, 0x00, 0x00, 0x00, 0x00, 0x00, 0x00, 0x00, 0x00, 0x00, 0x00, 0x00,
	0x3e, 0x00, 0x7f, 0x00, 0x63, 0x00, 0x63, 0x00, 0x07, 0x00, 0x0e, 0x00, 0x1c, 0x00, 0x18, 0x00,
	0x18, 0x00, 0x18, 0x00, 0x00, 0x00, 0x00, 0x00, 0x18, 0x00, 0x18, 0x00, 0x00, 0x00, 0x00, 0x00,
	0x00, 0x00, 0x00, 0x00, 0x00, 0x00, 0x00, 0x00, 0x3e, 0x00, 0x7f, 0x00, 0x63, 0x00, 0x63, 0x00,
	0x07, 0x00, 0x0e, 0x00, 0x1c, 0x00, 0x18, 0x00, 0x18, 0x00, 0x18, 0x00, 0x00, 0x00, 0x00, 0x00,
	0x18, 0x00, 0x18, 0x00, 0x00, 0x00, 0x00, 0x00, 0x00, 0x00, 0x00, 0x00, 0x00, 0x00, 0x00, 0x00,
	0x00, 0x00, 0x00, 0x00, 0x00, 0x00, 0x00, 0x00, 0x00, 0x00, 0x00, 0x00, 0x00, 0x00, 0x00, 0x00,
	0x00, 0x00, 0x00, 0x00, 0x00, 0x00, 0x30, 0x30, 0x00, 0x00, 0x10, 0x10, 0x30, 0x30, 0x30, 0x30,
	0x30, 0x30, 0x30, 0x30, 0x00, 0x00, 0x00, 0x00, 0x00, 0x00, 0x00, 0x00, 0x02, 0x00, 0x02, 0x00,
	0x1f, 0x00, 0x3f, 0x80, 0x35, 0x80, 0x64, 0x00, 0x64, 0x00, 0x64, 0x00, 0x64, 0x00, 0x35, 0x80,
	0x3f, 0x80, 0x1f, 0x00, 0x08, 0x00, 0x08, 0x00, 0x00, 0x00, 0x00, 0x00, 0x00, 0x00, 0x00, 0x00,
	0x00, 0x00, 0x1e, 0x00, 0x3f, 0x00, 0x61, 0x80, 0x61, 0x80, 0x60, 0x00, 0x30, 0x00, 0x7e, 0x00,
	0x18, 0x00, 0x18, 0x00, 0x30, 0x00, 0x60, 0x80, 0xff, 0x80, 0xdf, 0x00, 0x00, 0x00, 0x00, 0x00,
	0x00, 0x00, 0x00, 0x00, 0x00, 0x00, 0x00, 0x00, 0x00, 0x00, 0x00, 0x00, 0x00, 0x00, 0x00, 0x00,
	0x61, 0x80, 0x7f, 0x80, 0x33, 0x00, 0x33, 0x00, 0x33, 0x00, 0x7f, 0x80, 0x61, 0x80, 0x00, 0x00,
	0x00, 0x00, 0x00, 0x00, 0x00, 0x00, 0x00, 0x00, 0x00, 0x00, 0x00, 0x00, 0x00, 0x00, 0x00, 0x00,
	0x00, 0x00, 0x61, 0x80, 0x61, 0x80, 0x33, 0x00, 0x33, 0x00, 0x33, 0x00, 0x1e, 0x00, 0x7f, 0x80,
	0x0c, 0x00, 0x7f, 0x80, 0x0c, 0x00, 0x0c, 0x00, 0x0c, 0x00, 0x0c, 0x00, 0x00, 0x00, 0x00, 0x00,
	0x00, 0x00, 0x00, 0x00, 0x00, 0x00, 0x60, 0x60, 0x60, 0x60, 0x60, 0x60, 0x60, 0x00, 0x00, 0x00,
	0x00, 0x60, 0x60, 0x60, 0x60, 0x60, 0x60, 0x60, 0x00, 0x00, 0x00, 0x00, 0x1e, 0x00, 0x3f, 0x00,
	0x61, 0x80, 0x61, 0x80, 0x78, 0x00, 0x3e, 0x00, 0x37, 0x00, 0x63, 0x80, 0x61, 0x80, 0x71, 0x80,
	0x39, 0x80, 0x1f, 0x00, 0x07, 0x00, 0x03, 0x80, 0x61, 0x80, 0x61, 0x80, 0x3f, 0x00, 0x1e, 0x00,
	0x00, 0x00, 0xd8, 0xd8, 0x00, 0x00, 0x00, 0x00, 0x00, 0x00, 0x00, 0x00, 0x00, 0x00, 0x00, 0x00,
	0x00, 0x00, 0x00, 0x00, 0x00, 0x00, 0x00, 0x00, 0x07, 0xc0, 0x18, 0x30, 0x20, 0x08, 0x23, 0x88,
	0x44, 0x44, 0x48, 0x44, 0x48, 0x04, 0x48, 0x04, 0x48, 0x04, 0x44, 0x44, 0x23, 0x88, 0x20, 0x08,
	0x18, 0x30, 0x07, 0xc0, 0x00, 0x00, 0x00, 0x00, 0x00, 0x00, 0x00, 0x00, 0x00, 0x00, 0x38, 0x4c,
	0x1c, 0x24, 0x6c, 0x34, 0x00, 0x7c, 0x00, 0x00, 0x00, 0x00, 0x00, 0x00, 0x00, 0x00, 0x00, 0x00,
	0x00, 0x00, 0x00, 0x00, 0x00, 0x00, 0x00, 0x00, 0x00, 0x00, 0x00, 0x00, 0x00, 0x00, 0x00, 0x00,
	0x1b, 0x00, 0x36, 0x00, 0x6c, 0x00, 0x6c, 0x00, 0x36, 0x00, 0x1b, 0x00, 0x00, 0x00, 0x00, 0x00,
	0x00, 0x00, 0x00, 0x00, 0x00, 0x00, 0x00, 0x00, 0x00, 0x00, 0x00, 0x00, 0x00, 0x00, 0x00, 0x00,
	0x00, 0x00, 0x00, 0x00, 0x00, 0x00, 0x00, 0x00, 0x7f, 0xc0, 0x7f, 0xc0, 0x00, 0xc0, 0x00, 0xc0,
	0x00, 0xc0, 0x00, 0x00, 0x00, 0x00, 0x00, 0x00, 0x00, 0x00, 0x00, 0x00, 0x00, 0x00, 0x00, 0x00,
	0x00, 0x00, 0x00, 0x00, 0x00, 0x00, 0x00, 0x00, 0x00, 0x00, 0xf8, 0x00, 0x00, 0x00, 0x00, 0x00,
	0x00, 0x00, 0x00, 0x00, 0x00, 0x00, 0x00, 0x00, 0x0f, 0x80, 0x30, 0x60, 0x40, 0x10, 0x4f, 0x90,
	0x88, 0x48, 0x88, 0x48, 0x88, 0x48, 0x8f, 0x88, 0x89, 0x08, 0x88, 0x88, 0x48, 0x50, 0x40, 0x10,
	0x30, 0x60, 0x0f, 0x80, 0x00, 0x00, 0x00, 0x00, 0x00, 0x00, 0x00, 0x00, 0x00, 0x00, 0x00, 0xf8,
	0x00, 0x00, 0x00, 0x00, 0x00, 0x00, 0x00, 0x00, 0x00, 0x00, 0x00, 0x00, 0x00, 0x00, 0x00, 0x00,
	0x00, 0x00, 0x00, 0x38, 0x6c, 0x44, 0x6c, 0x38, 0x00, 0x00, 0x00, 0x00, 0x00, 0x00, 0x00, 0x00,
	0x00, 0x00, 0x00, 0x00, 0x00, 0x00, 0x00, 0x00, 0x00, 0x00, 0x00, 0x00, 0x00, 0x00, 0x0c, 0x00,
	0x0c, 0x00, 0x0c, 0x00, 0x7f, 0x80, 0x7f, 0x80, 0x0c, 0x00, 0x0c, 0x00, 0x0c, 0x00, 0x00, 0x00,
	0x7f, 0x80, 0x7f, 0x80, 0x00, 0x00, 0x00, 0x00, 0x00, 0x00, 0x00, 0x00, 0x00, 0x00, 0x00, 0x70,
	0xf8, 0x98, 0x18, 0x30, 0x60, 0xf8, 0xf8, 0x00, 0x00, 0x00, 0x00, 0x00, 0x00, 0x00, 0x00, 0x00,
	0x00, 0x00, 0x00, 0x70, 0xf8, 0x98, 0x30, 0x30, 0x98, 0xf8, 0x70, 0x00, 0x00, 0x00, 0x00, 0x00,
	0x00, 0x00, 0x00, 0x00, 0x00, 0x00, 0x30, 0x60, 0xc0, 0x00, 0x00, 0x00, 0x00, 0x00, 0x00, 0x00,
	0x00, 0x00, 0x00, 0x00, 0x00, 0x00, 0x00, 0x00, 0x00, 0x00, 0x00, 0x00, 0x00, 0x00, 0x00, 0x00,
	0x00, 0x00, 0x00, 0x00, 0x61, 0x80, 0x61, 0x80, 0x61, 0x80, 0x61, 0x80, 0x61, 0x80, 0x61, 0x80,
	0x61, 0x80, 0x73, 0x80, 0x7f, 0x80, 0x6d, 0x80, 0x60, 0x00, 0x60, 0x00, 0x60, 0x00, 0x60, 0x00,
	0x00, 0x00, 0x00, 0x00, 0x1f, 0x80, 0x39, 0x00, 0x79, 0x00, 0x79, 0x00, 0x79, 0x00, 0x79, 0x00,
	0x79, 0x00, 0x39, 0x00, 0x19, 0x00, 0x09, 0x00, 0x09, 0x00, 0x09, 0x00, 0x09, 0x00, 0x09, 0x00,
	0x09, 0x00, 0x09, 0x00, 0x09, 0x00, 0x09, 0x00, 0x00, 0x00, 0x00, 0x00, 0x00, 0x00, 0x00, 0x00,
	0x00, 0x00, 0x60, 0x60, 0x00, 0x00, 0x00, 0x00, 0x00, 0x00, 0x00, 0x00, 0x00, 0x00, 0x00, 0x00,
	0x00, 0x00, 0x00, 0x00, 0x00, 0x00, 0x00, 0x00, 0x00, 0x00, 0x00, 0x60, 0x70, 0x18, 0xd8, 0xf0,
	0x00, 0x00, 0x00, 0x30, 0xf0, 0xf0, 0x30, 0x30, 0x30, 0x30, 0x30, 0x00, 0x00, 0x00, 0x00, 0x00,
	0x00, 0x00, 0x00, 0x00, 0x00, 0x00, 0x38, 0x6c, 0x44, 0x44, 0x6c, 0x38, 0x00, 0x7c, 0x00, 0x00,
	0x00, 0x00, 0x00, 0x00, 0x00, 0x00, 0x00, 0x00, 0x00, 0x00, 0x00, 0x00, 0x00, 0x00, 0x00, 0x00,
	0x00, 0x00, 0x00, 0x00, 0x00, 0x00, 0x00, 0x00, 0x6c, 0x00, 0x36, 0x00, 0x1b, 0x00, 0x1b, 0x00,
	0x36, 0x00, 0x6c, 0x00, 0x00, 0x00, 0x00, 0x00, 0x00, 0x00, 0x00, 0x00, 0x00, 0x00, 0x00, 0x00,
	0x00, 0x00, 0x00, 0x00, 0x00, 0x00, 0x30, 0x30, 0xf0, 0x30, 0xf0, 0x60, 0x30, 0xc0, 0x30, 0xc0,
	0x31, 0x88, 0x31, 0x18, 0x33, 0x38, 0x06, 0x78, 0x06, 0xd8, 0x0c, 0xfc, 0x18, 0x18, 0x18, 0x18,
	0x00, 0x00, 0x00, 0x00, 0x00, 0x00, 0x00, 0x00, 0x00, 0x00, 0x00, 0x00, 0x00, 0x00, 0x30, 0x30,
	0xf0, 0x30, 0xf0, 0x60, 0x30, 0xc0, 0x30, 0xc0, 0x31, 0xb8, 0x31, 0x7c, 0x33, 0x4c, 0x06, 0x0c,
	0x06, 0x18, 0x0c, 0x30, 0x18, 0x7c, 0x18, 0x7c, 0x00, 0x00, 0x00, 0x00, 0x00, 0x00, 0x00, 0x00,
	0x00, 0x00, 0x00, 0x00, 0x00, 0x00, 0x70, 0x30, 0xf8, 0x30, 0x98, 0x60, 0x30, 0xc0, 0x30, 0xc0,
	0x99, 0x88, 0xf9, 0x18, 0x73, 0x38, 0x06, 0x78, 0x06, 0xd8, 0x0c, 0xfc, 0x18, 0x18, 0x18, 0x18,
	0x00, 0x00, 0x00, 0x00, 0x00, 0x00, 0x00, 0x00, 0x00, 0x00, 0x00, 0x00, 0x00, 0x00, 0x00, 0x00,
	0x00, 0x00, 0x00, 0x00, 0x0c, 0x00, 0x0c, 0x00, 0x00, 0x00, 0x00, 0x00, 0x0c, 0x00, 0x0c, 0x00,
	0x0c, 0x00, 0x1c, 0x00, 0x38, 0x00, 0x70, 0x00, 0x63, 0x00, 0x63, 0x00, 0x7f, 0x00, 0x3e, 0x00,
	0x06, 0x00, 0x00, 0x00, 0x06, 0x00, 0x06, 0x00, 0x0f, 0x00, 0x0f, 0x00, 0x19, 0x80, 0x19, 0x80,
	0x30, 0xc0, 0x30, 0xc0, 0x3f, 0xc0, 0x7f, 0xe0, 0x60, 0x60, 0x60, 0x60, 0xc0, 0x30, 0xc0, 0x30,
	0x00, 0x00, 0x00, 0x00, 0x00, 0x00, 0x00, 0x00, 0x06, 0x00, 0x00, 0x00, 0x06, 0x00, 0x06, 0x00,
	0x0f, 0x00, 0x0f, 0x00, 0x19, 0x80, 0x19, 0x80, 0x30, 0xc0, 0x30, 0xc0, 0x3f, 0xc0, 0x7f, 0xe0,
	0x60, 0x60, 0x60, 0x60, 0xc0, 0x30, 0xc0, 0x30, 0x00, 0x00, 0x00, 0x00, 0x00, 0x00, 0x00, 0x00,
	0x19, 0x80, 0x00, 0x00, 0x06, 0x00, 0x06, 0x00, 0x0f, 0x00, 0x0f, 0x00, 0x19, 0x80, 0x19, 0x80,
	0x30, 0xc0, 0x30, 0xc0, 0x3f, 0xc0, 0x7f, 0xe0, 0x60, 0x60, 0x60, 0x60, 0xc0, 0x30, 0xc0, 0x30,
	0x00, 0x00, 0x00, 0x00, 0x00, 0x00, 0x00, 0x00, 0x13, 0x00, 0x00, 0x00, 0x06, 0x00, 0x06, 0x00,
	0x0f, 0x00, 0x0f, 0x00, 0x19, 0x80, 0x19, 0x80, 0x30, 0xc0, 0x30, 0xc0, 0x3f, 0xc0, 0x7f, 0xe0,
	0x60, 0x60, 0x60, 0x60, 0xc0, 0x30, 0xc0, 0x30, 0x00, 0x00, 0x00, 0x00, 0x00, 0x00, 0x00, 0x00,
	0x19, 0x80, 0x00, 0x00, 0x06, 0x00, 0x06, 0x00, 0x0f, 0x00, 0x0f, 0x00, 0x19, 0x80, 0x19, 0x80,
	0x30, 0xc0, 0x30, 0xc0, 0x3f, 0xc0, 0x7f, 0xe0, 0x60, 0x60, 0x60, 0x60, 0xc0, 0x30, 0xc0, 0x30,
	0x00, 0x00, 0x00, 0x00, 0x00, 0x00, 0x00, 0x00, 0x09, 0x00, 0x09, 0x00, 0x06, 0x00, 0x06, 0x00,
	0x0f, 0x00, 0x0f, 0x00, 0x19, 0x80, 0x19, 0x80, 0x30, 0xc0, 0x30, 0xc0, 0x3f, 0xc0, 0x7f, 0xe0,
	0x60, 0x60, 0x60, 0x60, 0xc0, 0x30, 0xc0, 0x30, 0x00, 0x00, 0x00, 0x00, 0x00, 0x00, 0x00, 0x00,
	0x00, 0x00, 0x00, 0x00, 0x00, 0x00, 0x03, 0xff, 0x80, 0x03, 0xff, 0x80, 0x06, 0xc0, 0x00, 0x06,
	0xc0, 0x00, 0x0c, 0xc0, 0x00, 0x0c, 0xc0, 0x00, 0x18, 0xff, 0x00, 0x18, 0xff, 0x00, 0x1f, 0xc0,
	0x00, 0x3f, 0xc0, 0x00, 0x30, 0xc0, 0x00, 0x30, 0xc0, 0x00, 0x60, 0xff, 0x80, 0x60, 0xff, 0x80,
	0x00, 0x00, 0x00, 0x00, 0x00, 0x00, 0x00, 0x00, 0x00, 0x00, 0x00, 0x00, 0x00, 0x00, 0x00, 0x00,
	0x07, 0xc0, 0x1f, 0xf0, 0x38, 0x38, 0x30, 0x18, 0x70, 0x00, 0x60, 0x00, 0x60, 0x00, 0x60, 0x00,
	0x60, 0x00, 0x70, 0x00, 0x30, 0x18, 0x38, 0x38, 0x1f, 0xf0, 0x07, 0xc0, 0x03, 0x00, 0x01, 0x80,
	0x0d, 0x80, 0x0f, 0x00, 0x03, 0x00, 0x00, 0x00, 0x3f, 0xf0, 0x3f, 0xf0, 0x30, 0x00, 0x30, 0x00,
	0x30, 0x00, 0x30, 0x00, 0x3f, 0xe0, 0x3f, 0xe0, 0x30, 0x00, 0x30, 0x00, 0x30, 0x00, 0x30, 0x00,
	0x3f, 0xf0, 0x3f, 0xf0, 0x00, 0x00, 0x00, 0x00, 0x00, 0x00, 0x00, 0x00, 0x03, 0x00, 0x00, 0x00,
	0x3f, 0xf0, 0x3f, 0xf0, 0x30, 0x00, 0x30, 0x00, 0x30, 0x00, 0x30, 0x00, 0x3f, 0xe0, 0x3f, 0xe0,
	0x30, 0x00, 0x30, 0x00, 0x30, 0x00, 0x30, 0x00, 0x3f, 0xf0, 0x3f, 0xf0, 0x00, 0x00, 0x00, 0x00,
	0x00, 0x00, 0x00, 0x00, 0x0c, 0xc0, 0x00, 0x00, 0x3f, 0xf0, 0x3f, 0xf0, 0x30, 0x00, 0x30, 0x00,
	0x30, 0x00, 0x30, 0x00, 0x3f, 0xe0, 0x3f, 0xe0, 0x30, 0x00, 0x30, 0x00, 0x30, 0x00, 0x30, 0x00,
	0x3f, 0xf0, 0x3f, 0xf0, 0x00, 0x00, 0x00, 0x00, 0x00, 0x00, 0x00, 0x00, 0x0c, 0xc0, 0x00, 0x00,
	0x3f, 0xf0, 0x3f, 0xf0, 0x30, 0x00, 0x30, 0x00, 0x30, 0x00, 0x30, 0x00, 0x3f, 0xe0, 0x3f, 0xe0,
	0x30, 0x00, 0x30, 0x00, 0x30, 0x00, 0x30, 0x00, 0x3f, 0xf0, 0x3f, 0xf0, 0x00, 0x00, 0x00, 0x00,
	0x00, 0x00, 0x00, 0x00, 0x30, 0x00, 0x30, 0x30, 0x30, 0x30, 0x30, 0x30, 0x30, 0x30, 0x30, 0x30,
	0x30, 0x30, 0x30, 0x30, 0x00, 0x00, 0x00, 0x00, 0x30, 0x00, 0x30, 0x30, 0x30, 0x30, 0x30, 0x30,
	0x30, 0x30, 0x30, 0x30, 0x30, 0x30, 0x30, 0x30, 0x00, 0x00, 0x00, 0x00, 0x84, 0x00, 0x30, 0x30,
	0x30, 0x30, 0x30, 0x30, 0x30, 0x30, 0x30, 0x30, 0x30, 0x30, 0x30, 0x30, 0x00, 0x00, 0x00, 0x00,
	0xcc, 0x00, 0x30, 0x30, 0x30, 0x30, 0x30, 0x30, 0x30, 0x30, 0x30, 0x30, 0x30, 0x30, 0x30, 0x30,
	0x00, 0x00, 0x00, 0x00, 0x00, 0x00, 0x00, 0x00, 0x7f, 0xc0, 0x7f, 0xe0, 0x60, 0x70, 0x60, 0x30,
	0x60, 0x18, 0x60, 0x18, 0xfc, 0x18, 0xfc, 0x18, 0x60, 0x18, 0x60, 0x18, 0x60, 0x30, 0x60, 0x70,
	0x7f, 0xe0, 0x7f, 0xc0, 0x00, 0x00, 0x00, 0x00, 0x00, 0x00, 0x00, 0x00, 0x09, 0x80, 0x00, 0x00,
	0x60, 0x30, 0x70, 0x30, 0x78, 0x30, 0x78, 0x30, 0x6c, 0x30, 0x66, 0x30, 0x66, 0x30, 0x63, 0x30,
	0x63, 0x30, 0x61, 0xb0, 0x60, 0xf0, 0x60, 0xf0, 0x60, 0x70, 0x60, 0x30, 0x00, 0x00, 0x00, 0x00,
	0x00, 0x00, 0x00, 0x00, 0x03, 0x00, 0x00, 0x00, 0x07, 0xc0, 0x1f, 0xf0, 0x38, 0x38, 0x30, 0x18,
	0x70, 0x1c, 0x60, 0x0c, 0x60, 0x0c, 0x60, 0x0c, 0x60, 0x0c, 0x70, 0x1c, 0x30, 0x18, 0x38, 0x38,
	0x1f, 0xf0, 0x07, 0xc0, 0x00, 0x00, 0x00, 0x00, 0x00, 0x00, 0x00, 0x00, 0x03, 0x00, 0x00, 0x00,
	0x07, 0xc0, 0x1f, 0xf0, 0x38, 0x38, 0x30, 0x18, 0x70, 0x1c, 0x60, 0x0c, 0x60, 0x0c, 0x60, 0x0c,
	0x60, 0x0c, 0x70, 0x1c, 0x30, 0x18, 0x38, 0x38, 0x1f, 0xf0, 0x07, 0xc0, 0x00, 0x00, 0x00, 0x00,
	0x00, 0x00, 0x00, 0x00, 0x06, 0x60, 0x00, 0x00, 0x07, 0xc0, 0x1f, 0xf0, 0x38, 0x38, 0x30, 0x18,
	0x70, 0x1c, 0x60, 0x0c, 0x60, 0x0c, 0x60, 0x0c, 0x60, 0x0c, 0x70, 0x1c, 0x30, 0x18, 0x38, 0x38,
	0x1f, 0xf0, 0x07, 0xc0, 0x00, 0x00, 0x00, 0x00, 0x00, 0x00, 0x00, 0x00, 0x04, 0xc0, 0x00, 0x00,
	0x07, 0xc0, 0x1f, 0xf0, 0x38, 0x38, 0x30, 0x18, 0x70, 0x1c, 0x60, 0x0c, 0x60, 0x0c, 0x60, 0x0c,
	0x60, 0x0c, 0x70, 0x1c, 0x30, 0x18, 0x38, 0x38, 0x1f, 0xf0, 0x07, 0xc0, 0x00, 0x00, 0x00, 0x00,
	0x00, 0x00, 0x00, 0x00, 0x06, 0x60, 0x00, 0x00, 0x07, 0xc0, 0x1f, 0xf0, 0x38, 0x38, 0x30, 0x18,
	0x70, 0x1c, 0x60, 0x0c, 0x60, 0x0c, 0x60, 0x0c, 0x60, 0x0c, 0x70, 0x1c, 0x30, 0x18, 0x38, 0x38,
	0x1f, 0xf0, 0x07, 0xc0, 0x00, 0x00, 0x00, 0x00, 0x00, 0x00, 0x00, 0x00, 0x00, 0x00, 0x00, 0x00,
	0x00, 0x00, 0x00, 0x00, 0x00, 0x00, 0x00, 0x00, 0x00, 0x00, 0xc0, 0xc0, 0x61, 0x80, 0x33, 0x00,
	0x1e, 0x00, 0x0c, 0x00, 0x1e, 0x00, 0x33, 0x00, 0x61, 0x80, 0xc0, 0xc0, 0x00, 0x00, 0x00, 0x00,
	0x00, 0x00, 0x00, 0x00, 0x00, 0x00, 0x00, 0x00, 0x07, 0xcc, 0x1f, 0xf8, 0x38, 0x30, 0x30, 0x78,
	0x70, 0xdc, 0x61, 0x8c, 0x63, 0x0c, 0x62, 0x0c, 0x66, 0x0c, 0x6c, 0x1c, 0x38, 0x18, 0x38, 0x38,
	0x6f, 0xf0, 0xc7, 0xc0, 0x00, 0x00, 0x00, 0x00, 0x00, 0x00, 0x00, 0x00, 0x03, 0x00, 0x00, 0x00,
	0x60, 0x30, 0x60, 0x30, 0x60, 0x30, 0x60, 0x30, 0x60, 0x30, 0x60, 0x30, 0x60, 0x30, 0x60, 0x30,
	0x60, 0x30, 0x60, 0x30, 0x60, 0x30, 0x30, 0x60, 0x3f, 0xe0, 0x0f, 0x80, 0x00, 0x00, 0x00, 0x00,
	0x00, 0x00, 0x00, 0x00, 0x06, 0x00, 0x00, 0x00, 0x60, 0x30, 0x60, 0x30, 0x60, 0x30, 0x60, 0x30,
	0x60, 0x30, 0x60, 0x30, 0x60, 0x30, 0x60, 0x30, 0x60, 0x30, 0x60, 0x30, 0x60, 0x30, 0x30, 0x60,
	0x3f, 0xe0, 0x0f, 0x80, 0x00, 0x00, 0x00, 0x00, 0x00, 0x00, 0x00, 0x00, 0x0c, 0xc0, 0x00, 0x00,
	0x60, 0x30, 0x60, 0x30, 0x60, 0x30, 0x60, 0x30, 0x60, 0x30, 0x60, 0x30, 0x60, 0x30, 0x60, 0x30,
	0x60, 0x30, 0x60, 0x30, 0x60, 0x30, 0x30, 0x60, 0x3f, 0xe0, 0x0f, 0x80, 0x00, 0x00, 0x00, 0x00,
	0x00, 0x00, 0x00, 0x00, 0x18, 0xc0, 0x00, 0x00, 0x60, 0x30, 0x60, 0x30, 0x60, 0x30, 0x60, 0x30,
	0x60, 0x30, 0x60, 0x30, 0x60, 0x30, 0x60, 0x30, 0x60, 0x30, 0x60, 0x30, 0x60, 0x30, 0x30, 0x60,
	0x3f, 0xe0, 0x0f, 0x80, 0x00, 0x00, 0x00, 0x00, 0x00, 0x00, 0x00, 0x00, 0x06, 0x00, 0x00, 0x00,
	0xc0, 0x30, 0xc0, 0x30, 0x60, 0x60, 0x60, 0x60, 0x30, 0xc0, 0x39, 0xc0, 0x19, 0x80, 0x0f, 0x00,
	0x06, 0x00, 0x06, 0x00, 0x06, 0x00, 0x06, 0x00, 0x06, 0x00, 0x06, 0x00, 0x00, 0x00, 0x00, 0x00,
	0x00, 0x00, 0x00, 0x00, 0x00, 0x00, 0x00, 0x00, 0x60, 0x00, 0x60, 0x00, 0x60, 0x00, 0x7f, 0x80,
	0x7f, 0xc0, 0x60, 0xe0, 0x60, 0x60, 0x60, 0x60, 0x60, 0xe0, 0x7f, 0xc0, 0x7f, 0x80, 0x60, 0x00,
	0x60, 0x00, 0x60, 0x00, 0x00, 0x00, 0x00, 0x00, 0x00, 0x00, 0x00, 0x00, 0x00, 0x00, 0x00, 0x00,
	0x1c, 0x00, 0x3e, 0x00, 0x63, 0x00, 0x63, 0x00, 0x63, 0x00, 0x63, 0x00, 0x6e, 0x00, 0x6e, 0x00,
	0x63, 0x00, 0x63, 0x00, 0x63, 0x00, 0x63, 0x00, 0x6f, 0x00, 0x6e, 0x00, 0x00, 0x00, 0x00, 0x00,
	0x00, 0x00, 0x00, 0x00, 0x00, 0x00, 0x00, 0x00, 0x18, 0x00, 0x0c, 0x00, 0x06, 0x00, 0x00, 0x00,
	0x3f, 0x00, 0x73, 0x80, 0x61, 0x80, 0x03, 0x80, 0x3f, 0x80, 0x71, 0x80, 0x61, 0x80, 0x61, 0x80,
	0x73, 0xc0, 0x3c, 0xc0, 0x00, 0x00, 0x00, 0x00, 0x00, 0x00, 0x00, 0x00, 0x00, 0x00, 0x00, 0x00,
	0x06, 0x00, 0x0c, 0x00, 0x18, 0x00, 0x00, 0x00, 0x3f, 0x00, 0x73, 0x80, 0x61, 0x80, 0x03, 0x80,
	0x3f, 0x80, 0x71, 0x80, 0x61, 0x80, 0x61, 0x80, 0x73, 0xc0, 0x3c, 0xc0, 0x00, 0x00, 0x00, 0x00,
	0x00, 0x00, 0x00, 0x00, 0x00, 0x00, 0x00, 0x00, 0x0c, 0x00, 0x1e, 0x00, 0x33, 0x00, 0x00, 0x00,
	0x3f, 0x00, 0x73, 0x80, 0x61, 0x80, 0x03, 0x80, 0x3f, 0x80, 0x71, 0x80, 0x61, 0x80, 0x61, 0x80,
	0x73, 0xc0, 0x3c, 0xc0, 0x00, 0x00, 0x00, 0x00, 0x00, 0x00, 0x00, 0x00, 0x00, 0x00, 0x00, 0x00,
	0x19, 0x00, 0x2d, 0x00, 0x26, 0x00, 0x00, 0x00, 0x3f, 0x00, 0x73, 0x80, 0x61, 0x80, 0x03, 0x80,
	0x3f, 0x80, 0x71, 0x80, 0x61, 0x80, 0x61, 0x80, 0x73, 0xc0, 0x3c, 0xc0, 0x00, 0x00, 0x00, 0x00,
	0x00, 0x00, 0x00, 0x00, 0x00, 0x00, 0x00, 0x00, 0x33, 0x00, 0x33, 0x00, 0x00, 0x00, 0x00, 0x00,
	0x3f, 0x00, 0x73, 0x80, 0x61, 0x80, 0x03, 0x80, 0x3f, 0x80, 0x71, 0x80, 0x61, 0x80, 0x61, 0x80,
	0x73, 0xc0, 0x3c, 0xc0, 0x00, 0x00, 0x00, 0x00, 0x00, 0x00, 0x00, 0x00, 0x00, 0x00, 0x00, 0x00,
	0x0c, 0x00, 0x12, 0x00, 0x12, 0x00, 0x0c, 0x00, 0x3f, 0x00, 0x73, 0x80, 0x61, 0x80, 0x03, 0x80,
	0x3f, 0x80, 0x71, 0x80, 0x61, 0x80, 0x61, 0x80, 0x73, 0xc0, 0x3c, 0xc0, 0x00, 0x00, 0x00, 0x00,
	0x00, 0x00, 0x00, 0x00, 0x00, 0x00, 0x00, 0x00, 0x00, 0x00, 0x00, 0x00, 0x00, 0x00, 0x00, 0x00,
	0x00, 0x00, 0x00, 0x00, 0x00, 0x00, 0x1f, 0xbc, 0x00, 0x39, 0xfe, 0x00, 0x30, 0xc3, 0x00, 0x01,
	0xc3, 0x00, 0x1f, 0xff, 0x00, 0x38, 0xc0, 0x00, 0x30, 0xc0, 0x00, 0x30, 0xe3, 0x00, 0x39, 0xff,
	0x00, 0x1e, 0xbc, 0x00, 0x00, 0x00, 0x00, 0x00, 0x00, 0x00, 0x00, 0x00, 0x00, 0x00, 0x00, 0x00,
	0x00, 0x00, 0x00, 0x00, 0x00, 0x00, 0x00, 0x00, 0x00, 0x00, 0x00, 0x00, 0x1f, 0x00, 0x3f, 0x80,
	0x31, 0x80, 0x60, 0x00, 0x60, 0x00, 0x60, 0x00, 0x60, 0x00, 0x31, 0x80, 0x3f, 0x80, 0x1f, 0x00,
	0x0c, 0x00, 0x06, 0x00, 0x36, 0x00, 0x3c, 0x00, 0x00, 0x00, 0x00, 0x00, 0x18, 0x00, 0x0c, 0x00,
	0x06, 0x00, 0x00, 0x00, 0x1e, 0x00, 0x3f, 0x00, 0x61, 0x80, 0x61, 0x80, 0x7f, 0x80, 0x60, 0x00,
	0x60, 0x00, 0x71, 0x80, 0x3f, 0x80, 0x1e, 0x00, 0x00, 0x00, 0x00, 0x00, 0x00, 0x00, 0x00, 0x00,
	0x00, 0x00, 0x00, 0x00, 0x06, 0x00, 0x0c, 0x00, 0x18, 0x00, 0x00, 0x00, 0x1e, 0x00, 0x3f, 0x00,
	0x61, 0x80, 0x61, 0x80, 0x7f, 0x80, 0x60, 0x00, 0x60, 0x00, 0x71, 0x80, 0x3f, 0x80, 0x1e, 0x00,
	0x00, 0x00, 0x00, 0x00, 0x00, 0x00, 0x00, 0x00, 0x00, 0x00, 0x00, 0x00, 0x0c, 0x00, 0x1e, 0x00,
	0x33, 0x00, 0x00, 0x00, 0x1e, 0x00, 0x3f, 0x00, 0x61, 0x80, 0x61, 0x80, 0x7f, 0x80, 0x60, 0x00,
	0x60, 0x00, 0x71, 0x80, 0x3f, 0x80, 0x1e, 0x00, 0x00, 0x00, 0x00, 0x00, 0x00, 0x00, 0x00, 0x00,
	0x00, 0x00, 0x00, 0x00, 0x33, 0x00, 0x33, 0x00, 0x00, 0x00, 0x00, 0x00, 0x1e, 0x00, 0x3f, 0x00,
	0x61, 0x80, 0x61, 0x80, 0x7f, 0x80, 0x60, 0x00, 0x60, 0x00, 0x71, 0x80, 0x3f, 0x80, 0x1e, 0x00,
	0x00, 0x00, 0x00, 0x00, 0x00, 0x00, 0x00, 0x00, 0x00, 0x00, 0xc0, 0x60, 0x30, 0x00, 0x60, 0x60,
	0x60, 0x60, 0x60, 0x60, 0x60, 0x60, 0x60, 0x60, 0x00, 0x00, 0x00, 0x00, 0x00, 0x00, 0x30, 0x60,
	0xc0, 0x00, 0x60, 0x60, 0x60, 0x60, 0x60, 0x60, 0x60, 0x60, 0x60, 0x60, 0x00, 0x00, 0x00, 0x00,
	0x00, 0x00, 0x60, 0xf0, 0x90, 0x00, 0x60, 0x60, 0x60, 0x60, 0x60, 0x60, 0x60, 0x60, 0x60, 0x60,
	0x00, 0x00, 0x00, 0x00, 0x00, 0x00, 0xd0, 0xd0, 0x00, 0x00, 0x60, 0x60, 0x60, 0x60, 0x60, 0x60,
	0x60, 0x60, 0x60, 0x60, 0x00, 0x00, 0x00, 0x00, 0x00, 0x00, 0x00, 0x00, 0x30, 0x00, 0x1b, 0x00,
	0x1c, 0x00, 0x26, 0x00, 0x1f, 0x00, 0x3f, 0x80, 0x31, 0x80, 0x60, 0xc0, 0x60, 0xc0, 0x60, 0xc0,
	0x60, 0xc0, 0x31, 0x80, 0x3f, 0x80, 0x1f, 0x00, 0x00, 0x00, 0x00, 0x00, 0x00, 0x00, 0x00, 0x00,
	0x00, 0x00, 0x00, 0x00, 0x19, 0x00, 0x2d, 0x00, 0x26, 0x00, 0x00, 0x00, 0x6f, 0x00, 0x7f, 0x80,
	0x71, 0x80, 0x61, 0x80, 0x61, 0x80, 0x61, 0x80, 0x61, 0x80, 0x61, 0x80, 0x61, 0x80, 0x61, 0x80,
	0x00, 0x00, 0x00, 0x00, 0x00, 0x00, 0x00, 0x00, 0x00, 0x00, 0x00, 0x00, 0x18, 0x00, 0x0c, 0x00,
	0x06, 0x00, 0x00, 0x00, 0x1f, 0x00, 0x3f, 0x80, 0x31, 0x80, 0x60, 0xc0, 0x60, 0xc0, 0x60, 0xc0,
	0x60, 0xc0, 0x31, 0x80, 0x3f, 0x80, 0x1f, 0x00, 0x00, 0x00, 0x00, 0x00, 0x00, 0x00, 0x00, 0x00,
	0x00, 0x00, 0x00, 0x00, 0x03, 0x00, 0x06, 0x00, 0x0c, 0x00, 0x00, 0x00, 0x1f, 0x00, 0x3f, 0x80,
	0x31, 0x80, 0x60, 0xc0, 0x60, 0xc0, 0x60, 0xc0, 0x60, 0xc0, 0x31, 0x80, 0x3f, 0x80, 0x1f, 0x00,
	0x00, 0x00, 0x00, 0x00, 0x00, 0x00, 0x00, 0x00, 0x00, 0x00, 0x00, 0x00, 0x0c, 0x00, 0x1e, 0x00,
	0x33, 0x00, 0x00, 0x00, 0x1f, 0x00, 0x3f, 0x80, 0x31, 0x80, 0x60, 0xc0, 0x60, 0xc0, 0x60, 0xc0,
	0x60, 0xc0, 0x31, 0x80, 0x3f, 0x80, 0x1f, 0x00, 0x00, 0x00, 0x00, 0x00, 0x00, 0x00, 0x00, 0x00,
	0x00, 0x00, 0x00, 0x00, 0x19, 0x00, 0x2d, 0x00, 0x26, 0x00, 0x00, 0x00, 0x1f, 0x00, 0x3f, 0x80,
	0x31, 0x80, 0x60, 0xc0, 0x60, 0xc0, 0x60, 0xc0, 0x60, 0xc0, 0x31, 0x80, 0x3f, 0x80, 0x1f, 0x00,
	0x00, 0x00, 0x00, 0x00, 0x00, 0x00, 0x00, 0x00, 0x00, 0x00, 0x00, 0x00, 0x19, 0x80, 0x19, 0x80,
	0x00, 0x00, 0x00, 0x00, 0x1f, 0x00, 0x3f, 0x80, 0x31, 0x80, 0x60, 0xc0, 0x60, 0xc0, 0x60, 0xc0,
	0x60, 0xc0, 0x31, 0x80, 0x3f, 0x80, 0x1f, 0x00, 0x00, 0x00, 0x00, 0x00, 0x00, 0x00, 0x00, 0x00,
	0x00, 0x00, 0x00, 0x00, 0x00, 0x00, 0x00, 0x00, 0x00, 0x00, 0x00, 0x00, 0x00, 0x00, 0x0c, 0x00,
	0x0c, 0x00, 0x00, 0x00, 0x7f, 0x80, 0x7f, 0x80, 0x00, 0x00, 0x0c, 0x00, 0x0c, 0x00, 0x00, 0x00,
	0x00, 0x00, 0x00, 0x00, 0x00, 0x00, 0x00, 0x00, 0x00, 0x00, 0x00, 0x00, 0x00, 0x00, 0x00, 0x00,
	0x00, 0x00, 0x00, 0x00, 0x0e, 0x60, 0x3f, 0xc0, 0x31, 0x80, 0x63, 0xc0, 0x66, 0xc0, 0x6c, 0xc0,
	0x78, 0xc0, 0x31, 0x80, 0x7f, 0x80, 0xce, 0x00, 0x00, 0x00, 0x00, 0x00, 0x00, 0x00, 0x00, 0x00,
	0x00, 0x00, 0x00, 0x00, 0x18, 0x00, 0x0c, 0x00, 0x06, 0x00, 0x00, 0x00, 0x61, 0x80, 0x61, 0x80,
	0x61, 0x80, 0x61, 0x80, 0x61, 0x80, 0x61, 0x80, 0x61, 0x80, 0x63, 0x80, 0x7f, 0x80, 0x3d, 0x80,
	0x00, 0x00, 0x00, 0x00, 0x00, 0x00, 0x00, 0x00, 0x00, 0x00, 0x00, 0x00, 0x03, 0x00, 0x06, 0x00,
	0x0c, 0x00, 0x00, 0x00, 0x61, 0x80, 0x61, 0x80, 0x61, 0x80, 0x61, 0x80, 0x61, 0x80, 0x61, 0x80,
	0x61, 0x80, 0x63, 0x80, 0x7f, 0x80, 0x3d, 0x80, 0x00, 0x00, 0x00, 0x00, 0x00, 0x00, 0x00, 0x00,
	0x00, 0x00, 0x00, 0x00, 0x0c, 0x00, 0x1e, 0x00, 0x33, 0x00, 0x00, 0x00, 0x61, 0x80, 0x61, 0x80,
	0x61, 0x80, 0x61, 0x80, 0x61, 0x80, 0x61, 0x80, 0x61, 0x80, 0x63, 0x80, 0x7f, 0x80, 0x3d, 0x80,
	0x00, 0x00, 0x00, 0x00, 0x00, 0x00, 0x00, 0x00, 0x00, 0x00, 0x00, 0x00, 0x33, 0x00, 0x33, 0x00,
	0x00, 0x00, 0x00, 0x00, 0x61, 0x80, 0x61, 0x80, 0x61, 0x80, 0x61, 0x80, 0x61, 0x80, 0x61, 0x80,
	0x61, 0x80, 0x63, 0x80, 0x7f, 0x80, 0x3d, 0x80, 0x00, 0x00, 0x00, 0x00, 0x00, 0x00, 0x00, 0x00,
	0x00, 0x00, 0x00, 0x00, 0x03, 0x00, 0x06, 0x00, 0x0c, 0x00, 0x00, 0x00, 0x61, 0x80, 0x61, 0x80,
	0x61, 0x80, 0x33, 0x00, 0x33, 0x00, 0x33, 0x00, 0x12, 0x00, 0x1e, 0x00, 0x0c, 0x00, 0x0c, 0x00,
	0x0c, 0x00, 0x0c, 0x00, 0x38, 0x00, 0x38, 0x00, 0x00, 0x00, 0x00, 0x00, 0x60, 0x00, 0x60, 0x00,
	0x60, 0x00, 0x60, 0x00, 0x6f, 0x00, 0x7f, 0x80, 0x71, 0x80, 0x60, 0xc0, 0x60, 0xc0, 0x60, 0xc0,
	0x60, 0xc0, 0x71, 0x80, 0x7f, 0x80, 0x6f, 0x00, 0x60, 0x00, 0x60, 0x00, 0x60, 0x00, 0x60, 0x00,
	0x00, 0x00, 0x00, 0x00, 0x33, 0x00, 0x33, 0x00, 0x00, 0x00, 0x00, 0x00, 0x61, 0x80, 0x61, 0x80,
	0x61, 0x80, 0x33, 0x00, 0x33, 0x00, 0x33, 0x00, 0x12, 0x00, 0x1e, 0x00, 0x0c, 0x00, 0x0c, 0x00,
	0x0c, 0x00, 0x0c, 0x00, 0x38, 0x00, 0x38, 0x00,
};
static unsigned short o_helvR14[] = {
	0, 20, 40, 60, 100, 140, 180, 220, 240, 260, 280, 300,
	340, 360, 380, 400, 420, 460, 500, 540, 580, 620, 660, 700,
	740, 780, 820, 840, 860, 900, 940, 980, 1020, 1080, 1120, 1160,
	1200, 1240, 1280, 1320, 1360, 1400, 1420, 1460, 1500, 1540, 1580, 1620,
	1660, 1700, 1740, 1780, 1820, 1860, 1900, 1940, 2000, 2040, 2080, 2120,
	2140, 2160, 2180, 2220, 2260, 2280, 2320, 2360, 2400, 2440, 2480, 2500,
	2540, 2580, 2600, 2620, 2660, 2680, 2720, 2760, 2800, 2840, 2880, 2900,
	2940, 2960, 3000, 3040, 3080, 3120, 3160, 3200, 3220, 3240, 3260, 3300,
	3340, 3380, 3420, 3460, 3500, 3540, 3580, 3620, 3660, 3700, 3740, 3780,
	3820, 3860, 3900, 3940, 3980, 4020, 4060, 4100, 4140, 4180, 4220, 4260,
	4300, 4340, 4380, 4420, 4460, 4500, 4540, 4580, 4620, 4640, 4660, 4700,
	4740, 4780, 4820, 4840, 4880, 4900, 4940, 4960, 5000, 5040, 5060, 5100,
	5120, 5140, 5180, 5200, 5220, 5240, 5280, 5320, 5340, 5360, 5380, 5400,
	5440, 5480, 5520, 5560, 5600, 5640, 5680, 5720, 5760, 5800, 5840, 5900,
	5940, 5980, 6020, 6060, 6100, 6120, 6140, 6160, 6180, 6220, 6260, 6300,
	6340, 6380, 6420, 6460, 6500, 6540, 6580, 6620, 6660, 6700, 6740, 6780,
	6820, 6860, 6900, 6940, 6980, 7020, 7060, 7120, 7160, 7200, 7240, 7280,
	7320, 7340, 7360, 7380, 7400, 7440, 7480, 7520, 7560, 7600, 7640, 7680,
	7720, 7760, 7800, 7840, 7880, 7920, 7960, 8000,
};
static unsigned char w_helvR14[] = {
	5, 6, 5, 10, 10, 16, 13, 3, 6, 6, 7, 10, 5, 6, 5, 5,
	10, 10, 10, 10, 10, 10, 10, 10, 10, 10, 5, 5, 10, 11, 10, 10,
	18, 13, 13, 14, 14, 13, 12, 15, 14, 6, 10, 13, 11, 16, 14, 15,
	13, 15, 14, 13, 12, 14, 13, 18, 13, 13, 12, 5, 5, 5, 9, 11,
	4, 11, 11, 10, 11, 10, 6, 11, 10, 4, 4, 9, 4, 16, 10, 11,
	11, 11, 6, 9, 6, 10, 10, 14, 10, 10, 9, 6, 5, 6, 10, 10,
	10, 10, 10, 10, 10, 10, 10, 10, 10, 10, 10, 10, 10, 10, 10, 10,
	10, 10, 10, 10, 10, 10, 10, 10, 10, 10, 10, 10, 10, 10, 10, 10,
	5, 6, 10, 10, 10, 10, 5, 10, 6, 15, 7, 9, 11, 6, 14, 5,
	7, 10, 6, 6, 4, 10, 10, 4, 5, 6, 7, 9, 15, 15, 15, 10,
	13, 13, 13, 13, 13, 13, 18, 14, 13, 13, 13, 13, 6, 6, 6, 6,
	14, 14, 15, 15, 15, 15, 15, 10, 15, 14, 14, 14, 14, 13, 12, 9,
	11, 11, 11, 11, 11, 11, 17, 10, 10, 10, 10, 10, 4, 4, 4, 4,
	11, 10, 11, 11, 11, 11, 11, 10, 11, 10, 10, 10, 10, 10, 11, 10,
};

#define F_helvR14 { "Helv", 14, 20, 16, 4, 400, 0, 0, 32, 9, 18, 0x20, 0xff, w_helvR14, o_helvR14, b_helvR14 }

/* -Adobe-Helvetica-Bold-R-Normal--14-100-100-100-P-82-ISO8859-1 helvB10.pcf.gz sha256 92a3efe24cd613af97e83e7af6203bb286e3db4150926ea03babdeed3d69d918 */
static unsigned char b_helvB10[] = {
	0x00, 0x00, 0x00, 0x00, 0x00, 0x00, 0x00, 0x00, 0x00, 0x00, 0x00, 0x00, 0x00, 0x00, 0x00, 0x00,
	0x00, 0x00, 0x60, 0x60, 0x60, 0x60, 0x60, 0x60, 0x40, 0x40, 0x00, 0x60, 0x60, 0x00, 0x00, 0x00,
	0x00, 0x00, 0x6c, 0x6c, 0x48, 0x00, 0x00, 0x00, 0x00, 0x00, 0x00, 0x00, 0x00, 0x00, 0x00, 0x00,
	0x00, 0x00, 0x00, 0x00, 0x00, 0x00, 0x1b, 0x00, 0x1b, 0x00, 0x1b, 0x00, 0x7f, 0x80, 0x36, 0x00,
	0x36, 0x00, 0xff, 0x00, 0x6c, 0x00, 0x6c, 0x00, 0x6c, 0x00, 0x00, 0x00, 0x00, 0x00, 0x00, 0x00,
	0x00, 0x10, 0x7c, 0xd6, 0xd6, 0xd0, 0xf0, 0x78, 0x1c, 0x16, 0xd6, 0xd6, 0x7c, 0x10, 0x10, 0x00,
	0x00, 0x00, 0x00, 0x00, 0x78, 0x40, 0xcc, 0xc0, 0xcd, 0x80, 0x79, 0x00, 0x03, 0x00, 0x06, 0x00,
	0x04, 0x00, 0x0d, 0xe0, 0x0b, 0x30, 0x1b, 0x30, 0x11, 0xe0, 0x00, 0x00, 0x00, 0x00, 0x00, 0x00,
	0x00, 0x00, 0x00, 0x00, 0x00, 0x00, 0x1c, 0x00, 0x36, 0x00, 0x36, 0x00, 0x1c, 0x00, 0x39, 0x80,
	0x7d, 0x80, 0x67, 0x00, 0x63, 0x00, 0x67, 0x80, 0x3e, 0xc0, 0x00, 0x00, 0x00, 0x00, 0x00, 0x00,
	0x00, 0x00, 0x60, 0x60, 0x40, 0x00, 0x00, 0x00, 0x00, 0x00, 0x00, 0x00, 0x00, 0x00, 0x00, 0x00,
	0x00, 0x00, 0x18, 0x30, 0x30, 0x60, 0x60, 0x60, 0x60, 0x60, 0x60, 0x60, 0x60, 0x30, 0x30, 0x18,
	0x00, 0x00, 0xc0, 0x60, 0x60, 0x30, 0x30, 0x30, 0x30, 0x30, 0x30, 0x30, 0x30, 0x60, 0x60, 0xc0,
	0x00, 0x00, 0x20, 0xf8, 0x70, 0xd8, 0x00, 0x00, 0x00, 0x00, 0x00, 0x00, 0x00, 0x00, 0x00, 0x00,
	0x00, 0x00, 0x00, 0x00, 0x00, 0x00, 0x00, 0x00, 0x00, 0x00, 0x18, 0x00, 0x18, 0x00, 0x18, 0x00,
	0xff, 0x00, 0x18, 0x00, 0x18, 0x00, 0x18, 0x00, 0x00, 0x00, 0x00, 0x00, 0x00, 0x00, 0x00, 0x00,
	0x00, 0x00, 0x00, 0x00, 0x00, 0x00, 0x00, 0x00, 0x00, 0x00, 0x00, 0x60, 0x60, 0xc0, 0x00, 0x00,
	0x00, 0x00, 0x00, 0x00, 0x00, 0x00, 0x00, 0x00, 0xe0, 0x00, 0x00, 0x00, 0x00, 0x00, 0x00, 0x00,
	0x00, 0x00, 0x00, 0x00, 0x00, 0x00, 0x00, 0x00, 0x00, 0x00, 0x00, 0x60, 0x60, 0x00, 0x00, 0x00,
	0x00, 0x00, 0x10, 0x10, 0x30, 0x20, 0x20, 0x60, 0x40, 0x40, 0xc0, 0x80, 0x80, 0x00, 0x00, 0x00,
	0x00, 0x00, 0x38, 0x6c, 0xc6, 0xc6, 0xc6, 0xc6, 0xc6, 0xc6, 0xc6, 0x6c, 0x38, 0x00, 0x00, 0x00,
	0x00, 0x00, 0x18, 0x78, 0x18, 0x18, 0x18, 0x18, 0x18, 0x18, 0x18, 0x18, 0x18, 0x00, 0x00, 0x00,
	0x00, 0x00, 0x7c, 0xc6, 0xc6, 0x06, 0x0e, 0x0c, 0x18, 0x30, 0x60, 0xc0, 0xfe, 0x00, 0x00, 0x00,
	0x00, 0x00, 0x7c, 0xc6, 0xc6, 0x06, 0x06, 0x3c, 0x06, 0x06, 0xc6, 0xc6, 0x7c, 0x00, 0x00, 0x00,
	0x00, 0x00, 0x06, 0x0e, 0x1e, 0x36, 0x66, 0xc6, 0xc6, 0xff, 0x06, 0x06, 0x06, 0x00, 0x00, 0x00,
	0x00, 0x00, 0x7e, 0x60, 0x60, 0xc0, 0xfc, 0x0e, 0x06, 0x06, 0xc6, 0xcc, 0x78, 0x00, 0x00, 0x00,
	0x00, 0x00, 0x3c, 0x66, 0x66, 0xc0, 0xdc, 0xe6, 0xc6, 0xc6, 0xc6, 0xc6, 0x7c, 0x00, 0x00, 0x00,
	0x00, 0x00, 0xfe, 0x06, 0x0c, 0x0c, 0x18, 0x18, 0x30, 0x30, 0x60, 0x60, 0x60, 0x00, 0x00, 0x00,
	0x00, 0x00, 0x7c, 0xc6, 0xc6, 0xc6, 0xc6, 0x7c, 0xc6, 0xc6, 0xc6, 0xc6, 0x7c, 0x00, 0x00, 0x00,
	0x00, 0x00, 0x7c, 0xc6, 0xc6, 0xc6, 0xc6, 0xc6, 0x7e, 0x06, 0xc6, 0xcc, 0x78, 0x00, 0x00, 0x00,
	0x00, 0x00, 0x00, 0x00, 0x00, 0x30, 0x30, 0x00, 0x00, 0x00, 0x00, 0x30, 0x30, 0x00, 0x00, 0x00,
	0x00, 0x00, 0x00, 0x00, 0x00, 0x30, 0x30, 0x00, 0x00, 0x00, 0x00, 0x30, 0x30, 0x60, 0x00, 0x00,
	0x00, 0x00, 0x00, 0x00, 0x00, 0x00, 0x0e, 0x38, 0x60, 0x38, 0x0e, 0x00, 0x00, 0x00, 0x00, 0x00,
	0x00, 0x00, 0x00, 0x00, 0x00, 0x00, 0x00, 0x00, 0x00, 0x00, 0x00, 0x00, 0x00, 0x00, 0x7f, 0x00,
	0x00, 0x00, 0x7f, 0x00, 0x00, 0x00, 0x00, 0x00, 0x00, 0x00, 0x00, 0x00, 0x00, 0x00, 0x00, 0x00,
	0x00, 0x00, 0x00, 0x00, 0x00, 0x00, 0x70, 0x1c, 0x06, 0x1c, 0x70, 0x00, 0x00, 0x00, 0x00, 0x00,
	0x00, 0x00, 0x00, 0x00, 0x3e, 0x00, 0x63, 0x00, 0x63, 0x00, 0x03, 0x00, 0x06, 0x00, 0x0c, 0x00,
	0x18, 0x00, 0x18, 0x00, 0x00, 0x00, 0x18, 0x00, 0x18, 0x00, 0x00, 0x00, 0x00, 0x00, 0x00, 0x00,
	0x00, 0x00, 0x00, 0x00, 0x0f, 0x80, 0x38, 0xe0, 0x70, 0x70, 0x66, 0xb0, 0xcd, 0x98, 0xd9, 0x98,
	0xdb, 0x18, 0xdb, 0x30, 0xce, 0xe0, 0x60, 0x00, 0x31, 0x80, 0x1f, 0x00, 0x00, 0x00, 0x00, 0x00,
	0x00, 0x00, 0x00, 0x00, 0x0c, 0x00, 0x0c, 0x00, 0x1e, 0x00, 0x12, 0x00, 0x33, 0x00, 0x33, 0x00,
	0x61, 0x80, 0x7f, 0x80, 0x61, 0x80, 0xc0, 0xc0, 0xc0, 0xc0, 0x00, 0x00, 0x00, 0x00, 0x00, 0x00,
	0x00, 0x00, 0x00, 0x00, 0x7f, 0x00, 0x63, 0x80, 0x61, 0x80, 0x61, 0x80, 0x63, 0x00, 0x7e, 0x00,
	0x63, 0x00, 0x61, 0x80, 0x61, 0x80, 0x63, 0x80, 0x7f, 0x00, 0x00, 0x00, 0x00, 0x00, 0x00, 0x00,
	0x00, 0x00, 0x00, 0x00, 0x0f, 0x80, 0x3d, 0xc0, 0x30, 0x40, 0x60, 0x00, 0x60, 0x00, 0x60, 0x00,
	0x60, 0x00, 0x60, 0x00, 0x30, 0x40, 0x3d, 0xc0, 0x0f, 0x80, 0x00, 0x00, 0x00, 0x00, 0x00, 0x00,
	0x00, 0x00, 0x00, 0x00, 0x7e, 0x00, 0x63, 0x80, 0x61, 0x80, 0x60, 0xc0, 0x60, 0xc0, 0x60, 0xc0,
	0x60, 0xc0, 0x60, 0xc0, 0x61, 0x80, 0x63, 0x80, 0x7e, 0x00, 0x00, 0x00, 0x00, 0x00, 0x00, 0x00,
	0x00, 0x00, 0x00, 0x00, 0x7f, 0x00, 0x60, 0x00, 0x60, 0x00, 0x60, 0x00, 0x60, 0x00, 0x7f, 0x00,
	0x60, 0x00, 0x60, 0x00, 0x60, 0x00, 0x60, 0x00, 0x7f, 0x00, 0x00, 0x00, 0x00, 0x00, 0x00, 0x00,
	0x00, 0x00, 0x00, 0x00, 0x7f, 0x00, 0x60, 0x00, 0x60, 0x00, 0x60, 0x00, 0x60, 0x00, 0x7e, 0x00,
	0x60, 0x00, 0x60, 0x00, 0x60, 0x00, 0x60, 0x00, 0x60, 0x00, 0x00, 0x00, 0x00, 0x00, 0x00, 0x00,
	0x00, 0x00, 0x00, 0x00, 0x0f, 0x80, 0x3d, 0xc0, 0x30, 0x40, 0x60, 0x00, 0x60, 0x00, 0x63, 0xc0,
	0x60, 0xc0, 0x60, 0xc0, 0x30, 0xc0, 0x3d, 0xc0, 0x0f, 0x40, 0x00, 0x00, 0x00, 0x00, 0x00, 0x00,
	0x00, 0x00, 0x00, 0x00, 0x61, 0x80, 0x61, 0x80, 0x61, 0x80, 0x61, 0x80, 0x61, 0x80, 0x7f, 0x80,
	0x61, 0x80, 0x61, 0x80, 0x61, 0x80, 0x61, 0x80, 0x61, 0x80, 0x00, 0x00, 0x00, 0x00, 0x00, 0x00,
	0x00, 0x00, 0x60, 0x60, 0x60, 0x60, 0x60, 0x60, 0x60, 0x60, 0x60, 0x60, 0x60, 0x00, 0x00, 0x00,
	0x00, 0x00, 0x06, 0x06, 0x06, 0x06, 0x06, 0x06, 0x06, 0xc6, 0xc6, 0xee, 0x7c, 0x00, 0x00, 0x00,
	0x00, 0x00, 0x00, 0x00, 0x61, 0x80, 0x63, 0x00, 0x66, 0x00, 0x6c, 0x00, 0x78, 0x00, 0x78, 0x00,
	0x6c, 0x00, 0x66, 0x00, 0x63, 0x00, 0x61, 0x80, 0x60, 0xc0, 0x00, 0x00, 0x00, 0x00, 0x00, 0x00,
	0x00, 0x00, 0x60, 0x60, 0x60, 0x60, 0x60, 0x60, 0x60, 0x60, 0x60, 0x60, 0x7f, 0x00, 0x00, 0x00,
	0x00, 0x00, 0x00, 0x00, 0x60, 0x30, 0x60, 0x30, 0x70, 0x70, 0x70, 0x70, 0x78, 0xf0, 0x68, 0xb0,
	0x68, 0xb0, 0x6d, 0xb0, 0x65, 0x30, 0x67, 0x30, 0x62, 0x30, 0x00, 0x00, 0x00, 0x00, 0x00, 0x00,
	0x00, 0x00, 0x00, 0x00, 0x60, 0xc0, 0x70, 0xc0, 0x70, 0xc0, 0x68, 0xc0, 0x6c, 0xc0, 0x64, 0xc0,
	0x66, 0xc0, 0x62, 0xc0, 0x61, 0xc0, 0x61, 0xc0, 0x60, 0xc0, 0x00, 0x00, 0x00, 0x00, 0x00, 0x00,
	0x00, 0x00, 0x00, 0x00, 0x0f, 0x00, 0x39, 0xc0, 0x30, 0xc0, 0x60, 0x60, 0x60, 0x60, 0x60, 0x60,
	0x60, 0x60, 0x60, 0x60, 0x30, 0xc0, 0x39, 0xc0, 0x0f, 0x00, 0x00, 0x00, 0x00, 0x00, 0x00, 0x00,
	0x00, 0x00, 0x00, 0x00, 0x7f, 0x00, 0x63, 0x80, 0x61, 0x80, 0x61, 0x80, 0x63, 0x80, 0x7f, 0x00,
	0x60, 0x00, 0x60, 0x00, 0x60, 0x00, 0x60, 0x00, 0x60, 0x00, 0x00, 0x00, 0x00, 0x00, 0x00, 0x00,
	0x00, 0x00, 0x00, 0x00, 0x0f, 0x00, 0x39, 0xc0, 0x30, 0xc0, 0x60, 0x60, 0x60, 0x60, 0x60, 0x60,
	0x60, 0x60, 0x63, 0x60, 0x31, 0xc0, 0x39, 0xc0, 0x0f, 0x60, 0x00, 0x00, 0x00, 0x00, 0x00, 0x00,
	0x00, 0x00, 0x00, 0x00, 0x7f, 0x00, 0x63, 0x80, 0x61, 0x80, 0x61, 0x80, 0x63, 0x00, 0x7f, 0x00,
	0x63, 0x80, 0x61, 0x80, 0x61, 0x80, 0x61, 0x80, 0x60, 0xc0, 0x00, 0x00, 0x00, 0x00, 0x00, 0x00,
	0x00, 0x00, 0x00, 0x00, 0x3f, 0x00, 0x73, 0x80, 0x61, 0x80, 0x70, 0x00, 0x3c, 0x00, 0x0f, 0x00,
	0x03, 0x80, 0x01, 0x80, 0x61, 0x80, 0x77, 0x00, 0x3e, 0x00, 0x00, 0x00, 0x00, 0x00, 0x00, 0x00,
	0x00, 0x00, 0xff, 0x18, 0x18, 0x18, 0x18, 0x18, 0x18, 0x18, 0x18, 0x18, 0x18, 0x00, 0x00, 0x00,
	0x00, 0x00, 0x00, 0x00, 0x60, 0xc0, 0x60, 0xc0, 0x60, 0xc0, 0x60, 0xc0, 0x60, 0xc0, 0x60, 0xc0,
	0x60, 0xc0, 0x60, 0xc0, 0x60, 0xc0, 0x31, 0x80, 0x1f, 0x00, 0x00, 0x00, 0x00, 0x00, 0x00, 0x00,
	0x00, 0x00, 0x00, 0x00, 0xc0, 0xc0, 0xc0, 0xc0, 0x61, 0x80, 0x61, 0x80, 0x73, 0x80, 0x33, 0x00,
	0x33, 0x00, 0x1e, 0x00, 0x1e, 0x00, 0x0c, 0x00, 0x0c, 0x00, 0x00, 0x00, 0x00, 0x00, 0x00, 0x00,
	0x00, 0x00, 0x00, 0x00, 0xc3, 0x0c, 0xc3, 0x0c, 0xc3, 0x0c, 0x67, 0x98, 0x64, 0x98, 0x64, 0x98,
	0x6c, 0xd8, 0x2c, 0xd0, 0x38, 0x70, 0x18, 0x60, 0x18, 0x60, 0x00, 0x00, 0x00, 0x00, 0x00, 0x00,
	0x00, 0x00, 0x00, 0x00, 0xc1, 0x80, 0xc1, 0x80, 0x63, 0x00, 0x36, 0x00, 0x1c, 0x00, 0x1c, 0x00,
	0x36, 0x00, 0x63, 0x00, 0x63, 0x00, 0xc1, 0x80, 0xc1, 0x80, 0x00, 0x00, 0x00, 0x00, 0x00, 0x00,
	0x00, 0x00, 0x00, 0x00, 0xc0, 0xc0, 0x61, 0x80, 0x61, 0x80, 0x33, 0x00, 0x33, 0x00, 0x1e, 0x00,
	0x1e, 0x00, 0x0c, 0x00, 0x0c, 0x00, 0x0c, 0x00, 0x0c, 0x00, 0x00, 0x00, 0x00, 0x00, 0x00, 0x00,
	0x00, 0x00, 0x00, 0x00, 0xff, 0x00, 0x03, 0x00, 0x06, 0x00, 0x0c, 0x00, 0x1c, 0x00, 0x18, 0x00,
	0x30, 0x00, 0x70, 0x00, 0x60, 0x00, 0xc0, 0x00, 0xff, 0x00, 0x00, 0x00, 0x00, 0x00, 0x00, 0x00,
	0x00, 0x00, 0x78, 0x60, 0x60, 0x60, 0x60, 0x60, 0x60, 0x60, 0x60, 0x60, 0x60, 0x60, 0x60, 0x78,
	0x00, 0x00, 0x80, 0x80, 0xc0, 0x40, 0x40, 0x60, 0x20, 0x20, 0x30, 0x10, 0x10, 0x00, 0x00, 0x00,
	0x00, 0x00, 0xf0, 0x30, 0x30, 0x30, 0x30, 0x30, 0x30, 0x30, 0x30, 0x30, 0x30, 0x30, 0x30, 0xf0,
	0x00, 0x00, 0x18, 0x3c, 0x24, 0x66, 0x66, 0x00, 0x00, 0x00, 0x00, 0x00, 0x00, 0x00, 0x00, 0x00,
	0x00, 0x00, 0x00, 0x00, 0x00, 0x00, 0x00, 0x00, 0x00, 0x00, 0x00, 0x00, 0x00, 0x00, 0x00, 0xff,
	0x00, 0x00, 0x60, 0x30, 0x00, 0x00, 0x00, 0x00, 0x00, 0x00, 0x00, 0x00, 0x00, 0x00, 0x00, 0x00,
	0x00, 0x00, 0x00, 0x00, 0x00, 0x3c, 0x66, 0x06, 0x3e, 0x66, 0x66, 0x6e, 0x3b, 0x00, 0x00, 0x00,
	0x00, 0x00, 0x00, 0x00, 0x60, 0x00, 0x60, 0x00, 0x60, 0x00, 0x6c, 0x00, 0x76, 0x00, 0x63, 0x00,
	0x63, 0x00, 0x63, 0x00, 0x63, 0x00, 0x76, 0x00, 0x6c, 0x00, 0x00, 0x00, 0x00, 0x00, 0x00, 0x00,
	0x00, 0x00, 0x00, 0x00, 0x00, 0x1c, 0x36, 0x66, 0x60, 0x60, 0x66, 0x36, 0x1c, 0x00, 0x00, 0x00,
	0x00, 0x00, 0x00, 0x00, 0x03, 0x00, 0x03, 0x00, 0x03, 0x00, 0x1b, 0x00, 0x37, 0x00, 0x63, 0x00,
	0x63, 0x00, 0x63, 0x00, 0x63, 0x00, 0x37, 0x00, 0x1b, 0x00, 0x00, 0x00, 0x00, 0x00, 0x00, 0x00,
	0x00, 0x00, 0x00, 0x00, 0x00, 0x3c, 0x66, 0x66, 0x7e, 0x60, 0x60, 0x76, 0x3c, 0x00, 0x00, 0x00,
	0x00, 0x00, 0x30, 0x60, 0x60, 0xf0, 0x60, 0x60, 0x60, 0x60, 0x60, 0x60, 0x60, 0x00, 0x00, 0x00,
	0x00, 0x00, 0x00, 0x00, 0x00, 0x00, 0x00, 0x00, 0x00, 0x00, 0x1d, 0x00, 0x37, 0x00, 0x63, 0x00,
	0x63, 0x00, 0x63, 0x00, 0x63, 0x00, 0x37, 0x00, 0x1b, 0x00, 0x03, 0x00, 0x67, 0x00, 0x3e, 0x00,
	0x00, 0x00, 0x00, 0x00, 0x60, 0x00, 0x60, 0x00, 0x60, 0x00, 0x6e, 0x00, 0x77, 0x00, 0x63, 0x00,
	0x63, 0x00, 0x63, 0x00, 0x63, 0x00, 0x63, 0x00, 0x63, 0x00, 0x00, 0x00, 0x00, 0x00, 0x00, 0x00,
	0x00, 0x00, 0x60, 0x60, 0x00, 0x60, 0x60, 0x60, 0x60, 0x60, 0x60, 0x60, 0x60, 0x00, 0x00, 0x00,
	0x00, 0x00, 0x60, 0x60, 0x00, 0x60, 0x60, 0x60, 0x60, 0x60, 0x60, 0x60, 0x60, 0x60, 0xe0, 0xc0,
	0x00, 0x00, 0x60, 0x60, 0x60, 0x66, 0x6c, 0x78, 0x78, 0x6c, 0x6c, 0x66, 0x66, 0x00, 0x00, 0x00,
	0x00, 0x00, 0x60, 0x60, 0x60, 0x60, 0x60, 0x60, 0x60, 0x60, 0x60, 0x60, 0x60, 0x00, 0x00, 0x00,
	0x00, 0x00, 0x00, 0x00, 0x00, 0x00, 0x00, 0x00, 0x00, 0x00, 0x6d, 0xc0, 0x77, 0x60, 0x66, 0x60,
	0x66, 0x60, 0x66, 0x60, 0x66, 0x60, 0x66, 0x60, 0x66, 0x60, 0x00, 0x00, 0x00, 0x00, 0x00, 0x00,
	0x00, 0x00, 0x00, 0x00, 0x00, 0x00, 0x00, 0x00, 0x00, 0x00, 0x6e, 0x00, 0x77, 0x00, 0x63, 0x00,
	0x63, 0x00, 0x63, 0x00, 0x63, 0x00, 0x63, 0x00, 0x63, 0x00, 0x00, 0x00, 0x00, 0x00, 0x00, 0x00,
	0x00, 0x00, 0x00, 0x00, 0x00, 0x00, 0x00, 0x00, 0x00, 0x00, 0x1c, 0x00, 0x36, 0x00, 0x63, 0x00,
	0x63, 0x00, 0x63, 0x00, 0x63, 0x00, 0x36, 0x00, 0x1c, 0x00, 0x00, 0x00, 0x00, 0x00, 0x00, 0x00,
	0x00, 0x00, 0x00, 0x00, 0x00, 0x00, 0x00, 0x00, 0x00, 0x00, 0x6c, 0x00, 0x76, 0x00, 0x63, 0x00,
	0x63, 0x00, 0x63, 0x00, 0x63, 0x00, 0x76, 0x00, 0x6c, 0x00, 0x60, 0x00, 0x60, 0x00, 0x60, 0x00,
	0x00, 0x00, 0x00, 0x00, 0x00, 0x00, 0x00, 0x00, 0x00, 0x00, 0x1b, 0x00, 0x37, 0x00, 0x63, 0x00,
	0x63, 0x00, 0x63, 0x00, 0x63, 0x00, 0x37, 0x00, 0x1b, 0x00, 0x03, 0x00, 0x03, 0x00, 0x03, 0x00,
	0x00, 0x00, 0x00, 0x00, 0x00, 0x6c, 0x7c, 0x60, 0x60, 0x60, 0x60, 0x60, 0x60, 0x00, 0x00, 0x00,
	0x00, 0x00, 0x00, 0x00, 0x00, 0x3c, 0x66, 0x70, 0x3c, 0x0e, 0x06, 0x76, 0x3c, 0x00, 0x00, 0x00,
	0x00, 0x00, 0x00, 0x60, 0x60, 0xf8, 0x60, 0x60, 0x60, 0x60, 0x60, 0x68, 0x30, 0x00, 0x00, 0x00,
	0x00, 0x00, 0x00, 0x00, 0x00, 0x00, 0x00, 0x00, 0x00, 0x00, 0x63, 0x00, 0x63, 0x00, 0x63, 0x00,
	0x63, 0x00, 0x63, 0x00, 0x63, 0x00, 0x77, 0x00, 0x3b, 0x00, 0x00, 0x00, 0x00, 0x00, 0x00, 0x00,
	0x00, 0x00, 0x00, 0x00, 0x00, 0xc3, 0xc3, 0x66, 0x66, 0x24, 0x3c, 0x18, 0x18, 0x00, 0x00, 0x00,
	0x00, 0x00, 0x00, 0x00, 0x00, 0x00, 0x00, 0x00, 0x00, 0x00, 0xcc, 0xc0, 0xcc, 0xc0, 0xcc, 0xc0,
	0x6d, 0x80, 0x6d, 0x80, 0x33, 0x00, 0x33, 0x00, 0x33, 0x00, 0x00, 0x00, 0x00, 0x00, 0x00, 0x00,
	0x00, 0x00, 0x00, 0x00, 0x00, 0xc6, 0xc6, 0x6c, 0x38, 0x38, 0x6c, 0xc6, 0xc6, 0x00, 0x00, 0x00,
	0x00, 0x00, 0x00, 0x00, 0x00, 0xc3, 0xc3, 0x66, 0x66, 0x24, 0x3c, 0x18, 0x18, 0x18, 0x30, 0x70,
	0x00, 0x00, 0x00, 0x00, 0x00, 0xfc, 0x0c, 0x18, 0x30, 0x30, 0x60, 0xc0, 0xfc, 0x00, 0x00, 0x00,
	0x00, 0x00, 0x18, 0x30, 0x30, 0x30, 0x30, 0x60, 0xc0, 0x60, 0x30, 0x30, 0x30, 0x30, 0x30, 0x18,
	0x00, 0x00, 0x20, 0x20, 0x20, 0x20, 0x20, 0x20, 0x20, 0x20, 0x20, 0x20, 0x20, 0x20, 0x20, 0x20,
	0x00, 0x00, 0x60, 0x30, 0x30, 0x30, 0x30, 0x18, 0x0c, 0x18, 0x30, 0x30, 0x30, 0x30, 0x30, 0x60,
	0x00, 0x00, 0x00, 0x00, 0x00, 0x00, 0x00, 0x00, 0x00, 0x00, 0x00, 0x00, 0x00, 0x00, 0x39, 0x00,
	0x6f, 0x00, 0x46, 0x00, 0x00, 0x00, 0x00, 0x00, 0x00, 0x00, 0x00, 0x00, 0x00, 0x00, 0x00, 0x00,
	0x00, 0x00, 0x00, 0x00, 0x3e, 0x00, 0x63, 0x00, 0x63, 0x00, 0x03, 0x00, 0x06, 0x00, 0x0c, 0x00,
	0x18, 0x00, 0x18, 0x00, 0x00, 0x00, 0x18, 0x00, 0x18, 0x00, 0x00, 0x00, 0x00, 0x00, 0x00, 0x00,
	0x00, 0x00, 0x00, 0x00, 0x3e, 0x00, 0x63, 0x00, 0x63, 0x00, 0x03, 0x00, 0x06, 0x00, 0x0c, 0x00,
	0x18, 0x00, 0x18, 0x00, 0x00, 0x00, 0x18, 0x00, 0x18, 0x00, 0x00, 0x00, 0x00, 0x00, 0x00, 0x00,
	0x00, 0x00, 0x00, 0x00, 0x3e, 0x00, 0x63, 0x00, 0x63, 0x00, 0x03, 0x00, 0x06, 0x00, 0x0c, 0x00,
	0x18, 0x00, 0x18, 0x00, 0x00, 0x00, 0x18, 0x00, 0x18, 0x00, 0x00, 0x00, 0x00, 0x00, 0x00, 0x00,
	0x00, 0x00, 0x00, 0x00, 0x3e, 0x00, 0x63, 0x00, 0x63, 0x00, 0x03, 0x00, 0x06, 0x00, 0x0c, 0x00,
	0x18, 0x00, 0x18, 0x00, 0x00, 0x00, 0x18, 0x00, 0x18, 0x00, 0x00, 0x00, 0x00, 0x00, 0x00, 0x00,
	0x00, 0x00, 0x00, 0x00, 0x3e, 0x00, 0x63, 0x00, 0x63, 0x00, 0x03, 0x00, 0x06, 0x00, 0x0c, 0x00,
	0x18, 0x00, 0x18, 0x00, 0x00, 0x00, 0x18, 0x00, 0x18, 0x00, 0x00, 0x00, 0x00, 0x00, 0x00, 0x00,
	0x00, 0x00, 0x00, 0x00, 0x3e, 0x00, 0x63, 0x00, 0x63, 0x00, 0x03, 0x00, 0x06, 0x00, 0x0c, 0x00,
	0x18, 0x00, 0x18, 0x00, 0x00, 0x00, 0x18, 0x00, 0x18, 0x00, 0x00, 0x00, 0x00, 0x00, 0x00, 0x00,
	0x00, 0x00, 0x00, 0x00, 0x3e, 0x00, 0x63, 0x00, 0x63, 0x00, 0x03, 0x00, 0x06, 0x00, 0x0c, 0x00,
	0x18, 0x00, 0x18, 0x00, 0x00, 0x00, 0x18, 0x00, 0x18, 0x00, 0x00, 0x00, 0x00, 0x00, 0x00, 0x00,
	0x00, 0x00, 0x00, 0x00, 0x3e, 0x00, 0x63, 0x00, 0x63, 0x00, 0x03, 0x00, 0x06, 0x00, 0x0c, 0x00,
	0x18, 0x00, 0x18, 0x00, 0x00, 0x00, 0x18, 0x00, 0x18, 0x00, 0x00, 0x00, 0x00, 0x00, 0x00, 0x00,
	0x00, 0x00, 0x00, 0x00, 0x3e, 0x00, 0x63, 0x00, 0x63, 0x00, 0x03, 0x00, 0x06, 0x00, 0x0c, 0x00,
	0x18, 0x00, 0x18, 0x00, 0x00, 0x00, 0x18, 0x00, 0x18, 0x00, 0x00, 0x00, 0x00, 0x00, 0x00, 0x00,
	0x00, 0x00, 0x00, 0x00, 0x3e, 0x00, 0x63, 0x00, 0x63, 0x00, 0x03, 0x00, 0x06, 0x00, 0x0c, 0x00,
	0x18, 0x00, 0x18, 0x00, 0x00, 0x00, 0x18, 0x00, 0x18, 0x00, 0x00, 0x00, 0x00, 0x00, 0x00, 0x00,
	0x00, 0x00, 0x00, 0x00, 0x3e, 0x00, 0x63, 0x00, 0x63, 0x00, 0x03, 0x00, 0x06, 0x00, 0x0c, 0x00,
	0x18, 0x00, 0x18, 0x00, 0x00, 0x00, 0x18, 0x00, 0x18, 0x00, 0x00, 0x00, 0x00, 0x00, 0x00, 0x00,
	0x00, 0x00, 0x00, 0x00, 0x3e, 0x00, 0x63, 0x00, 0x63, 0x00, 0x03, 0x00, 0x06, 0x00, 0x0c, 0x00,
	0x18, 0x00, 0x18, 0x00, 0x00, 0x00, 0x18, 0x00, 0x18, 0x00, 0x00, 0x00, 0x00, 0x00, 0x00, 0x00,
	0x00, 0x00, 0x00, 0x00, 0x3e, 0x00, 0x63, 0x00, 0x63, 0x00, 0x03, 0x00, 0x06, 0x00, 0x0c, 0x00,
	0x18, 0x00, 0x18, 0x00, 0x00, 0x00, 0x18, 0x00, 0x18, 0x00, 0x00, 0x00, 0x00, 0x00, 0x00, 0x00,
	0x00, 0x00, 0x00, 0x00, 0x3e, 0x00, 0x63, 0x00, 0x63, 0x00, 0x03, 0x00, 0x06, 0x00, 0x0c, 0x00,
	0x18, 0x00, 0x18, 0x00, 0x00, 0x00, 0x18, 0x00, 0x18, 0x00, 0x00, 0x00, 0x00, 0x00, 0x00, 0x00,
	0x00, 0x00, 0x00, 0x00, 0x3e, 0x00, 0x63, 0x00, 0x63, 0x00, 0x03, 0x00, 0x06, 0x00, 0x0c, 0x00,
	0x18, 0x00, 0x18, 0x00, 0x00, 0x00, 0x18, 0x00, 0x18, 0x00, 0x00, 0x00, 0x00, 0x00, 0x00, 0x00,
	0x00, 0x00, 0x00, 0x00, 0x3e, 0x00, 0x63, 0x00, 0x63, 0x00, 0x03, 0x00, 0x06, 0x00, 0x0c, 0x00,
	0x18, 0x00, 0x18, 0x00, 0x00, 0x00, 0x18, 0x00, 0x18, 0x00, 0x00, 0x00, 0x00, 0x00, 0x00, 0x00,
	0x00, 0x00, 0x00, 0x00, 0x3e, 0x00, 0x63, 0x00, 0x63, 0x00, 0x03, 0x00, 0x06, 0x00, 0x0c, 0x00,
	0x18, 0x00, 0x18, 0x00, 0x00, 0x00, 0x18, 0x00, 0x18, 0x00, 0x00, 0x00, 0x00, 0x00, 0x00, 0x00,
	0x00, 0x00, 0x00, 0x00, 0x3e, 0x00, 0x63, 0x00, 0x63, 0x00, 0x03, 0x00, 0x06, 0x00, 0x0c, 0x00,
	0x18, 0x00, 0x18, 0x00, 0x00, 0x00, 0x18, 0x00, 0x18, 0x00, 0x00, 0x00, 0x00, 0x00, 0x00, 0x00,
	0x00, 0x00, 0x00, 0x00, 0x3e, 0x00, 0x63, 0x00, 0x63, 0x00, 0x03, 0x00, 0x06, 0x00, 0x0c, 0x00,
	0x18, 0x00, 0x18, 0x00, 0x00, 0x00, 0x18, 0x00, 0x18, 0x00, 0x00, 0x00, 0x00, 0x00, 0x00, 0x00,
	0x00, 0x00, 0x00, 0x00, 0x3e, 0x00, 0x63, 0x00, 0x63, 0x00, 0x03, 0x00, 0x06, 0x00, 0x0c, 0x00,
	0x18, 0x00, 0x18, 0x00, 0x00, 0x00, 0x18, 0x00, 0x18, 0x00, 0x00, 0x00, 0x00, 0x00, 0x00, 0x00,
	0x00, 0x00, 0x00, 0x00, 0x3e, 0x00, 0x63, 0x00, 0x63, 0x00, 0x03, 0x00, 0x06, 0x00, 0x0c, 0x00,
	0x18, 0x00, 0x18, 0x00, 0x00, 0x00, 0x18, 0x00, 0x18, 0x00, 0x00, 0x00, 0x00, 0x00, 0x00, 0x00,
	0x00, 0x00, 0x00, 0x00, 0x3e, 0x00, 0x63, 0x00, 0x63, 0x00, 0x03, 0x00, 0x06, 0x00, 0x0c, 0x00,
	0x18, 0x00, 0x18, 0x00, 0x00, 0x00, 0x18, 0x00, 0x18, 0x00, 0x00, 0x00, 0x00, 0x00, 0x00, 0x00,
	0x00, 0x00, 0x00, 0x00, 0x3e, 0x00, 0x63, 0x00, 0x63, 0x00, 0x03, 0x00, 0x06, 0x00, 0x0c, 0x00,
	0x18, 0x00, 0x18, 0x00, 0x00, 0x00, 0x18, 0x00, 0x18, 0x00, 0x00, 0x00, 0x00, 0x00, 0x00, 0x00,
	0x00, 0x00, 0x00, 0x00, 0x3e, 0x00, 0x63, 0x00, 0x63, 0x00, 0x03, 0x00, 0x06, 0x00, 0x0c, 0x00,
	0x18, 0x00, 0x18, 0x00, 0x00, 0x00, 0x18, 0x00, 0x18, 0x00, 0x00, 0x00, 0x00, 0x00, 0x00, 0x00,
	0x00, 0x00, 0x00, 0x00, 0x3e, 0x00, 0x63, 0x00, 0x63, 0x00, 0x03, 0x00, 0x06, 0x00, 0x0c, 0x00,
	0x18, 0x00, 0x18, 0x00, 0x00, 0x00, 0x18, 0x00, 0x18, 0x00, 0x00, 0x00, 0x00, 0x00, 0x00, 0x00,
	0x00, 0x00, 0x00, 0x00, 0x3e, 0x00, 0x63, 0x00, 0x63, 0x00, 0x03, 0x00, 0x06, 0x00, 0x0c, 0x00,
	0x18, 0x00, 0x18, 0x00, 0x00, 0x00, 0x18, 0x00, 0x18, 0x00, 0x00, 0x00, 0x00, 0x00, 0x00, 0x00,
	0x00, 0x00, 0x00, 0x00, 0x3e, 0x00, 0x63, 0x00, 0x63, 0x00, 0x03, 0x00, 0x06, 0x00, 0x0c, 0x00,
	0x18, 0x00, 0x18, 0x00, 0x00, 0x00, 0x18, 0x00, 0x18, 0x00, 0x00, 0x00, 0x00, 0x00, 0x00, 0x00,
	0x00, 0x00, 0x00, 0x00, 0x3e, 0x00, 0x63, 0x00, 0x63, 0x00, 0x03, 0x00, 0x06, 0x00, 0x0c, 0x00,
	0x18, 0x00, 0x18, 0x00, 0x00, 0x00, 0x18, 0x00, 0x18, 0x00, 0x00, 0x00, 0x00, 0x00, 0x00, 0x00,
	0x00, 0x00, 0x00, 0x00, 0x3e, 0x00, 0x63, 0x00, 0x63, 0x00, 0x03, 0x00, 0x06, 0x00, 0x0c, 0x00,
	0x18, 0x00, 0x18, 0x00, 0x00, 0x00, 0x18, 0x00, 0x18, 0x00, 0x00, 0x00, 0x00, 0x00, 0x00, 0x00,
	0x00, 0x00, 0x00, 0x00, 0x3e, 0x00, 0x63, 0x00, 0x63, 0x00, 0x03, 0x00, 0x06, 0x00, 0x0c, 0x00,
	0x18, 0x00, 0x18, 0x00, 0x00, 0x00, 0x18, 0x00, 0x18, 0x00, 0x00, 0x00, 0x00, 0x00, 0x00, 0x00,
	0x00, 0x00, 0x00, 0x00, 0x3e, 0x00, 0x63, 0x00, 0x63, 0x00, 0x03, 0x00, 0x06, 0x00, 0x0c, 0x00,
	0x18, 0x00, 0x18, 0x00, 0x00, 0x00, 0x18, 0x00, 0x18, 0x00, 0x00, 0x00, 0x00, 0x00, 0x00, 0x00,
	0x00, 0x00, 0x00, 0x00, 0x3e, 0x00, 0x63, 0x00, 0x63, 0x00, 0x03, 0x00, 0x06, 0x00, 0x0c, 0x00,
	0x18, 0x00, 0x18, 0x00, 0x00, 0x00, 0x18, 0x00, 0x18, 0x00, 0x00, 0x00, 0x00, 0x00, 0x00, 0x00,
	0x00, 0x00, 0x00, 0x00, 0x3e, 0x00, 0x63, 0x00, 0x63, 0x00, 0x03, 0x00, 0x06, 0x00, 0x0c, 0x00,
	0x18, 0x00, 0x18, 0x00, 0x00, 0x00, 0x18, 0x00, 0x18, 0x00, 0x00, 0x00, 0x00, 0x00, 0x00, 0x00,
	0x00, 0x00, 0x00, 0x00, 0x00, 0x00, 0x00, 0x00, 0x00, 0x00, 0x00, 0x00, 0x00, 0x00, 0x00, 0x00,
	0x00, 0x00, 0x00, 0x00, 0x00, 0x60, 0x60, 0x00, 0x20, 0x20, 0x60, 0x60, 0x60, 0x60, 0x60, 0x60,
	0x00, 0x00, 0x00, 0x00, 0x04, 0x3c, 0x6e, 0xc8, 0xd0, 0xd0, 0xe6, 0x66, 0x7c, 0x40, 0x00, 0x00,
	0x00, 0x00, 0x3c, 0x66, 0x66, 0x60, 0xfc, 0x30, 0x30, 0x30, 0x60, 0xfb, 0xde, 0x00, 0x00, 0x00,
	0x00, 0x00, 0x00, 0x00, 0x82, 0x7c, 0x6c, 0x6c, 0x6c, 0x7c, 0x82, 0x00, 0x00, 0x00, 0x00, 0x00,
	0x00, 0x00, 0x00, 0x00, 0xc3, 0x00, 0xc3, 0x00, 0xc3, 0x00, 0x66, 0x00, 0x66, 0x00, 0x3c, 0x00,
	0x7e, 0x00, 0x18, 0x00, 0x7e, 0x00, 0x18, 0x00, 0x18, 0x00, 0x00, 0x00, 0x00, 0x00, 0x00, 0x00,
	0x00, 0x00, 0x20, 0x20, 0x20, 0x20, 0x20, 0x20, 0x00, 0x00, 0x20, 0x20, 0x20, 0x20, 0x20, 0x20,
	0x00, 0x00, 0x3c, 0x66, 0x66, 0x70, 0x3c, 0x6e, 0x66, 0x66, 0x76, 0x3c, 0x0e, 0x66, 0x66, 0x3c,
	0x00, 0x00, 0xd8, 0xd8, 0x00, 0x00, 0x00, 0x00, 0x00, 0x00, 0x00, 0x00, 0x00, 0x00, 0x00, 0x00,
	0x00, 0x00, 0x00, 0x00, 0x0f, 0x00, 0x30, 0xc0, 0x26, 0x40, 0x69, 0x60, 0x48, 0x20, 0x48, 0x20,
	0x48, 0x20, 0x49, 0x20, 0x26, 0x40, 0x30, 0xc0, 0x0f, 0x00, 0x00, 0x00, 0x00, 0x00, 0x00, 0x00,
	0x00, 0x00, 0x70, 0x90, 0x70, 0xd0, 0xf8, 0x00, 0xf8, 0x00, 0x00, 0x00, 0x00, 0x00, 0x00, 0x00,
	0x00, 0x00, 0x00, 0x00, 0x00, 0x00, 0x00, 0x00, 0x00, 0x00, 0x00, 0x00, 0x1b, 0x00, 0x36, 0x00,
	0x6c, 0x00, 0x36, 0x00, 0x1b, 0x00, 0x00, 0x00, 0x00, 0x00, 0x00, 0x00, 0x00, 0x00, 0x00, 0x00,
	0x00, 0x00, 0x00, 0x00, 0x00, 0x00, 0x00, 0x00, 0x00, 0x00, 0x00, 0x00, 0x00, 0x00, 0x7f, 0x00,
	0x7f, 0x00, 0x01, 0x00, 0x01, 0x00, 0x00, 0x00, 0x00, 0x00, 0x00, 0x00, 0x00, 0x00, 0x00, 0x00,
	0x00, 0x00, 0x00, 0x00, 0x00, 0x00, 0x00, 0x00, 0xe0, 0x00, 0x00, 0x00, 0x00, 0x00, 0x00, 0x00,
	0x00, 0x00, 0x00, 0x00, 0x0f, 0x00, 0x30, 0xc0, 0x2e, 0x40, 0x49, 0x20, 0x49, 0x20, 0x4e, 0x20,
	0x49, 0x20, 0x49, 0x20, 0x29, 0x40, 0x30, 0xc0, 0x0f, 0x00, 0x00, 0x00, 0x00, 0x00, 0x00, 0x00,
	0x00, 0x00, 0x00, 0xf8, 0x00, 0x00, 0x00, 0x00, 0x00, 0x00, 0x00, 0x00, 0x00, 0x00, 0x00, 0x00,
	0x00, 0x00, 0x30, 0x48, 0x48, 0x30, 0x00, 0x00, 0x00, 0x00, 0x00, 0x00, 0x00, 0x00, 0x00, 0x00,
	0x00, 0x00, 0x00, 0x00, 0x00, 0x00, 0x00, 0x00, 0x18, 0x00, 0x18, 0x00, 0x18, 0x00, 0xff, 0x00,
	0x18, 0x00, 0x18, 0x00, 0x18, 0x00, 0x00, 0x00, 0xff, 0x00, 0x00, 0x00, 0x00, 0x00, 0x00, 0x00,
	0x00, 0x00, 0x60, 0xb0, 0x30, 0x60, 0xc0, 0xf0, 0x00, 0x00, 0x00, 0x00, 0x00, 0x00, 0x00, 0x00,
	0x00, 0x00, 0x60, 0xb0, 0x60, 0x30, 0xb0, 0x60, 0x00, 0x00, 0x00, 0x00, 0x00, 0x00, 0x00, 0x00,
	0x00, 0x00, 0x30, 0x60, 0x00, 0x00, 0x00, 0x00, 0x00, 0x00, 0x00, 0x00, 0x00, 0x00, 0x00, 0x00,
	0x00, 0x00, 0x00, 0x00, 0x00, 0x00, 0x00, 0x00, 0x00, 0x00, 0x63, 0x00, 0x63, 0x00, 0x63, 0x00,
	0x63, 0x00, 0x63, 0x00, 0x63, 0x00, 0x77, 0x00, 0x7b, 0x00, 0x60, 0x00, 0x60, 0x00, 0x60, 0x00,
	0x00, 0x00, 0x3f, 0x7a, 0xfa, 0xfa, 0xfa, 0x7a, 0x3a, 0x0a, 0x0a, 0x0a, 0x0a, 0x0a, 0x0a, 0x0a,
	0x00, 0x00, 0x00, 0x00, 0x00, 0x00, 0x00, 0x00, 0x60, 0x60, 0x00, 0x00, 0x00, 0x00, 0x00, 0x00,
	0x00, 0x00, 0x00, 0x00, 0x00, 0x00, 0x00, 0x00, 0x00, 0x00, 0x00, 0x00, 0x00, 0x18, 0xd8, 0x70,
	0x00, 0x00, 0x60, 0xe0, 0x60, 0x60, 0x60, 0x60, 0x00, 0x00, 0x00, 0x00, 0x00, 0x00, 0x00, 0x00,
	0x00, 0x00, 0x70, 0xd8, 0xd8, 0xd8, 0x70, 0x00, 0xf8, 0x00, 0x00, 0x00, 0x00, 0x00, 0x00, 0x00,
	0x00, 0x00, 0x00, 0x00, 0x00, 0x00, 0x00, 0x00, 0x00, 0x00, 0x00, 0x00, 0x6c, 0x00, 0x36, 0x00,
	0x1b, 0x00, 0x36, 0x00, 0x6c, 0x00, 0x00, 0x00, 0x00, 0x00, 0x00, 0x00, 0x00, 0x00, 0x00, 0x00,
	0x00, 0x00, 0x00, 0x00, 0x61, 0x80, 0xe1, 0x80, 0x63, 0x00, 0x63, 0x00, 0x66, 0x00, 0x66, 0x20,
	0x06, 0x60, 0x0c, 0xe0, 0x0d, 0x60, 0x19, 0xf0, 0x18, 0x60, 0x00, 0x00, 0x00, 0x00, 0x00, 0x00,
	0x00, 0x00, 0x00, 0x00, 0x61, 0x80, 0xe1, 0x80, 0x63, 0x00, 0x63, 0x00, 0x66, 0x00, 0x66, 0xc0,
	0x07, 0x60, 0x0c, 0x60, 0x0c, 0xc0, 0x19, 0x80, 0x19, 0xe0, 0x00, 0x00, 0x00, 0x00, 0x00, 0x00,
	0x00, 0x00, 0x00, 0x00, 0x61, 0x80, 0xb1, 0x80, 0x63, 0x00, 0x33, 0x00, 0xb6, 0x00, 0x66, 0x20,
	0x06, 0x60, 0x0c, 0xe0, 0x0d, 0x60, 0x19, 0xf0, 0x18, 0x60, 0x00, 0x00, 0x00, 0x00, 0x00, 0x00,
	0x00, 0x00, 0x00, 0x00, 0x00, 0x00, 0x00, 0x00, 0x00, 0x00, 0x0c, 0x00, 0x0c, 0x00, 0x00, 0x00,
	0x0c, 0x00, 0x0c, 0x00, 0x18, 0x00, 0x30, 0x00, 0x60, 0x00, 0x63, 0x00, 0x63, 0x00, 0x3e, 0x00,
	0x0c, 0x00, 0x00, 0x00, 0x0c, 0x00, 0x0c, 0x00, 0x1e, 0x00, 0x12, 0x00, 0x33, 0x00, 0x33, 0x00,
	0x61, 0x80, 0x7f, 0x80, 0x61, 0x80, 0xc0, 0xc0, 0xc0, 0xc0, 0x00, 0x00, 0x00, 0x00, 0x00, 0x00,
	0x0c, 0x00, 0x00, 0x00, 0x0c, 0x00, 0x0c, 0x00, 0x1e, 0x00, 0x12, 0x00, 0x33, 0x00, 0x33, 0x00,
	0x61, 0x80, 0x7f, 0x80, 0x61, 0x80, 0xc0, 0xc0, 0xc0, 0xc0, 0x00, 0x00, 0x00, 0x00, 0x00, 0x00,
	0x1b, 0x00, 0x00, 0x00, 0x0c, 0x00, 0x0c, 0x00, 0x1e, 0x00, 0x12, 0x00, 0x33, 0x00, 0x33, 0x00,
	0x61, 0x80, 0x7f, 0x80, 0x61, 0x80, 0xc0, 0xc0, 0xc0, 0xc0, 0x00, 0x00, 0x00, 0x00, 0x00, 0x00,
	0x16, 0x00, 0x00, 0x00, 0x0c, 0x00, 0x0c, 0x00, 0x1e, 0x00, 0x12, 0x00, 0x33, 0x00, 0x33, 0x00,
	0x61, 0x80, 0x7f, 0x80, 0x61, 0x80, 0xc0, 0xc0, 0xc0, 0xc0, 0x00, 0x00, 0x00, 0x00, 0x00, 0x00,
	0x33, 0x00, 0x00, 0x00, 0x0c, 0x00, 0x0c, 0x00, 0x1e, 0x00, 0x12, 0x00, 0x33, 0x00, 0x33, 0x00,
	0x61, 0x80, 0x7f, 0x80, 0x61, 0x80, 0xc0, 0xc0, 0xc0, 0xc0, 0x00, 0x00, 0x00, 0x00, 0x00, 0x00,
	0x12, 0x00, 0x0c, 0x00, 0x0c, 0x00, 0x0c, 0x00, 0x1e, 0x00, 0x12, 0x00, 0x33, 0x00, 0x33, 0x00,
	0x61, 0x80, 0x7f, 0x80, 0x61, 0x80, 0xc0, 0xc0, 0xc0, 0xc0, 0x00, 0x00, 0x00, 0x00, 0x00, 0x00,
	0x00, 0x00, 0x00, 0x00, 0x0f, 0xfc, 0x0f, 0x00, 0x1b, 0x00, 0x13, 0x00, 0x33, 0x00, 0x33, 0xf8,
	0x63, 0x00, 0x7f, 0x00, 0x63, 0x00, 0xc3, 0x00, 0xc3, 0xfc, 0x00, 0x00, 0x00, 0x00, 0x00, 0x00,
	0x00, 0x00, 0x00, 0x00, 0x0f, 0x80, 0x3d, 0xc0, 0x30, 0x40, 0x60, 0x00, 0x60, 0x00, 0x60, 0x00,
	0x60, 0x00, 0x60, 0x00, 0x30, 0x40, 0x3d, 0xc0, 0x0f, 0x80, 0x03, 0x00, 0x1b, 0x00, 0x0e, 0x00,
	0x0c, 0x00, 0x00, 0x00, 0x7f, 0x00, 0x60, 0x00, 0x60, 0x00, 0x60, 0x00, 0x60, 0x00, 0x7f, 0x00,
	0x60, 0x00, 0x60, 0x00, 0x60, 0x00, 0x60, 0x00, 0x7f, 0x00, 0x00, 0x00, 0x00, 0x00, 0x00, 0x00,
	0x0c, 0x00, 0x00, 0x00, 0x7f, 0x00, 0x60, 0x00, 0x60, 0x00, 0x60, 0x00, 0x60, 0x00, 0x7f, 0x00,
	0x60, 0x00, 0x60, 0x00, 0x60, 0x00, 0x60, 0x00, 0x7f, 0x00, 0x00, 0x00, 0x00, 0x00, 0x00, 0x00,
	0x1b, 0x00, 0x00, 0x00, 0x7f, 0x00, 0x60, 0x00, 0x60, 0x00, 0x60, 0x00, 0x60, 0x00, 0x7f, 0x00,
	0x60, 0x00, 0x60, 0x00, 0x60, 0x00, 0x60, 0x00, 0x7f, 0x00, 0x00, 0x00, 0x00, 0x00, 0x00, 0x00,
	0x36, 0x00, 0x00, 0x00, 0x7f, 0x00, 0x60, 0x00, 0x60, 0x00, 0x60, 0x00, 0x60, 0x00, 0x7f, 0x00,
	0x60, 0x00, 0x60, 0x00, 0x60, 0x00, 0x60, 0x00, 0x7f, 0x00, 0x00, 0x00, 0x00, 0x00, 0x00, 0x00,
	0x60, 0x00, 0x60, 0x60, 0x60, 0x60, 0x60, 0x60, 0x60, 0x60, 0x60, 0x60, 0x60, 0x00, 0x00, 0x00,
	0x60, 0x00, 0x60, 0x60, 0x60, 0x60, 0x60, 0x60, 0x60, 0x60, 0x60, 0x60, 0x60, 0x00, 0x00, 0x00,
	0xd0, 0x00, 0x60, 0x60, 0x60, 0x60, 0x60, 0x60, 0x60, 0x60, 0x60, 0x60, 0x60, 0x00, 0x00, 0x00,
	0xd0, 0x00, 0x60, 0x60, 0x60, 0x60, 0x60, 0x60, 0x60, 0x60, 0x60, 0x60, 0x60, 0x00, 0x00, 0x00,
	0x00, 0x00, 0x00, 0x00, 0x7e, 0x00, 0x63, 0x80, 0x61, 0x80, 0x60, 0xc0, 0x60, 0xc0, 0xf8, 0xc0,
	0x60, 0xc0, 0x60, 0xc0, 0x61, 0x80, 0x63, 0x80, 0x7e, 0x00, 0x00, 0x00, 0x00, 0x00, 0x00, 0x00,
	0x16, 0x00, 0x00, 0x00, 0x60, 0xc0, 0x70, 0xc0, 0x70, 0xc0, 0x68, 0xc0, 0x6c, 0xc0, 0x64, 0xc0,
	0x66, 0xc0, 0x62, 0xc0, 0x61, 0xc0, 0x61, 0xc0, 0x60, 0xc0, 0x00, 0x00, 0x00, 0x00, 0x00, 0x00,
	0x06, 0x00, 0x00, 0x00, 0x0f, 0x00, 0x39, 0xc0, 0x30, 0xc0, 0x60, 0x60, 0x60, 0x60, 0x60, 0x60,
	0x60, 0x60, 0x60, 0x60, 0x30, 0xc0, 0x39, 0xc0, 0x0f, 0x00, 0x00, 0x00, 0x00, 0x00, 0x00, 0x00,
	0x06, 0x00, 0x00, 0x00, 0x0f, 0x00, 0x39, 0xc0, 0x30, 0xc0, 0x60, 0x60, 0x60, 0x60, 0x60, 0x60,
	0x60, 0x60, 0x60, 0x60, 0x30, 0xc0, 0x39, 0xc0, 0x0f, 0x00, 0x00, 0x00, 0x00, 0x00, 0x00, 0x00,
	0x0d, 0x80, 0x00, 0x00, 0x0f, 0x00, 0x39, 0xc0, 0x30, 0xc0, 0x60, 0x60, 0x60, 0x60, 0x60, 0x60,
	0x60, 0x60, 0x60, 0x60, 0x30, 0xc0, 0x39, 0xc0, 0x0f, 0x00, 0x00, 0x00, 0x00, 0x00, 0x00, 0x00,
	0x0b, 0x00, 0x00, 0x00, 0x0f, 0x00, 0x39, 0xc0, 0x30, 0xc0, 0x60, 0x60, 0x60, 0x60, 0x60, 0x60,
	0x60, 0x60, 0x60, 0x60, 0x30, 0xc0, 0x39, 0xc0, 0x0f, 0x00, 0x00, 0x00, 0x00, 0x00, 0x00, 0x00,
	0x19, 0x80, 0x00, 0x00, 0x0f, 0x00, 0x39, 0xc0, 0x30, 0xc0, 0x60, 0x60, 0x60, 0x60, 0x60, 0x60,
	0x60, 0x60, 0x60, 0x60, 0x30, 0xc0, 0x39, 0xc0, 0x0f, 0x00, 0x00, 0x00, 0x00, 0x00, 0x00, 0x00,
	0x00, 0x00, 0x00, 0x00, 0x00, 0x00, 0x00, 0x00, 0x00, 0x00, 0xc3, 0x00, 0x66, 0x00, 0x3c, 0x00,
	0x18, 0x00, 0x3c, 0x00, 0x66, 0x00, 0xc3, 0x00, 0x00, 0x00, 0x00, 0x00, 0x00, 0x00, 0x00, 0x00,
	0x00, 0x00, 0x00, 0x00, 0x0f, 0x30, 0x39, 0xe0, 0x30, 0xc0, 0x61, 0xe0, 0x63, 0x60, 0x66, 0x60,
	0x6c, 0x60, 0x78, 0x60, 0x30, 0xc0, 0x79, 0xc0, 0xcf, 0x00, 0x00, 0x00, 0x00, 0x00, 0x00, 0x00,
	0x06, 0x00, 0x00, 0x00, 0x60, 0xc0, 0x60, 0xc0, 0x60, 0xc0, 0x60, 0xc0, 0x60, 0xc0, 0x60, 0xc0,
	0x60, 0xc0, 0x60, 0xc0, 0x60, 0xc0, 0x31, 0x80, 0x1f, 0x00, 0x00, 0x00, 0x00, 0x00, 0x00, 0x00,
	0x06, 0x00, 0x00, 0x00, 0x60, 0xc0, 0x60, 0xc0, 0x60, 0xc0, 0x60, 0xc0, 0x60, 0xc0, 0x60, 0xc0,
	0x60, 0xc0, 0x60, 0xc0, 0x60, 0xc0, 0x31, 0x80, 0x1f, 0x00, 0x00, 0x00, 0x00, 0x00, 0x00, 0x00,
	0x1b, 0x00, 0x00, 0x00, 0x60, 0xc0, 0x60, 0xc0, 0x60, 0xc0, 0x60, 0xc0, 0x60, 0xc0, 0x60, 0xc0,
	0x60, 0xc0, 0x60, 0xc0, 0x60, 0xc0, 0x31, 0x80, 0x1f, 0x00, 0x00, 0x00, 0x00, 0x00, 0x00, 0x00,
	0x31, 0x80, 0x00, 0x00, 0x60, 0xc0, 0x60, 0xc0, 0x60, 0xc0, 0x60, 0xc0, 0x60, 0xc0, 0x60, 0xc0,
	0x60, 0xc0, 0x60, 0xc0, 0x60, 0xc0, 0x31, 0x80, 0x1f, 0x00, 0x00, 0x00, 0x00, 0x00, 0x00, 0x00,
	0x0c, 0x00, 0x00, 0x00, 0xc0, 0xc0, 0x61, 0x80, 0x61, 0x80, 0x33, 0x00, 0x33, 0x00, 0x1e, 0x00,
	0x1e, 0x00, 0x0c, 0x00, 0x0c, 0x00, 0x0c, 0x00, 0x0c, 0x00, 0x00, 0x00, 0x00, 0x00, 0x00, 0x00,
	0x00, 0x00, 0x00, 0x00, 0x60, 0x00, 0x60, 0x00, 0x7f, 0x00, 0x63, 0x80, 0x61, 0x80, 0x61, 0x80,
	0x63, 0x80, 0x7f, 0x00, 0x60, 0x00, 0x60, 0x00, 0x60, 0x00, 0x00, 0x00, 0x00, 0x00, 0x00, 0x00,
	0x00, 0x00, 0x3c, 0x66, 0x66, 0x66, 0x6c, 0x6c, 0x66, 0x66, 0x66, 0x66, 0x6c, 0x00, 0x00, 0x00,
	0x00, 0x00, 0x18, 0x0c, 0x00, 0x3c, 0x66, 0x06, 0x3e, 0x66, 0x66, 0x6e, 0x3b, 0x00, 0x00, 0x00,
	0x00, 0x00, 0x0c, 0x18, 0x00, 0x3c, 0x66, 0x06, 0x3e, 0x66, 0x66, 0x6e, 0x3b, 0x00, 0x00, 0x00,
	0x00, 0x00, 0x1c, 0x36, 0x00, 0x3c, 0x66, 0x06, 0x3e, 0x66, 0x66, 0x6e, 0x3b, 0x00, 0x00, 0x00,
	0x00, 0x00, 0x1a, 0x2c, 0x00, 0x3c, 0x66, 0x06, 0x3e, 0x66, 0x66, 0x6e, 0x3b, 0x00, 0x00, 0x00,
	0x00, 0x00, 0x36, 0x36, 0x00, 0x3c, 0x66, 0x06, 0x3e, 0x66, 0x66, 0x6e, 0x3b, 0x00, 0x00, 0x00,
	0x00, 0x00, 0x18, 0x24, 0x18, 0x3c, 0x66, 0x06, 0x3e, 0x66, 0x66, 0x6e, 0x3b, 0x00, 0x00, 0x00,
	0x00, 0x00, 0x00, 0x00, 0x00, 0x00, 0x00, 0x00, 0x00, 0x00, 0x3d, 0xe0, 0x67, 0x30, 0x06, 0x30,
	0x3f, 0xf0, 0x66, 0x00, 0x66, 0x00, 0x6f, 0x30, 0x3b, 0xe0, 0x00, 0x00, 0x00, 0x00, 0x00, 0x00,
	0x00, 0x00, 0x00, 0x00, 0x00, 0x00, 0x00, 0x00, 0x00, 0x00, 0x1e, 0x00, 0x33, 0x00, 0x63, 0x00,
	0x60, 0x00, 0x60, 0x00, 0x63, 0x00, 0x33, 0x00, 0x1e, 0x00, 0x0c, 0x00, 0x2c, 0x00, 0x38, 0x00,
	0x00, 0x00, 0x30, 0x18, 0x00, 0x3c, 0x66, 0x66, 0x7e, 0x60, 0x60, 0x76, 0x3c, 0x00, 0x00, 0x00,
	0x00, 0x00, 0x0c, 0x18, 0x00, 0x3c, 0x66, 0x66, 0x7e, 0x60, 0x60, 0x76, 0x3c, 0x00, 0x00, 0x00,
	0x00, 0x00, 0x1c, 0x36, 0x00, 0x3c, 0x66, 0x66, 0x7e, 0x60, 0x60, 0x76, 0x3c, 0x00, 0x00, 0x00,
	0x00, 0x00, 0x36, 0x36, 0x00, 0x3c, 0x66, 0x66, 0x7e, 0x60, 0x60, 0x76, 0x3c, 0x00, 0x00, 0x00,
	0x00, 0x00, 0xc0, 0x60, 0x00, 0x60, 0x60, 0x60, 0x60, 0x60, 0x60, 0x60, 0x60, 0x00, 0x00, 0x00,
	0x00, 0x00, 0x30, 0x60, 0x00, 0x60, 0x60, 0x60, 0x60, 0x60, 0x60, 0x60, 0x60, 0x00, 0x00, 0x00,
	0x00, 0x00, 0x70, 0xd0, 0x00, 0x60, 0x60, 0x60, 0x60, 0x60, 0x60, 0x60, 0x60, 0x00, 0x00, 0x00,
	0x00, 0x00, 0xd0, 0xd0, 0x00, 0x60, 0x60, 0x60, 0x60, 0x60, 0x60, 0x60, 0x60, 0x00, 0x00, 0x00,
	0x00, 0x00, 0x00, 0x00, 0x36, 0x00, 0x1c, 0x00, 0x24, 0x00, 0x1e, 0x00, 0x36, 0x00, 0x63, 0x00,
	0x63, 0x00, 0x63, 0x00, 0x63, 0x00, 0x36, 0x00, 0x1c, 0x00, 0x00, 0x00, 0x00, 0x00, 0x00, 0x00,
	0x00, 0x00, 0x00, 0x00, 0x1a, 0x00, 0x2c, 0x00, 0x00, 0x00, 0x6e, 0x00, 0x77, 0x00, 0x63, 0x00,
	0x63, 0x00, 0x63, 0x00, 0x63, 0x00, 0x63, 0x00, 0x63, 0x00, 0x00, 0x00, 0x00, 0x00, 0x00, 0x00,
	0x00, 0x00, 0x00, 0x00, 0x18, 0x00, 0x0c, 0x00, 0x00, 0x00, 0x1c, 0x00, 0x36, 0x00, 0x63, 0x00,
	0x63, 0x00, 0x63, 0x00, 0x63, 0x00, 0x36, 0x00, 0x1c, 0x00, 0x00, 0x00, 0x00, 0x00, 0x00, 0x00,
	0x00, 0x00, 0x00, 0x00, 0x0c, 0x00, 0x18, 0x00, 0x00, 0x00, 0x1c, 0x00, 0x36, 0x00, 0x63, 0x00,
	0x63, 0x00, 0x63, 0x00, 0x63, 0x00, 0x36, 0x00, 0x1c, 0x00, 0x00, 0x00, 0x00, 0x00, 0x00, 0x00,
	0x00, 0x00, 0x00, 0x00, 0x1c, 0x00, 0x36, 0x00, 0x00, 0x00, 0x1c, 0x00, 0x36, 0x00, 0x63, 0x00,
	0x63, 0x00, 0x63, 0x00, 0x63, 0x00, 0x36, 0x00, 0x1c, 0x00, 0x00, 0x00, 0x00, 0x00, 0x00, 0x00,
	0x00, 0x00, 0x00, 0x00, 0x1a, 0x00, 0x2c, 0x00, 0x00, 0x00, 0x1c, 0x00, 0x36, 0x00, 0x63, 0x00,
	0x63, 0x00, 0x63, 0x00, 0x63, 0x00, 0x36, 0x00, 0x1c, 0x00, 0x00, 0x00, 0x00, 0x00, 0x00, 0x00,
	0x00, 0x00, 0x00, 0x00, 0x36, 0x00, 0x36, 0x00, 0x00, 0x00, 0x1c, 0x00, 0x36, 0x00, 0x63, 0x00,
	0x63, 0x00, 0x63, 0x00, 0x63, 0x00, 0x36, 0x00, 0x1c, 0x00, 0x00, 0x00, 0x00, 0x00, 0x00, 0x00,
	0x00, 0x00, 0x00, 0x00, 0x00, 0x00, 0x00, 0x00, 0x00, 0x00, 0x18, 0x00, 0x18, 0x00, 0x00, 0x00,
	0xff, 0x00, 0x00, 0x00, 0x18, 0x00, 0x18, 0x00, 0x00, 0x00, 0x00, 0x00, 0x00, 0x00, 0x00, 0x00,
	0x00, 0x00, 0x00, 0x00, 0x00, 0x00, 0x00, 0x00, 0x00, 0x00, 0x1d, 0x00, 0x36, 0x00, 0x67, 0x00,
	0x6b, 0x00, 0x6b, 0x00, 0x73, 0x00, 0x36, 0x00, 0x5c, 0x00, 0x00, 0x00, 0x00, 0x00, 0x00, 0x00,
	0x00, 0x00, 0x00, 0x00, 0x18, 0x00, 0x0c, 0x00, 0x00, 0x00, 0x63, 0x00, 0x63, 0x00, 0x63, 0x00,
	0x63, 0x00, 0x63, 0x00, 0x63, 0x00, 0x77, 0x00, 0x3b, 0x00, 0x00, 0x00, 0x00, 0x00, 0x00, 0x00,
	0x00, 0x00, 0x00, 0x00, 0x06, 0x00, 0x0c, 0x00, 0x00, 0x00, 0x63, 0x00, 0x63, 0x00, 0x63, 0x00,
	0x63, 0x00, 0x63, 0x00, 0x63, 0x00, 0x77, 0x00, 0x3b, 0x00, 0x00, 0x00, 0x00, 0x00, 0x00, 0x00,
	0x00, 0x00, 0x00, 0x00, 0x1c, 0x00, 0x36, 0x00, 0x00, 0x00, 0x63, 0x00, 0x63, 0x00, 0x63, 0x00,
	0x63, 0x00, 0x63, 0x00, 0x63, 0x00, 0x77, 0x00, 0x3b, 0x00, 0x00, 0x00, 0x00, 0x00, 0x00, 0x00,
	0x00, 0x00, 0x00, 0x00, 0x36, 0x00, 0x36, 0x00, 0x00, 0x00, 0x63, 0x00, 0x63, 0x00, 0x63, 0x00,
	0x63, 0x00, 0x63, 0x00, 0x63, 0x00, 0x77, 0x00, 0x3b, 0x00, 0x00, 0x00, 0x00, 0x00, 0x00, 0x00,
	0x00, 0x00, 0x0c, 0x18, 0x00, 0xc3, 0xc3, 0x66, 0x66, 0x24, 0x3c, 0x18, 0x18, 0x18, 0x30, 0x70,
	0x00, 0x00, 0x00, 0x00, 0x60, 0x00, 0x60, 0x00, 0x60, 0x00, 0x6c, 0x00, 0x76, 0x00, 0x63, 0x00,
	0x63, 0x00, 0x63, 0x00, 0x63, 0x00, 0x76, 0x00, 0x6c, 0x00, 0x60, 0x00, 0x60, 0x00, 0x60, 0x00,
	0x00, 0x00, 0x36, 0x36, 0x00, 0xc3, 0xc3, 0x66, 0x66, 0x24, 0x3c, 0x18, 0x18, 0x18, 0x30, 0x70,
};
static unsigned short o_helvB10[] = {
	0, 16, 32, 48, 80, 96, 128, 160, 176, 192, 208, 224,
	256, 272, 288, 304, 320, 336, 352, 368, 384, 400, 416, 432,
	448, 464, 480, 496, 512, 528, 560, 576, 608, 640, 672, 704,
	736, 768, 800, 832, 864, 896, 912, 928, 960, 976, 1008, 1040,
	1072, 1104, 1136, 1168, 1200, 1216, 1248, 1280, 1312, 1344, 1376, 1408,
	1424, 1440, 1456, 1472, 1488, 1504, 1520, 1552, 1568, 1600, 1616, 1632,
	1664, 1696, 1712, 1728, 1744, 1760, 1792, 1824, 1856, 1888, 1920, 1936,
	1952, 1968, 2000, 2016, 2048, 2064, 2080, 2096, 2112, 2128, 2144, 2176,
	2208, 2240, 2272, 2304, 2336, 2368, 2400, 2432, 2464, 2496, 2528, 2560,
	2592, 2624, 2656, 2688, 2720, 2752, 2784, 2816, 2848, 2880, 2912, 2944,
	2976, 3008, 3040, 3072, 3104, 3136, 3168, 3200, 3232, 3248, 3264, 3280,
	3296, 3312, 3344, 3360, 3376, 3392, 3424, 3440, 3472, 3504, 3520, 3552,
	3568, 3584, 3616, 3632, 3648, 3664, 3696, 3712, 3728, 3744, 3760, 3776,
	3808, 3840, 3872, 3904, 3936, 3968, 4000, 4032, 4064, 4096, 4128, 4160,
	4192, 4224, 4256, 4288, 4320, 4336, 4352, 4368, 4384, 4416, 4448, 4480,
	4512, 4544, 4576, 4608, 4640, 4672, 4704, 4736, 4768, 4800, 4832, 4864,
	4880, 4896, 4912, 4928, 4944, 4960, 4976, 5008, 5040, 5056, 5072, 5088,
	5104, 5120, 5136, 5152, 5168, 5200, 5232, 5264, 5296, 5328, 5360, 5392,
	5424, 5456, 5488, 5520, 5552, 5584, 5600, 5632,
};
static unsigned char w_helvB10[] = {
	4, 4, 7, 9, 8, 13, 11, 4, 5, 5, 6, 9, 4, 4, 4, 4,
	8, 8, 8, 8, 8, 8, 8, 8, 8, 8, 5, 5, 8, 9, 8, 9,
	14, 10, 10, 11, 11, 9, 9, 11, 10, 4, 8, 10, 8, 13, 11, 12,
	10, 12, 11, 10, 8, 11, 10, 14, 9, 10, 9, 5, 4, 5, 8, 8,
	5, 8, 9, 8, 9, 8, 4, 9, 9, 4, 4, 8, 4, 12, 9, 9,
	9, 9, 6, 8, 5, 9, 8, 10, 7, 8, 6, 6, 4, 6, 9, 9,
	9, 9, 9, 9, 9, 9, 9, 9, 9, 9, 9, 9, 9, 9, 9, 9,
	9, 9, 9, 9, 9, 9, 9, 9, 9, 9, 9, 9, 9, 9, 9, 9,
	4, 4, 8, 8, 8, 9, 4, 8, 5, 12, 6, 9, 9, 4, 12, 5,
	6, 9, 5, 5, 5, 9, 8, 4, 5, 4, 6, 9, 12, 12, 12, 9,
	10, 10, 10, 10, 10, 10, 15, 11, 9, 9, 9, 9, 4, 4, 4, 4,
	11, 11, 12, 12, 12, 12, 12, 9, 12, 11, 11, 11, 11, 10, 10, 8,
	8, 8, 8, 8, 8, 8, 13, 9, 8, 8, 8, 8, 4, 4, 4, 4,
	9, 9, 9, 9, 9, 9, 9, 9, 9, 9, 9, 9, 9, 8, 9, 8,
};

#define F_helvB10 { "Helv", 10, 16, 13, 3, 700, 0, 0, 32, 7, 15, 0x20, 0xff, w_helvB10, o_helvB10, b_helvB10 }

/* -Adobe-Helvetica-Bold-R-Normal--17-120-100-100-P-92-ISO8859-1 helvB12.pcf.gz sha256 b522717da5973b2666be884aa0afb477949a5e8dffb541a3f3b5b5299e7c7a67 */
static unsigned char b_helvB12[] = {
	0x00, 0x00, 0x00, 0x00, 0x00, 0x00, 0x00, 0x00, 0x00, 0x00, 0x00, 0x00, 0x00, 0x00, 0x00, 0x00,
	0x00, 0x00, 0x00, 0x00, 0x30, 0x30, 0x30, 0x30, 0x30, 0x30, 0x20, 0x20, 0x20, 0x00, 0x30, 0x30,
	0x00, 0x00, 0x00, 0x00, 0x00, 0x00, 0x6c, 0x6c, 0x6c, 0x24, 0x00, 0x00, 0x00, 0x00, 0x00, 0x00,
	0x00, 0x00, 0x00, 0x00, 0x00, 0x00, 0x00, 0x00, 0x00, 0x00, 0x1b, 0x00, 0x1b, 0x00, 0x1b, 0x00,
	0x7f, 0x80, 0x7f, 0x80, 0x36, 0x00, 0x36, 0x00, 0xff, 0x00, 0xff, 0x00, 0x6c, 0x00, 0x6c, 0x00,
	0x6c, 0x00, 0x00, 0x00, 0x00, 0x00, 0x00, 0x00, 0x00, 0x00, 0x00, 0x00, 0x08, 0x00, 0x3e, 0x00,
	0x7f, 0x00, 0x6b, 0x00, 0x68, 0x00, 0x78, 0x00, 0x3c, 0x00, 0x1e, 0x00, 0x0f, 0x00, 0x0b, 0x00,
	0x6b, 0x00, 0x7f, 0x00, 0x3e, 0x00, 0x08, 0x00, 0x00, 0x00, 0x00, 0x00, 0x00, 0x00, 0x00, 0x00,
	0x00, 0x00, 0x30, 0x40, 0x78, 0x80, 0xcc, 0x80, 0xcd, 0x00, 0x79, 0x00, 0x32, 0x00, 0x02, 0x60,
	0x04, 0xf0, 0x05, 0x98, 0x09, 0x98, 0x08, 0xf0, 0x10, 0x60, 0x00, 0x00, 0x00, 0x00, 0x00, 0x00,
	0x00, 0x00, 0x00, 0x00, 0x00, 0x00, 0x1e, 0x00, 0x3f, 0x00, 0x33, 0x00, 0x33, 0x00, 0x1e, 0x00,
	0x1c, 0x60, 0x3e, 0xe0, 0x67, 0xc0, 0x63, 0x80, 0x63, 0x80, 0x3f, 0xc0, 0x1c, 0xe0, 0x00, 0x00,
	0x00, 0x00, 0x00, 0x00, 0x00, 0x00, 0x00, 0x00, 0x60, 0x60, 0x60, 0x20, 0x00, 0x00, 0x00, 0x00,
	0x00, 0x00, 0x00, 0x00, 0x00, 0x00, 0x00, 0x00, 0x00, 0x00, 0x18, 0x38, 0x30, 0x60, 0x60, 0x60,
	0x60, 0x60, 0x60, 0x60, 0x60, 0x60, 0x30, 0x38, 0x18, 0x00, 0x00, 0x00, 0xc0, 0xe0, 0x60, 0x30,
	0x30, 0x30, 0x30, 0x30, 0x30, 0x30, 0x30, 0x30, 0x60, 0xe0, 0xc0, 0x00, 0x00, 0x00, 0x20, 0xa8,
	0x70, 0x70, 0x88, 0x00, 0x00, 0x00, 0x00, 0x00, 0x00, 0x00, 0x00, 0x00, 0x00, 0x00, 0x00, 0x00,
	0x00, 0x00, 0x00, 0x00, 0x00, 0x00, 0x00, 0x00, 0x00, 0x00, 0x0c, 0x00, 0x0c, 0x00, 0x0c, 0x00,
	0x7f, 0x80, 0x7f, 0x80, 0x0c, 0x00, 0x0c, 0x00, 0x0c, 0x00, 0x00, 0x00, 0x00, 0x00, 0x00, 0x00,
	0x00, 0x00, 0x00, 0x00, 0x00, 0x00, 0x00, 0x00, 0x00, 0x00, 0x00, 0x00, 0x00, 0x00, 0x60, 0x60,
	0x20, 0x20, 0x40, 0x00, 0x00, 0x00, 0x00, 0x00, 0x00, 0x00, 0x00, 0x00, 0x00, 0xf0, 0xf0, 0x00,
	0x00, 0x00, 0x00, 0x00, 0x00, 0x00, 0x00, 0x00, 0x00, 0x00, 0x00, 0x00, 0x00, 0x00, 0x00, 0x00,
	0x00, 0x00, 0x60, 0x60, 0x00, 0x00, 0x00, 0x00, 0x00, 0x00, 0x10, 0x10, 0x30, 0x20, 0x20, 0x60,
	0x40, 0x40, 0xc0, 0x80, 0x80, 0x80, 0x00, 0x00, 0x00, 0x00, 0x00, 0x00, 0x00, 0x00, 0x3c, 0x00,
	0x7e, 0x00, 0xe7, 0x00, 0xc3, 0x00, 0xc3, 0x00, 0xc3, 0x00, 0xc3, 0x00, 0xc3, 0x00, 0xc3, 0x00,
	0xe7, 0x00, 0x7e, 0x00, 0x3c, 0x00, 0x00, 0x00, 0x00, 0x00, 0x00, 0x00, 0x00, 0x00, 0x00, 0x00,
	0x00, 0x00, 0x04, 0x00, 0x0c, 0x00, 0x7c, 0x00, 0x7c, 0x00, 0x0c, 0x00, 0x0c, 0x00, 0x0c, 0x00,
	0x0c, 0x00, 0x0c, 0x00, 0x0c, 0x00, 0x0c, 0x00, 0x0c, 0x00, 0x00, 0x00, 0x00, 0x00, 0x00, 0x00,
	0x00, 0x00, 0x00, 0x00, 0x00, 0x00, 0x3c, 0x00, 0x7e, 0x00, 0xe7, 0x00, 0xc3, 0x00, 0xc3, 0x00,
	0x07, 0x00, 0x0e, 0x00, 0x1c, 0x00, 0x38, 0x00, 0x70, 0x00, 0xff, 0x00, 0xff, 0x00, 0x00, 0x00,
	0x00, 0x00, 0x00, 0x00, 0x00, 0x00, 0x00, 0x00, 0x00, 0x00, 0x3c, 0x00, 0x7e, 0x00, 0xe7, 0x00,
	0xc3, 0x00, 0x07, 0x00, 0x1e, 0x00, 0x1e, 0x00, 0x07, 0x00, 0xc3, 0x00, 0xe7, 0x00, 0x7e, 0x00,
	0x3c, 0x00, 0x00, 0x00, 0x00, 0x00, 0x00, 0x00, 0x00, 0x00, 0x00, 0x00, 0x00, 0x00, 0x0e, 0x00,
	0x1e, 0x00, 0x36, 0x00, 0x36, 0x00, 0x66, 0x00, 0x66, 0x00, 0xc6, 0x00, 0xff, 0x00, 0xff, 0x00,
	0x06, 0x00, 0x06, 0x00, 0x06, 0x00, 0x00, 0x00, 0x00, 0x00, 0x00, 0x00, 0x00, 0x00, 0x00, 0x00,
	0x00, 0x00, 0x3f, 0x00, 0x3f, 0x00, 0x30, 0x00, 0x30, 0x00, 0x7c, 0x00, 0x7e, 0x00, 0x47, 0x00,
	0x03, 0x00, 0x03, 0x00, 0xe7, 0x00, 0x7e, 0x00, 0x3c, 0x00, 0x00, 0x00, 0x00, 0x00, 0x00, 0x00,
	0x00, 0x00, 0x00, 0x00, 0x00, 0x00, 0x3c, 0x00, 0x7e, 0x00, 0xe7, 0x00, 0xc0, 0x00, 0xdc, 0x00,
	0xfe, 0x00, 0xe7, 0x00, 0xc3, 0x00, 0xc3, 0x00, 0xe7, 0x00, 0x7e, 0x00, 0x3c, 0x00, 0x00, 0x00,
	0x00, 0x00, 0x00, 0x00, 0x00, 0x00, 0x00, 0x00, 0x00, 0x00, 0xff, 0x00, 0xff, 0x00, 0x06, 0x00,
	0x06, 0x00, 0x0c, 0x00, 0x0c, 0x00, 0x18, 0x00, 0x18, 0x00, 0x18, 0x00, 0x30, 0x00, 0x30, 0x00,
	0x30, 0x00, 0x00, 0x00, 0x00, 0x00, 0x00, 0x00, 0x00, 0x00, 0x00, 0x00, 0x00, 0x00, 0x3c, 0x00,
	0x7e, 0x00, 0xe7, 0x00, 0xc3, 0x00, 0x66, 0x00, 0x3c, 0x00, 0x7e, 0x00, 0xe7, 0x00, 0xc3, 0x00,
	0xe7, 0x00, 0x7e, 0x00, 0x3c, 0x00, 0x00, 0x00, 0x00, 0x00, 0x00, 0x00, 0x00, 0x00, 0x00, 0x00,
	0x00, 0x00, 0x3c, 0x00, 0x7e, 0x00, 0xe7, 0x00, 0xc3, 0x00, 0xc3, 0x00, 0xe7, 0x00, 0x7f, 0x00,
	0x3b, 0x00, 0x03, 0x00, 0xe7, 0x00, 0x7e, 0x00, 0x3c, 0x00, 0x00, 0x00, 0x00, 0x00, 0x00, 0x00,
	0x00, 0x00, 0x00, 0x00, 0x00, 0x00, 0x00, 0x00, 0x30, 0x30, 0x00, 0x00, 0x00, 0x00, 0x30, 0x30,
	0x00, 0x00, 0x00, 0x00, 0x00, 0x00, 0x00, 0x00, 0x00, 0x00, 0x30, 0x30, 0x00, 0x00, 0x00, 0x00,
	0x30, 0x30, 0x10, 0x10, 0x20, 0x00, 0x00, 0x00, 0x00, 0x00, 0x00, 0x00, 0x00, 0x00, 0x00, 0x00,
	0x00, 0x00, 0x01, 0x80, 0x07, 0x80, 0x1e, 0x00, 0x70, 0x00, 0x70, 0x00, 0x1e, 0x00, 0x07, 0x80,
	0x01, 0x80, 0x00, 0x00, 0x00, 0x00, 0x00, 0x00, 0x00, 0x00, 0x00, 0x00, 0x00, 0x00, 0x00, 0x00,
	0x00, 0x00, 0x00, 0x00, 0x00, 0x00, 0x00, 0x00, 0x7f, 0x80, 0x7f, 0x80, 0x00, 0x00, 0x00, 0x00,
	0x7f, 0x80, 0x7f, 0x80, 0x00, 0x00, 0x00, 0x00, 0x00, 0x00, 0x00, 0x00, 0x00, 0x00, 0x00, 0x00,
	0x00, 0x00, 0x00, 0x00, 0x00, 0x00, 0x00, 0x00, 0x00, 0x00, 0x60, 0x00, 0x78, 0x00, 0x1e, 0x00,
	0x03, 0x80, 0x03, 0x80, 0x1e, 0x00, 0x78, 0x00, 0x60, 0x00, 0x00, 0x00, 0x00, 0x00, 0x00, 0x00,
	0x00, 0x00, 0x00, 0x00, 0x00, 0x00, 0x3e, 0x00, 0x7f, 0x00, 0x63, 0x00, 0x63, 0x00, 0x03, 0x00,
	0x07, 0x00, 0x06, 0x00, 0x0c, 0x00, 0x0c, 0x00, 0x00, 0x00, 0x0c, 0x00, 0x0c, 0x00, 0x00, 0x00,
	0x00, 0x00, 0x00, 0x00, 0x00, 0x00, 0x00, 0x00, 0x00, 0x00, 0x07, 0xe0, 0x1c, 0x30, 0x30, 0x08,
	0x23, 0xec, 0x66, 0x24, 0x44, 0x64, 0x4c, 0x64, 0x4c, 0x44, 0x4c, 0xcc, 0x64, 0xc8, 0x23, 0x30,
	0x30, 0x00, 0x1c, 0x60, 0x07, 0xc0, 0x00, 0x00, 0x00, 0x00, 0x00, 0x00, 0x00, 0x00, 0x0e, 0x00,
	0x0e, 0x00, 0x1f, 0x00, 0x1b, 0x00, 0x3b, 0x80, 0x31, 0x80, 0x71, 0xc0, 0x60, 0xc0, 0x7f, 0xc0,
	0xff, 0xe0, 0xc0, 0x60, 0xc0, 0x60, 0x00, 0x00, 0x00, 0x00, 0x00, 0x00, 0x00, 0x00, 0x00, 0x00,
	0x00, 0x00, 0x7f, 0x00, 0x7f, 0x80, 0x61, 0xc0, 0x60, 0xc0, 0x61, 0xc0, 0x7f, 0x80, 0x7f, 0x80,
	0x61, 0xc0, 0x60, 0xc0, 0x61, 0xc0, 0x7f, 0x80, 0x7f, 0x00, 0x00, 0x00, 0x00, 0x00, 0x00, 0x00,
	0x00, 0x00, 0x00, 0x00, 0x00, 0x00, 0x0f, 0x80, 0x1f, 0xc0, 0x38, 0xe0, 0x30, 0x60, 0x70, 0x00,
	0x60, 0x00, 0x60, 0x00, 0x70, 0x00, 0x30, 0x60, 0x38, 0xe0, 0x1f, 0xc0, 0x0f, 0x80, 0x00, 0x00,
	0x00, 0x00, 0x00, 0x00, 0x00, 0x00, 0x00, 0x00, 0x00, 0x00, 0x7e, 0x00, 0x7f, 0x80, 0x61, 0xc0,
	0x60, 0xc0, 0x60, 0xe0, 0x60, 0x60, 0x60, 0x60, 0x60, 0xe0, 0x60, 0xc0, 0x61, 0xc0, 0x7f, 0x80,
	0x7e, 0x00, 0x00, 0x00, 0x00, 0x00, 0x00, 0x00, 0x00, 0x00, 0x00, 0x00, 0x00, 0x00, 0x7f, 0x80,
	0x7f, 0x80, 0x60, 0x00, 0x60, 0x00, 0x60, 0x00, 0x7f, 0x00, 0x7f, 0x00, 0x60, 0x00, 0x60, 0x00,
	0x60, 0x00, 0x7f, 0x80, 0x7f, 0x80, 0x00, 0x00, 0x00, 0x00, 0x00, 0x00, 0x00, 0x00, 0x00, 0x00,
	0x00, 0x00, 0x7f, 0x80, 0x7f, 0x80, 0x60, 0x00, 0x60, 0x00, 0x60, 0x00, 0x7f, 0x00, 0x7f, 0x00,
	0x60, 0x00, 0x60, 0x00, 0x60, 0x00, 0x60, 0x00, 0x60, 0x00, 0x00, 0x00, 0x00, 0x00, 0x00, 0x00,
	0x00, 0x00, 0x00, 0x00, 0x00, 0x00, 0x0f, 0x80, 0x1f, 0xc0, 0x38, 0xe0, 0x30, 0x60, 0x70, 0x00,
	0x60, 0x00, 0x61, 0xe0, 0x71, 0xe0, 0x30, 0x60, 0x38, 0xe0, 0x1f, 0xe0, 0x0f, 0x60, 0x00, 0x00,
	0x00, 0x00, 0x00, 0x00, 0x00, 0x00, 0x00, 0x00, 0x00, 0x00, 0x60, 0x60, 0x60, 0x60, 0x60, 0x60,
	0x60, 0x60, 0x7f, 0xe0, 0x7f, 0xe0, 0x60, 0x60, 0x60, 0x60, 0x60, 0x60, 0x60, 0x60, 0x60, 0x60,
	0x60, 0x60, 0x00, 0x00, 0x00, 0x00, 0x00, 0x00, 0x00, 0x00, 0x00, 0x00, 0x60, 0x60, 0x60, 0x60,
	0x60, 0x60, 0x60, 0x60, 0x60, 0x60, 0x60, 0x60, 0x00, 0x00, 0x00, 0x00, 0x00, 0x00, 0x00, 0x00,
	0x03, 0x00, 0x03, 0x00, 0x03, 0x00, 0x03, 0x00, 0x03, 0x00, 0x03, 0x00, 0x03, 0x00, 0x03, 0x00,
	0x63, 0x00, 0x63, 0x00, 0x7f, 0x00, 0x3e, 0x00, 0x00, 0x00, 0x00, 0x00, 0x00, 0x00, 0x00, 0x00,
	0x00, 0x00, 0x00, 0x00, 0x60, 0xe0, 0x61, 0xc0, 0x63, 0x80, 0x67, 0x00, 0x6e, 0x00, 0x7c, 0x00,
	0x7e, 0x00, 0x67, 0x00, 0x63, 0x80, 0x61, 0xc0, 0x60, 0xe0, 0x60, 0x70, 0x00, 0x00, 0x00, 0x00,
	0x00, 0x00, 0x00, 0x00, 0x00, 0x00, 0x00, 0x00, 0x60, 0x00, 0x60, 0x00, 0x60, 0x00, 0x60, 0x00,
	0x60, 0x00, 0x60, 0x00, 0x60, 0x00, 0x60, 0x00, 0x60, 0x00, 0x60, 0x00, 0x7f, 0x80, 0x7f, 0x80,
	0x00, 0x00, 0x00, 0x00, 0x00, 0x00, 0x00, 0x00, 0x00, 0x00, 0x00, 0x00, 0x70, 0x70, 0x70, 0x70,
	0x70, 0x70, 0x78, 0xf0, 0x78, 0xf0, 0x68, 0xb0, 0x6d, 0xb0, 0x6d, 0xb0, 0x65, 0x30, 0x67, 0x30,
	0x67, 0x30, 0x62, 0x30, 0x00, 0x00, 0x00, 0x00, 0x00, 0x00, 0x00, 0x00, 0x00, 0x00, 0x00, 0x00,
	0x70, 0x60, 0x78, 0x60, 0x78, 0x60, 0x6c, 0x60, 0x6c, 0x60, 0x66, 0x60, 0x66, 0x60, 0x63, 0x60,
	0x63, 0x60, 0x61, 0xe0, 0x61, 0xe0, 0x60, 0xe0, 0x00, 0x00, 0x00, 0x00, 0x00, 0x00, 0x00, 0x00,
	0x00, 0x00, 0x00, 0x00, 0x0f, 0x80, 0x1f, 0xc0, 0x38, 0xe0, 0x30, 0x60, 0x70, 0x70, 0x60, 0x30,
	0x60, 0x30, 0x70, 0x70, 0x30, 0x60, 0x38, 0xe0, 0x1f, 0xc0, 0x0f, 0x80, 0x00, 0x00, 0x00, 0x00,
	0x00, 0x00, 0x00, 0x00, 0x00, 0x00, 0x00, 0x00, 0x7f, 0x00, 0x7f, 0x80, 0x61, 0xc0, 0x60, 0xc0,
	0x60, 0xc0, 0x61, 0xc0, 0x7f, 0x80, 0x7f, 0x00, 0x60, 0x00, 0x60, 0x00, 0x60, 0x00, 0x60, 0x00,
	0x00, 0x00, 0x00, 0x00, 0x00, 0x00, 0x00, 0x00, 0x00, 0x00, 0x00, 0x00, 0x0f, 0x80, 0x1f, 0xc0,
	0x38, 0xe0, 0x30, 0x60, 0x70, 0x70, 0x60, 0x30, 0x60, 0x30, 0x71, 0x30, 0x33, 0xe0, 0x39, 0xe0,
	0x1f, 0xc0, 0x0f, 0xe0, 0x00, 0x40, 0x00, 0x00, 0x00, 0x00, 0x00, 0x00, 0x00, 0x00, 0x00, 0x00,
	0x7f, 0x80, 0x7f, 0xc0, 0x60, 0xc0, 0x60, 0xc0, 0x61, 0xc0, 0x7f, 0x80, 0x7f, 0x80, 0x61, 0xc0,
	0x60, 0xc0, 0x60, 0xc0, 0x60, 0xe0, 0x60, 0xe0, 0x00, 0x00, 0x00, 0x00, 0x00, 0x00, 0x00, 0x00,
	0x00, 0x00, 0x00, 0x00, 0x1f, 0x00, 0x3f, 0x80, 0x71, 0xc0, 0x60, 0xc0, 0x78, 0x00, 0x3f, 0x00,
	0x0f, 0x80, 0x01, 0xc0, 0x60, 0xc0, 0x71, 0xc0, 0x3f, 0x80, 0x1f, 0x00, 0x00, 0x00, 0x00, 0x00,
	0x00, 0x00, 0x00, 0x00, 0x00, 0x00, 0x00, 0x00, 0xff, 0xc0, 0xff, 0xc0, 0x0c, 0x00, 0x0c, 0x00,
	0x0c, 0x00, 0x0c, 0x00, 0x0c, 0x00, 0x0c, 0x00, 0x0c, 0x00, 0x0c, 0x00, 0x0c, 0x00, 0x0c, 0x00,
	0x00, 0x00, 0x00, 0x00, 0x00, 0x00, 0x00, 0x00, 0x00, 0x00, 0x00, 0x00, 0x60, 0x60, 0x60, 0x60,
	0x60, 0x60, 0x60, 0x60, 0x60, 0x60, 0x60, 0x60, 0x60, 0x60, 0x60, 0x60, 0x60, 0x60, 0x70, 0xe0,
	0x3f, 0xc0, 0x1f, 0x80, 0x00, 0x00, 0x00, 0x00, 0x00, 0x00, 0x00, 0x00, 0x00, 0x00, 0x00, 0x00,
	0xc0, 0xc0, 0xc0, 0xc0, 0x61, 0x80, 0x61, 0x80, 0x61, 0x80, 0x33, 0x00, 0x33, 0x00, 0x33, 0x00,
	0x1e, 0x00, 0x1e, 0x00, 0x0c, 0x00, 0x0c, 0x00, 0x00, 0x00, 0x00, 0x00, 0x00, 0x00, 0x00, 0x00,
	0x00, 0x00, 0x00, 0x00, 0xc3, 0x0c, 0xc3, 0x0c, 0xc3, 0x0c, 0x63, 0x18, 0x67, 0x98, 0x67, 0x98,
	0x34, 0xb0, 0x3c, 0xf0, 0x3c, 0xf0, 0x18, 0x60, 0x18, 0x60, 0x18, 0x60, 0x00, 0x00, 0x00, 0x00,
	0x00, 0x00, 0x00, 0x00, 0x00, 0x00, 0x00, 0x00, 0x60, 0xc0, 0x71, 0xc0, 0x31, 0x80, 0x1b, 0x00,
	0x1f, 0x00, 0x0e, 0x00, 0x0e, 0x00, 0x1f, 0x00, 0x1b, 0x00, 0x31, 0x80, 0x71, 0xc0, 0x60, 0xc0,
	0x00, 0x00, 0x00, 0x00, 0x00, 0x00, 0x00, 0x00, 0x00, 0x00, 0x00, 0x00, 0xc0, 0xc0, 0xe1, 0xc0,
	0x61, 0x80, 0x33, 0x00, 0x33, 0x00, 0x1e, 0x00, 0x1e, 0x00, 0x0c, 0x00, 0x0c, 0x00, 0x0c, 0x00,
	0x0c, 0x00, 0x0c, 0x00, 0x00, 0x00, 0x00, 0x00, 0x00, 0x00, 0x00, 0x00, 0x00, 0x00, 0x00, 0x00,
	0x7f, 0x80, 0x7f, 0x80, 0x03, 0x80, 0x03, 0x00, 0x06, 0x00, 0x0e, 0x00, 0x1c, 0x00, 0x18, 0x00,
	0x30, 0x00, 0x70, 0x00, 0x7f, 0x80, 0x7f, 0x80, 0x00, 0x00, 0x00, 0x00, 0x00, 0x00, 0x00, 0x00,
	0x00, 0x00, 0x78, 0x78, 0x60, 0x60, 0x60, 0x60, 0x60, 0x60, 0x60, 0x60, 0x60, 0x60, 0x60, 0x78,
	0x78, 0x00, 0x00, 0x00, 0x80, 0x80, 0xc0, 0x40, 0x40, 0x60, 0x20, 0x20, 0x30, 0x10, 0x10, 0x10,
	0x00, 0x00, 0x00, 0x00, 0x00, 0x00, 0xf0, 0xf0, 0x30, 0x30, 0x30, 0x30, 0x30, 0x30, 0x30, 0x30,
	0x30, 0x30, 0x30, 0xf0, 0xf0, 0x00, 0x00, 0x00, 0x00, 0x00, 0x0c, 0x00, 0x0c, 0x00, 0x1e, 0x00,
	0x33, 0x00, 0x33, 0x00, 0x61, 0x80, 0x61, 0x80, 0x00, 0x00, 0x00, 0x00, 0x00, 0x00, 0x00, 0x00,
	0x00, 0x00, 0x00, 0x00, 0x00, 0x00, 0x00, 0x00, 0x00, 0x00, 0x00, 0x00, 0x00, 0x00, 0x00, 0x00,
	0x00, 0x00, 0x00, 0x00, 0x00, 0x00, 0x00, 0x00, 0x00, 0x00, 0x00, 0x00, 0x00, 0x00, 0x00, 0x00,
	0x00, 0x00, 0x00, 0x00, 0x00, 0x00, 0x00, 0x00, 0x00, 0x00, 0xff, 0x80, 0x00, 0x00, 0x00, 0x20,
	0x30, 0x08, 0x00, 0x00, 0x00, 0x00, 0x00, 0x00, 0x00, 0x00, 0x00, 0x00, 0x00, 0x00, 0x00, 0x00,
	0x00, 0x00, 0x00, 0x00, 0x00, 0x00, 0x00, 0x00, 0x00, 0x00, 0x3e, 0x00, 0x7f, 0x00, 0x63, 0x00,
	0x07, 0x00, 0x3f, 0x00, 0x73, 0x00, 0x63, 0x00, 0x7f, 0x00, 0x3b, 0x80, 0x00, 0x00, 0x00, 0x00,
	0x00, 0x00, 0x00, 0x00, 0x00, 0x00, 0x00, 0x00, 0x60, 0x00, 0x60, 0x00, 0x60, 0x00, 0x6e, 0x00,
	0x7f, 0x00, 0x73, 0x80, 0x61, 0x80, 0x61, 0x80, 0x61, 0x80, 0x73, 0x80, 0x7f, 0x00, 0x6e, 0x00,
	0x00, 0x00, 0x00, 0x00, 0x00, 0x00, 0x00, 0x00, 0x00, 0x00, 0x00, 0x00, 0x00, 0x00, 0x00, 0x00,
	0x00, 0x00, 0x1e, 0x00, 0x3f, 0x00, 0x73, 0x80, 0x60, 0x00, 0x60, 0x00, 0x60, 0x00, 0x73, 0x80,
	0x3f, 0x00, 0x1e, 0x00, 0x00, 0x00, 0x00, 0x00, 0x00, 0x00, 0x00, 0x00, 0x00, 0x00, 0x00, 0x00,
	0x01, 0x80, 0x01, 0x80, 0x01, 0x80, 0x1f, 0x80, 0x3f, 0x80, 0x73, 0x80, 0x61, 0x80, 0x61, 0x80,
	0x61, 0x80, 0x73, 0x80, 0x3f, 0x80, 0x1d, 0x80, 0x00, 0x00, 0x00, 0x00, 0x00, 0x00, 0x00, 0x00,
	0x00, 0x00, 0x00, 0x00, 0x00, 0x00, 0x00, 0x00, 0x00, 0x00, 0x1e, 0x00, 0x3f, 0x00, 0x61, 0x80,
	0x7f, 0x80, 0x7f, 0x80, 0x60, 0x00, 0x73, 0x80, 0x3f, 0x00, 0x1e, 0x00, 0x00, 0x00, 0x00, 0x00,
	0x00, 0x00, 0x00, 0x00, 0x00, 0x00, 0x18, 0x38, 0x30, 0x78, 0x78, 0x30, 0x30, 0x30, 0x30, 0x30,
	0x30, 0x30, 0x00, 0x00, 0x00, 0x00, 0x00, 0x00, 0x00, 0x00, 0x00, 0x00, 0x00, 0x00, 0x00, 0x00,
	0x1d, 0x80, 0x3f, 0x80, 0x73, 0x80, 0x61, 0x80, 0x61, 0x80, 0x61, 0x80, 0x73, 0x80, 0x3f, 0x80,
	0x1d, 0x80, 0x01, 0x80, 0x73, 0x80, 0x3f, 0x00, 0x1e, 0x00, 0x00, 0x00, 0x00, 0x00, 0x60, 0x00,
	0x60, 0x00, 0x60, 0x00, 0x6f, 0x00, 0x7f, 0x80, 0x71, 0x80, 0x61, 0x80, 0x61, 0x80, 0x61, 0x80,
	0x61, 0x80, 0x61, 0x80, 0x61, 0x80, 0x00, 0x00, 0x00, 0x00, 0x00, 0x00, 0x00, 0x00, 0x00, 0x00,
	0x60, 0x60, 0x00, 0x60, 0x60, 0x60, 0x60, 0x60, 0x60, 0x60, 0x60, 0x60, 0x00, 0x00, 0x00, 0x00,
	0x00, 0x00, 0x30, 0x30, 0x00, 0x30, 0x30, 0x30, 0x30, 0x30, 0x30, 0x30, 0x30, 0x30, 0x30, 0x30,
	0x70, 0x60, 0x00, 0x00, 0x00, 0x00, 0x60, 0x00, 0x60, 0x00, 0x60, 0x00, 0x63, 0x80, 0x67, 0x00,
	0x6e, 0x00, 0x7c, 0x00, 0x7e, 0x00, 0x76, 0x00, 0x67, 0x00, 0x63, 0x00, 0x63, 0x80, 0x00, 0x00,
	0x00, 0x00, 0x00, 0x00, 0x00, 0x00, 0x00, 0x00, 0x60, 0x60, 0x60, 0x60, 0x60, 0x60, 0x60, 0x60,
	0x60, 0x60, 0x60, 0x60, 0x00, 0x00, 0x00, 0x00, 0x00, 0x00, 0x00, 0x00, 0x00, 0x00, 0x00, 0x00,
	0x00, 0x00, 0x6f, 0x70, 0x7f, 0xf8, 0x73, 0x98, 0x63, 0x18, 0x63, 0x18, 0x63, 0x18, 0x63, 0x18,
	0x63, 0x18, 0x63, 0x18, 0x00, 0x00, 0x00, 0x00, 0x00, 0x00, 0x00, 0x00, 0x00, 0x00, 0x00, 0x00,
	0x00, 0x00, 0x00, 0x00, 0x00, 0x00, 0x6f, 0x00, 0x7f, 0x80, 0x71, 0x80, 0x61, 0x80, 0x61, 0x80,
	0x61, 0x80, 0x61, 0x80, 0x61, 0x80, 0x61, 0x80, 0x00, 0x00, 0x00, 0x00, 0x00, 0x00, 0x00, 0x00,
	0x00, 0x00, 0x00, 0x00, 0x00, 0x00, 0x00, 0x00, 0x00, 0x00, 0x1e, 0x00, 0x3f, 0x00, 0x73, 0x80,
	0x61, 0x80, 0x61, 0x80, 0x61, 0x80, 0x73, 0x80, 0x3f, 0x00, 0x1e, 0x00, 0x00, 0x00, 0x00, 0x00,
	0x00, 0x00, 0x00, 0x00, 0x00, 0x00, 0x00, 0x00, 0x00, 0x00, 0x00, 0x00, 0x00, 0x00, 0x6e, 0x00,
	0x7f, 0x00, 0x73, 0x80, 0x61, 0x80, 0x61, 0x80, 0x61, 0x80, 0x73, 0x80, 0x7f, 0x00, 0x6e, 0x00,
	0x60, 0x00, 0x60, 0x00, 0x60, 0x00, 0x60, 0x00, 0x00, 0x00, 0x00, 0x00, 0x00, 0x00, 0x00, 0x00,
	0x00, 0x00, 0x1d, 0x80, 0x3f, 0x80, 0x73, 0x80, 0x61, 0x80, 0x61, 0x80, 0x61, 0x80, 0x73, 0x80,
	0x3f, 0x80, 0x1d, 0x80, 0x01, 0x80, 0x01, 0x80, 0x01, 0x80, 0x01, 0x80, 0x00, 0x00, 0x00, 0x00,
	0x00, 0x6c, 0x7c, 0x70, 0x60, 0x60, 0x60, 0x60, 0x60, 0x60, 0x00, 0x00, 0x00, 0x00, 0x00, 0x00,
	0x00, 0x00, 0x00, 0x00, 0x00, 0x00, 0x00, 0x00, 0x3e, 0x00, 0x7f, 0x00, 0x63, 0x00, 0x78, 0x00,
	0x3e, 0x00, 0x07, 0x00, 0x63, 0x00, 0x7f, 0x00, 0x3e, 0x00, 0x00, 0x00, 0x00, 0x00, 0x00, 0x00,
	0x00, 0x00, 0x00, 0x00, 0x00, 0x30, 0x30, 0x78, 0x78, 0x30, 0x30, 0x30, 0x30, 0x30, 0x38, 0x18,
	0x00, 0x00, 0x00, 0x00, 0x00, 0x00, 0x00, 0x00, 0x00, 0x00, 0x00, 0x00, 0x00, 0x00, 0x61, 0x80,
	0x61, 0x80, 0x61, 0x80, 0x61, 0x80, 0x61, 0x80, 0x61, 0x80, 0x63, 0x80, 0x7f, 0x80, 0x3d, 0x80,
	0x00, 0x00, 0x00, 0x00, 0x00, 0x00, 0x00, 0x00, 0x00, 0x00, 0x00, 0x00, 0x00, 0x00, 0x00, 0x00,
	0x00, 0x00, 0xc3, 0x00, 0xc3, 0x00, 0x66, 0x00, 0x66, 0x00, 0x66, 0x00, 0x3c, 0x00, 0x3c, 0x00,
	0x18, 0x00, 0x18, 0x00, 0x00, 0x00, 0x00, 0x00, 0x00, 0x00, 0x00, 0x00, 0x00, 0x00, 0x00, 0x00,
	0x00, 0x00, 0x00, 0x00, 0x00, 0x00, 0xc6, 0x30, 0xc6, 0x30, 0x66, 0x60, 0x66, 0x60, 0x6f, 0x60,
	0x3f, 0xc0, 0x39, 0xc0, 0x19, 0x80, 0x19, 0x80, 0x00, 0x00, 0x00, 0x00, 0x00, 0x00, 0x00, 0x00,
	0x00, 0x00, 0x00, 0x00, 0x00, 0x00, 0x00, 0x00, 0x00, 0x00, 0x63, 0x00, 0x63, 0x00, 0x36, 0x00,
	0x3e, 0x00, 0x1c, 0x00, 0x3e, 0x00, 0x36, 0x00, 0x63, 0x00, 0x63, 0x00, 0x00, 0x00, 0x00, 0x00,
	0x00, 0x00, 0x00, 0x00, 0x00, 0x00, 0x00, 0x00, 0x00, 0x00, 0x00, 0x00, 0x00, 0x00, 0xc3, 0x00,
	0xc3, 0x00, 0x63, 0x00, 0x66, 0x00, 0x36, 0x00, 0x36, 0x00, 0x3c, 0x00, 0x1c, 0x00, 0x18, 0x00,
	0x18, 0x00, 0x18, 0x00, 0x70, 0x00, 0x60, 0x00, 0x00, 0x00, 0x00, 0x00, 0x00, 0xfe, 0xfe, 0x0e,
	0x1c, 0x18, 0x38, 0x70, 0xfe, 0xfe, 0x00, 0x00, 0x00, 0x00, 0x00, 0x00, 0x18, 0x38, 0x30, 0x30,
	0x30, 0x30, 0x30, 0x60, 0x30, 0x30, 0x30, 0x30, 0x30, 0x38, 0x18, 0x00, 0x00, 0x00, 0x40, 0x40,
	0x40, 0x40, 0x40, 0x40, 0x40, 0x40, 0x40, 0x40, 0x40, 0x40, 0x40, 0x40, 0x40, 0x40, 0x00, 0x00,
	0x60, 0x70, 0x30, 0x30, 0x30, 0x30, 0x30, 0x18, 0x30, 0x30, 0x30, 0x30, 0x30, 0x70, 0x60, 0x00,
	0x00, 0x00, 0x00, 0x00, 0x00, 0x00, 0x00, 0x00, 0x00, 0x00, 0x00, 0x00, 0x00, 0x00, 0x00, 0x00,
	0x38, 0x80, 0x4c, 0x80, 0x47, 0x00, 0x00, 0x00, 0x00, 0x00, 0x00, 0x00, 0x00, 0x00, 0x00, 0x00,
	0x00, 0x00, 0x00, 0x00, 0x00, 0x00, 0x00, 0x00, 0x3e, 0x00, 0x7f, 0x00, 0x63, 0x00, 0x63, 0x00,
	0x03, 0x00, 0x07, 0x00, 0x06, 0x00, 0x0c, 0x00, 0x0c, 0x00, 0x00, 0x00, 0x0c, 0x00, 0x0c, 0x00,
	0x00, 0x00, 0x00, 0x00, 0x00, 0x00, 0x00, 0x00, 0x00, 0x00, 0x00, 0x00, 0x3e, 0x00, 0x7f, 0x00,
	0x63, 0x00, 0x63, 0x00, 0x03, 0x00, 0x07, 0x00, 0x06, 0x00, 0x0c, 0x00, 0x0c, 0x00, 0x00, 0x00,
	0x0c, 0x00, 0x0c, 0x00, 0x00, 0x00, 0x00, 0x00, 0x00, 0x00, 0x00, 0x00, 0x00, 0x00, 0x00, 0x00,
	0x3e, 0x00, 0x7f, 0x00, 0x63, 0x00, 0x63, 0x00, 0x03, 0x00, 0x07, 0x00, 0x06, 0x00, 0x0c, 0x00,
	0x0c, 0x00, 0x00, 0x00, 0x0c, 0x00, 0x0c, 0x00, 0x00, 0x00, 0x00, 0x00, 0x00, 0x00, 0x00, 0x00,
	0x00, 0x00, 0x00, 0x00, 0x3e, 0x00, 0x7f, 0x00, 0x63, 0x00, 0x63, 0x00, 0x03, 0x00, 0x07, 0x00,
	0x06, 0x00, 0x0c, 0x00, 0x0c, 0x00, 0x00, 0x00, 0x0c, 0x00, 0x0c, 0x00, 0x00, 0x00, 0x00, 0x00,
	0x00, 0x00, 0x00, 0x00, 0x00, 0x00, 0x00, 0x00, 0x3e, 0x00, 0x7f, 0x00, 0x63, 0x00, 0x63, 0x00,
	0x03, 0x00, 0x07, 0x00, 0x06, 0x00, 0x0c, 0x00, 0x0c, 0x00, 0x00, 0x00, 0x0c, 0x00, 0x0c, 0x00,
	0x00, 0x00, 0x00, 0x00, 0x00, 0x00, 0x00, 0x00, 0x00, 0x00, 0x00, 0x00, 0x3e, 0x00, 0x7f, 0x00,
	0x63, 0x00, 0x63, 0x00, 0x03, 0x00, 0x07, 0x00, 0x06, 0x00, 0x0c, 0x00, 0x0c, 0x00, 0x00, 0x00,
	0x0c, 0x00, 0x0c, 0x00, 0x00, 0x00, 0x00, 0x00, 0x00, 0x00, 0x00, 0x00, 0x00, 0x00, 0x00, 0x00,
	0x3e, 0x00, 0x7f, 0x00, 0x63, 0x00, 0x63, 0x00, 0x03, 0x00, 0x07, 0x00, 0x06, 0x00, 0x0c, 0x00,
	0x0c, 0x00, 0x00, 0x00, 0x0c, 0x00, 0x0c, 0x00, 0x00, 0x00, 0x00, 0x00, 0x00, 0x00, 0x00, 0x00,
	0x00, 0x00, 0x00, 0x00, 0x3e, 0x00, 0x7f, 0x00, 0x63, 0x00, 0x63, 0x00, 0x03, 0x00, 0x07, 0x00,
	0x06, 0x00, 0x0c, 0x00, 0x0c, 0x00, 0x00, 0x00, 0x0c, 0x00, 0x0c, 0x00, 0x00, 0x00, 0x00, 0x00,
	0x00, 0x00, 0x00, 0x00, 0x00, 0x00, 0x00, 0x00, 0x3e, 0x00, 0x7f, 0x00, 0x63, 0x00, 0x63, 0x00,
	0x03, 0x00, 0x07, 0x00, 0x06, 0x00, 0x0c, 0x00, 0x0c, 0x00, 0x00, 0x00, 0x0c, 0x00, 0x0c, 0x00,
	0x00, 0x00, 0x00, 0x00, 0x00, 0x00, 0x00, 0x00, 0x00, 0x00, 0x00, 0x00, 0x3e, 0x00, 0x7f, 0x00,
	0x63, 0x00, 0x63, 0x00, 0x03, 0x00, 0x07, 0x00, 0x06, 0x00, 0x0c, 0x00, 0x0c, 0x00, 0x00, 0x00,
	0x0c, 0x00, 0x0c, 0x00, 0x00, 0x00, 0x00, 0x00, 0x00, 0x00, 0x00, 0x00, 0x00, 0x00, 0x00, 0x00,
	0x3e, 0x00, 0x7f, 0x00, 0x63, 0x00, 0x63, 0x00, 0x03, 0x00, 0x07, 0x00, 0x06, 0x00, 0x0c, 0x00,
	0x0c, 0x00, 0x00, 0x00, 0x0c, 0x00, 0x0c, 0x00, 0x00, 0x00, 0x00, 0x00, 0x00, 0x00, 0x00, 0x00,
	0x00, 0x00, 0x00, 0x00, 0x3e, 0x00, 0x7f, 0x00, 0x63, 0x00, 0x63, 0x00, 0x03, 0x00, 0x07, 0x00,
	0x06, 0x00, 0x0c, 0x00, 0x0c, 0x00, 0x00, 0x00, 0x0c, 0x00, 0x0c, 0x00, 0x00, 0x00, 0x00, 0x00,
	0x00, 0x00, 0x00, 0x00, 0x00, 0x00, 0x00, 0x00, 0x3e, 0x00, 0x7f, 0x00, 0x63, 0x00, 0x63, 0x00,
	0x03, 0x00, 0x07, 0x00, 0x06, 0x00, 0x0c, 0x00, 0x0c, 0x00, 0x00, 0x00, 0x0c, 0x00, 0x0c, 0x00,
	0x00, 0x00, 0x00, 0x00, 0x00, 0x00, 0x00, 0x00, 0x00, 0x00, 0x00, 0x00, 0x3e, 0x00, 0x7f, 0x00,
	0x63, 0x00, 0x63, 0x00, 0x03, 0x00, 0x07, 0x00, 0x06, 0x00, 0x0c, 0x00, 0x0c, 0x00, 0x00, 0x00,
	0x0c, 0x00, 0x0c, 0x00, 0x00, 0x00, 0x00, 0x00, 0x00, 0x00, 0x00, 0x00, 0x00, 0x00, 0x00, 0x00,
	0x3e, 0x00, 0x7f, 0x00, 0x63, 0x00, 0x63, 0x00, 0x03, 0x00, 0x07, 0x00, 0x06, 0x00, 0x0c, 0x00,
	0x0c, 0x00, 0x00, 0x00, 0x0c, 0x00, 0x0c, 0x00, 0x00, 0x00, 0x00, 0x00, 0x00, 0x00, 0x00, 0x00,
	0x00, 0x00, 0x00, 0x00, 0x3e, 0x00, 0x7f, 0x00, 0x63, 0x00, 0x63, 0x00, 0x03, 0x00, 0x07, 0x00,
	0x06, 0x00, 0x0c, 0x00, 0x0c, 0x00, 0x00, 0x00, 0x0c, 0x00, 0x0c, 0x00, 0x00, 0x00, 0x00, 0x00,
	0x00, 0x00, 0x00, 0x00, 0x00, 0x00, 0x00, 0x00, 0x3e, 0x00, 0x7f, 0x00, 0x63, 0x00, 0x63, 0x00,
	0x03, 0x00, 0x07, 0x00, 0x06, 0x00, 0x0c, 0x00, 0x0c, 0x00, 0x00, 0x00, 0x0c, 0x00, 0x0c, 0x00,
	0x00, 0x00, 0x00, 0x00, 0x00, 0x00, 0x00, 0x00, 0x00, 0x00, 0x00, 0x00, 0x3e, 0x00, 0x7f, 0x00,
	0x63, 0x00, 0x63, 0x00, 0x03, 0x00, 0x07, 0x00, 0x06, 0x00, 0x0c, 0x00, 0x0c, 0x00, 0x00, 0x00,
	0x0c, 0x00, 0x0c, 0x00, 0x00, 0x00, 0x00, 0x00, 0x00, 0x00, 0x00, 0x00, 0x00, 0x00, 0x00, 0x00,
	0x3e, 0x00, 0x7f, 0x00, 0x63, 0x00, 0x63, 0x00, 0x03, 0x00, 0x07, 0x00, 0x06, 0x00, 0x0c, 0x00,
	0x0c, 0x00, 0x00, 0x00, 0x0c, 0x00, 0x0c, 0x00, 0x00, 0x00, 0x00, 0x00, 0x00, 0x00, 0x00, 0x00,
	0x00, 0x00, 0x00, 0x00, 0x3e, 0x00, 0x7f, 0x00, 0x63, 0x00, 0x63, 0x00, 0x03, 0x00, 0x07, 0x00,
	0x06, 0x00, 0x0c, 0x00, 0x0c, 0x00, 0x00, 0x00, 0x0c, 0x00, 0x0c, 0x00, 0x00, 0x00, 0x00, 0x00,
	0x00, 0x00, 0x00, 0x00, 0x00, 0x00, 0x00, 0x00, 0x3e, 0x00, 0x7f, 0x00, 0x63, 0x00, 0x63, 0x00,
	0x03, 0x00, 0x07, 0x00, 0x06, 0x00, 0x0c, 0x00, 0x0c, 0x00, 0x00, 0x00, 0x0c, 0x00, 0x0c, 0x00,
	0x00, 0x00, 0x00, 0x00, 0x00, 0x00, 0x00, 0x00, 0x00, 0x00, 0x00, 0x00, 0x3e, 0x00, 0x7f, 0x00,
	0x63, 0x00, 0x63, 0x00, 0x03, 0x00, 0x07, 0x00, 0x06, 0x00, 0x0c, 0x00, 0x0c, 0x00, 0x00, 0x00,
	0x0c, 0x00, 0x0c, 0x00, 0x00, 0x00, 0x00, 0x00, 0x00, 0x00, 0x00, 0x00, 0x00, 0x00, 0x00, 0x00,
	0x3e, 0x00, 0x7f, 0x00, 0x63, 0x00, 0x63, 0x00, 0x03, 0x00, 0x07, 0x00, 0x06, 0x00, 0x0c, 0x00,
	0x0c, 0x00, 0x00, 0x00, 0x0c, 0x00, 0x0c, 0x00, 0x00, 0x00, 0x00, 0x00, 0x00, 0x00, 0x00, 0x00,
	0x00, 0x00, 0x00, 0x00, 0x3e, 0x00, 0x7f, 0x00, 0x63, 0x00, 0x63, 0x00, 0x03, 0x00, 0x07, 0x00,
	0x06, 0x00, 0x0c, 0x00, 0x0c, 0x00, 0x00, 0x00, 0x0c, 0x00, 0x0c, 0x00, 0x00, 0x00, 0x00, 0x00,
	0x00, 0x00, 0x00, 0x00, 0x00, 0x00, 0x00, 0x00, 0x3e, 0x00, 0x7f, 0x00, 0x63, 0x00, 0x63, 0x00,
	0x03, 0x00, 0x07, 0x00, 0x06, 0x00, 0x0c, 0x00, 0x0c, 0x00, 0x00, 0x00, 0x0c, 0x00, 0x0c, 0x00,
	0x00, 0x00, 0x00, 0x00, 0x00, 0x00, 0x00, 0x00, 0x00, 0x00, 0x00, 0x00, 0x3e, 0x00, 0x7f, 0x00,
	0x63, 0x00, 0x63, 0x00, 0x03, 0x00, 0x07, 0x00, 0x06, 0x00, 0x0c, 0x00, 0x0c, 0x00, 0x00, 0x00,
	0x0c, 0x00, 0x0c, 0x00, 0x00, 0x00, 0x00, 0x00, 0x00, 0x00, 0x00, 0x00, 0x00, 0x00, 0x00, 0x00,
	0x3e, 0x00, 0x7f, 0x00, 0x63, 0x00, 0x63, 0x00, 0x03, 0x00, 0x07, 0x00, 0x06, 0x00, 0x0c, 0x00,
	0x0c, 0x00, 0x00, 0x00, 0x0c, 0x00, 0x0c, 0x00, 0x00, 0x00, 0x00, 0x00, 0x00, 0x00, 0x00, 0x00,
	0x00, 0x00, 0x00, 0x00, 0x3e, 0x00, 0x7f, 0x00, 0x63, 0x00, 0x63, 0x00, 0x03, 0x00, 0x07, 0x00,
	0x06, 0x00, 0x0c, 0x00, 0x0c, 0x00, 0x00, 0x00, 0x0c, 0x00, 0x0c, 0x00, 0x00, 0x00, 0x00, 0x00,
	0x00, 0x00, 0x00, 0x00, 0x00, 0x00, 0x00, 0x00, 0x3e, 0x00, 0x7f, 0x00, 0x63, 0x00, 0x63, 0x00,
	0x03, 0x00, 0x07, 0x00, 0x06, 0x00, 0x0c, 0x00, 0x0c, 0x00, 0x00, 0x00, 0x0c, 0x00, 0x0c, 0x00,
	0x00, 0x00, 0x00, 0x00, 0x00, 0x00, 0x00, 0x00, 0x00, 0x00, 0x00, 0x00, 0x3e, 0x00, 0x7f, 0x00,
	0x63, 0x00, 0x63, 0x00, 0x03, 0x00, 0x07, 0x00, 0x06, 0x00, 0x0c, 0x00, 0x0c, 0x00, 0x00, 0x00,
	0x0c, 0x00, 0x0c, 0x00, 0x00, 0x00, 0x00, 0x00, 0x00, 0x00, 0x00, 0x00, 0x00, 0x00, 0x00, 0x00,
	0x3e, 0x00, 0x7f, 0x00, 0x63, 0x00, 0x63, 0x00, 0x03, 0x00, 0x07, 0x00, 0x06, 0x00, 0x0c, 0x00,
	0x0c, 0x00, 0x00, 0x00, 0x0c, 0x00, 0x0c, 0x00, 0x00, 0x00, 0x00, 0x00, 0x00, 0x00, 0x00, 0x00,
	0x00, 0x00, 0x00, 0x00, 0x3e, 0x00, 0x7f, 0x00, 0x63, 0x00, 0x63, 0x00, 0x03, 0x00, 0x07, 0x00,
	0x06, 0x00, 0x0c, 0x00, 0x0c, 0x00, 0x00, 0x00, 0x0c, 0x00, 0x0c, 0x00, 0x00, 0x00, 0x00, 0x00,
	0x00, 0x00, 0x00, 0x00, 0x00, 0x00, 0x00, 0x00, 0x3e, 0x00, 0x7f, 0x00, 0x63, 0x00, 0x63, 0x00,
	0x03, 0x00, 0x07, 0x00, 0x06, 0x00, 0x0c, 0x00, 0x0c, 0x00, 0x00, 0x00, 0x0c, 0x00, 0x0c, 0x00,
	0x00, 0x00, 0x00, 0x00, 0x00, 0x00, 0x00, 0x00, 0x00, 0x00, 0x00, 0x00, 0x00, 0x00, 0x00, 0x00,
	0x00, 0x00, 0x00, 0x00, 0x00, 0x00, 0x00, 0x00, 0x00, 0x00, 0x00, 0x00, 0x00, 0x00, 0x00, 0x60,
	0x60, 0x00, 0x20, 0x20, 0x20, 0x60, 0x60, 0x60, 0x60, 0x60, 0x60, 0x00, 0x00, 0x00, 0x00, 0x00,
	0x00, 0x00, 0x00, 0x00, 0x04, 0x00, 0x3c, 0x00, 0x7e, 0x00, 0xef, 0x00, 0xc8, 0x00, 0xd8, 0x00,
	0xd0, 0x00, 0xf7, 0x00, 0x7e, 0x00, 0x3c, 0x00, 0x20, 0x00, 0x00, 0x00, 0x00, 0x00, 0x00, 0x00,
	0x00, 0x00, 0x00, 0x00, 0x1c, 0x00, 0x3e, 0x00, 0x63, 0x00, 0x63, 0x00, 0x60, 0x00, 0x30, 0x00,
	0x7c, 0x00, 0x30, 0x00, 0x30, 0x00, 0x20, 0x00, 0x7f, 0x00, 0xff, 0x00, 0x00, 0x00, 0x00, 0x00,
	0x00, 0x00, 0x00, 0x00, 0x00, 0x00, 0x00, 0x00, 0x00, 0x00, 0x00, 0x00, 0x00, 0x00, 0x5d, 0x00,
	0x3e, 0x00, 0x63, 0x00, 0x63, 0x00, 0x63, 0x00, 0x3e, 0x00, 0x5d, 0x00, 0x00, 0x00, 0x00, 0x00,
	0x00, 0x00, 0x00, 0x00, 0x00, 0x00, 0x00, 0x00, 0x00, 0x00, 0x00, 0x00, 0xc3, 0x00, 0xc3, 0x00,
	0x66, 0x00, 0x66, 0x00, 0x3c, 0x00, 0x18, 0x00, 0x7e, 0x00, 0x18, 0x00, 0x7e, 0x00, 0x18, 0x00,
	0x18, 0x00, 0x18, 0x00, 0x00, 0x00, 0x00, 0x00, 0x00, 0x00, 0x00, 0x00, 0x00, 0x00, 0x20, 0x20,
	0x20, 0x20, 0x20, 0x20, 0x20, 0x00, 0x00, 0x20, 0x20, 0x20, 0x20, 0x20, 0x20, 0x20, 0x00, 0x00,
	0x00, 0x00, 0x3c, 0x00, 0x7e, 0x00, 0x66, 0x00, 0x60, 0x00, 0x78, 0x00, 0x7e, 0x00, 0xc7, 0x00,
	0xc3, 0x00, 0xf3, 0x00, 0x7e, 0x00, 0x1e, 0x00, 0x06, 0x00, 0x66, 0x00, 0x7e, 0x00, 0x3c, 0x00,
	0x00, 0x00, 0x00, 0x00, 0xd8, 0xd8, 0x00, 0x00, 0x00, 0x00, 0x00, 0x00, 0x00, 0x00, 0x00, 0x00,
	0x00, 0x00, 0x00, 0x00, 0x00, 0x00, 0x00, 0x00, 0x0f, 0x00, 0x39, 0xc0, 0x60, 0x60, 0x4f, 0x20,
	0xd9, 0xb0, 0x90, 0x10, 0x90, 0x10, 0xd9, 0xb0, 0x4f, 0x20, 0x60, 0x20, 0x39, 0xc0, 0x0f, 0x00,
	0x00, 0x00, 0x00, 0x00, 0x00, 0x00, 0x00, 0x00, 0x00, 0x00, 0x30, 0x48, 0x38, 0x48, 0x3c, 0x00,
	0x7c, 0x00, 0x00, 0x00, 0x00, 0x00, 0x00, 0x00, 0x00, 0x00, 0x00, 0x00, 0x00, 0x00, 0x00, 0x00,
	0x00, 0x00, 0x00, 0x00, 0x00, 0x00, 0x33, 0x00, 0x66, 0x00, 0xcc, 0x00, 0xcc, 0x00, 0x66, 0x00,
	0x33, 0x00, 0x00, 0x00, 0x00, 0x00, 0x00, 0x00, 0x00, 0x00, 0x00, 0x00, 0x00, 0x00, 0x00, 0x00,
	0x00, 0x00, 0x00, 0x00, 0x00, 0x00, 0x00, 0x00, 0x00, 0x00, 0x00, 0x00, 0xff, 0x00, 0xff, 0x00,
	0x03, 0x00, 0x03, 0x00, 0x03, 0x00, 0x00, 0x00, 0x00, 0x00, 0x00, 0x00, 0x00, 0x00, 0x00, 0x00,
	0x00, 0x00, 0x00, 0x00, 0x00, 0x00, 0x00, 0x00, 0x00, 0x00, 0x00, 0xf0, 0xf0, 0x00, 0x00, 0x00,
	0x00, 0x00, 0x00, 0x00, 0x00, 0x00, 0x00, 0x00, 0x0f, 0x00, 0x39, 0xc0, 0x60, 0x60, 0x5f, 0x20,
	0xd9, 0xb0, 0x99, 0x90, 0x9e, 0x10, 0xdb, 0x30, 0x5b, 0x20, 0x60, 0x60, 0x39, 0xc0, 0x0f, 0x00,
	0x00, 0x00, 0x00, 0x00, 0x00, 0x00, 0x00, 0x00, 0x00, 0x00, 0x00, 0xf8, 0x00, 0x00, 0x00, 0x00,
	0x00, 0x00, 0x00, 0x00, 0x00, 0x00, 0x00, 0x00, 0x00, 0x00, 0x00, 0x00, 0x30, 0x48, 0x48, 0x48,
	0x30, 0x00, 0x00, 0x00, 0x00, 0x00, 0x00, 0x00, 0x00, 0x00, 0x00, 0x00, 0x00, 0x00, 0x00, 0x00,
	0x00, 0x00, 0x0c, 0x00, 0x0c, 0x00, 0x0c, 0x00, 0x7f, 0x80, 0x7f, 0x80, 0x0c, 0x00, 0x0c, 0x00,
	0x0c, 0x00, 0x00, 0x00, 0x7f, 0x80, 0x7f, 0x80, 0x00, 0x00, 0x00, 0x00, 0x00, 0x00, 0x00, 0x00,
	0x00, 0x00, 0x70, 0xd8, 0xd8, 0x30, 0x60, 0xf8, 0xf8, 0x00, 0x00, 0x00, 0x00, 0x00, 0x00, 0x00,
	0x00, 0x00, 0x00, 0x00, 0x70, 0xd8, 0x18, 0x30, 0x18, 0xd8, 0x70, 0x00, 0x00, 0x00, 0x00, 0x00,
	0x00, 0x00, 0x00, 0x00, 0x00, 0x10, 0x30, 0x40, 0x00, 0x00, 0x00, 0x00, 0x00, 0x00, 0x00, 0x00,
	0x00, 0x00, 0x00, 0x00, 0x00, 0x00, 0x00, 0x00, 0x00, 0x00, 0x00, 0x00, 0x00, 0x00, 0x00, 0x00,
	0x61, 0x80, 0x61, 0x80, 0x61, 0x80, 0x61, 0x80, 0x61, 0x80, 0x61, 0x80, 0x63, 0x80, 0x7f, 0x80,
	0x7d, 0x80, 0x60, 0x00, 0x60, 0x00, 0x60, 0x00, 0x00, 0x00, 0x00, 0x00, 0x00, 0x00, 0x7f, 0x00,
	0xf2, 0x00, 0xf2, 0x00, 0xf2, 0x00, 0xf2, 0x00, 0xf2, 0x00, 0x72, 0x00, 0x12, 0x00, 0x12, 0x00,
	0x12, 0x00, 0x12, 0x00, 0x12, 0x00, 0x12, 0x00, 0x12, 0x00, 0x12, 0x00, 0x00, 0x00, 0x00, 0x00,
	0x00, 0x00, 0x00, 0x00, 0x00, 0x00, 0x60, 0x60, 0x00, 0x00, 0x00, 0x00, 0x00, 0x00, 0x00, 0x00,
	0x00, 0x00, 0x00, 0x00, 0x00, 0x00, 0x00, 0x00, 0x00, 0x00, 0x00, 0x00, 0x00, 0x00, 0x20, 0x30,
	0x98, 0x70, 0x00, 0x00, 0x18, 0x78, 0x78, 0x18, 0x18, 0x18, 0x18, 0x00, 0x00, 0x00, 0x00, 0x00,
	0x00, 0x00, 0x00, 0x00, 0x00, 0x00, 0x70, 0xd8, 0x88, 0xd8, 0x70, 0x00, 0xf8, 0x00, 0x00, 0x00,
	0x00, 0x00, 0x00, 0x00, 0x00, 0x00, 0x00, 0x00, 0x00, 0x00, 0x00, 0x00, 0x00, 0x00, 0x00, 0x00,
	0x00, 0x00, 0x66, 0x00, 0x33, 0x00, 0x19, 0x80, 0x19, 0x80, 0x33, 0x00, 0x66, 0x00, 0x00, 0x00,
	0x00, 0x00, 0x00, 0x00, 0x00, 0x00, 0x00, 0x00, 0x00, 0x00, 0x00, 0x00, 0x00, 0x00, 0x18, 0x60,
	0x78, 0x40, 0x78, 0xc0, 0x18, 0x80, 0x19, 0x98, 0x19, 0x38, 0x1b, 0x78, 0x02, 0x58, 0x06, 0xd8,
	0x04, 0xfc, 0x0c, 0x18, 0x08, 0x18, 0x00, 0x00, 0x00, 0x00, 0x00, 0x00, 0x00, 0x00, 0x00, 0x00,
	0x00, 0x00, 0x30, 0x80, 0xf1, 0x80, 0xf1, 0x00, 0x33, 0x00, 0x32, 0x00, 0x36, 0xe0, 0x35, 0xb0,
	0x0d, 0xb0, 0x08, 0x60, 0x18, 0xc0, 0x11, 0xf0, 0x31, 0xf0, 0x00, 0x00, 0x00, 0x00, 0x00, 0x00,
	0x00, 0x00, 0x00, 0x00, 0x00, 0x00, 0x70, 0x40, 0xd8, 0xc0, 0x18, 0x80, 0x31, 0x80, 0x19, 0x30,
	0xdb, 0x70, 0x72, 0xf0, 0x06, 0xb0, 0x05, 0xb0, 0x0d, 0xf8, 0x08, 0x30, 0x18, 0x30, 0x00, 0x00,
	0x00, 0x00, 0x00, 0x00, 0x00, 0x00, 0x00, 0x00, 0x00, 0x00, 0x00, 0x00, 0x00, 0x00, 0x00, 0x00,
	0x18, 0x00, 0x18, 0x00, 0x00, 0x00, 0x18, 0x00, 0x18, 0x00, 0x30, 0x00, 0x70, 0x00, 0x60, 0x00,
	0x63, 0x00, 0x63, 0x00, 0x7f, 0x00, 0x3e, 0x00, 0x00, 0x00, 0x04, 0x00, 0x00, 0x00, 0x0e, 0x00,
	0x0e, 0x00, 0x1f, 0x00, 0x1b, 0x00, 0x3b, 0x80, 0x31, 0x80, 0x71, 0xc0, 0x60, 0xc0, 0x7f, 0xc0,
	0xff, 0xe0, 0xc0, 0x60, 0xc0, 0x60, 0x00, 0x00, 0x00, 0x00, 0x00, 0x00, 0x00, 0x00, 0x08, 0x00,
	0x00, 0x00, 0x0e, 0x00, 0x0e, 0x00, 0x1f, 0x00, 0x1b, 0x00, 0x3b, 0x80, 0x31, 0x80, 0x71, 0xc0,
	0x60, 0xc0, 0x7f, 0xc0, 0xff, 0xe0, 0xc0, 0x60, 0xc0, 0x60, 0x00, 0x00, 0x00, 0x00, 0x00, 0x00,
	0x00, 0x00, 0x11, 0x00, 0x00, 0x00, 0x0e, 0x00, 0x0e, 0x00, 0x1f, 0x00, 0x1b, 0x00, 0x3b, 0x80,
	0x31, 0x80, 0x71, 0xc0, 0x60, 0xc0, 0x7f, 0xc0, 0xff, 0xe0, 0xc0, 0x60, 0xc0, 0x60, 0x00, 0x00,
	0x00, 0x00, 0x00, 0x00, 0x00, 0x00, 0x17, 0x00, 0x00, 0x00, 0x0e, 0x00, 0x0e, 0x00, 0x1f, 0x00,
	0x1b, 0x00, 0x3b, 0x80, 0x31, 0x80, 0x71, 0xc0, 0x60, 0xc0, 0x7f, 0xc0, 0xff, 0xe0, 0xc0, 0x60,
	0xc0, 0x60, 0x00, 0x00, 0x00, 0x00, 0x00, 0x00, 0x00, 0x00, 0x31, 0x80, 0x00, 0x00, 0x0e, 0x00,
	0x0e, 0x00, 0x1f, 0x00, 0x1b, 0x00, 0x3b, 0x80, 0x31, 0x80, 0x71, 0xc0, 0x60, 0xc0, 0x7f, 0xc0,
	0xff, 0xe0, 0xc0, 0x60, 0xc0, 0x60, 0x00, 0x00, 0x00, 0x00, 0x00, 0x00, 0x00, 0x00, 0x12, 0x00,
	0x0c, 0x00, 0x0e, 0x00, 0x0e, 0x00, 0x1f, 0x00, 0x1b, 0x00, 0x3b, 0x80, 0x31, 0x80, 0x71, 0xc0,
	0x60, 0xc0, 0x7f, 0xc0, 0xff, 0xe0, 0xc0, 0x60, 0xc0, 0x60, 0x00, 0x00, 0x00, 0x00, 0x00, 0x00,
	0x00, 0x00, 0x00, 0x00, 0x00, 0x00, 0x1f, 0xfc, 0x1f, 0xfc, 0x1b, 0x00, 0x33, 0x00, 0x33, 0x00,
	0x33, 0xf8, 0x63, 0xf8, 0x7f, 0x00, 0x7f, 0x00, 0xc3, 0x00, 0xc3, 0xfc, 0xc3, 0xfc, 0x00, 0x00,
	0x00, 0x00, 0x00, 0x00, 0x00, 0x00, 0x00, 0x00, 0x00, 0x00, 0x0f, 0x80, 0x1f, 0xc0, 0x38, 0xe0,
	0x30, 0x60, 0x70, 0x00, 0x60, 0x00, 0x60, 0x00, 0x70, 0x00, 0x30, 0x60, 0x38, 0xe0, 0x1f, 0xc0,
	0x0f, 0x80, 0x02, 0x00, 0x03, 0x00, 0x09, 0x80, 0x07, 0x00, 0x04, 0x00, 0x00, 0x00, 0x7f, 0x80,
	0x7f, 0x80, 0x60, 0x00, 0x60, 0x00, 0x60, 0x00, 0x7f, 0x00, 0x7f, 0x00, 0x60, 0x00, 0x60, 0x00,
	0x60, 0x00, 0x7f, 0x80, 0x7f, 0x80, 0x00, 0x00, 0x00, 0x00, 0x00, 0x00, 0x00, 0x00, 0x08, 0x00,
	0x00, 0x00, 0x7f, 0x80, 0x7f, 0x80, 0x60, 0x00, 0x60, 0x00, 0x60, 0x00, 0x7f, 0x00, 0x7f, 0x00,
	0x60, 0x00, 0x60, 0x00, 0x60, 0x00, 0x7f, 0x80, 0x7f, 0x80, 0x00, 0x00, 0x00, 0x00, 0x00, 0x00,
	0x00, 0x00, 0x11, 0x00, 0x00, 0x00, 0x7f, 0x80, 0x7f, 0x80, 0x60, 0x00, 0x60, 0x00, 0x60, 0x00,
	0x7f, 0x00, 0x7f, 0x00, 0x60, 0x00, 0x60, 0x00, 0x60, 0x00, 0x7f, 0x80, 0x7f, 0x80, 0x00, 0x00,
	0x00, 0x00, 0x00, 0x00, 0x00, 0x00, 0x33, 0x00, 0x00, 0x00, 0x7f, 0x80, 0x7f, 0x80, 0x60, 0x00,
	0x60, 0x00, 0x60, 0x00, 0x7f, 0x00, 0x7f, 0x00, 0x60, 0x00, 0x60, 0x00, 0x60, 0x00, 0x7f, 0x80,
	0x7f, 0x80, 0x00, 0x00, 0x00, 0x00, 0x00, 0x00, 0x00, 0x00, 0x20, 0x00, 0x60, 0x60, 0x60, 0x60,
	0x60, 0x60, 0x60, 0x60, 0x60, 0x60, 0x60, 0x60, 0x00, 0x00, 0x00, 0x00, 0x40, 0x00, 0x60, 0x60,
	0x60, 0x60, 0x60, 0x60, 0x60, 0x60, 0x60, 0x60, 0x60, 0x60, 0x00, 0x00, 0x00, 0x00, 0x90, 0x00,
	0x60, 0x60, 0x60, 0x60, 0x60, 0x60, 0x60, 0x60, 0x60, 0x60, 0x60, 0x60, 0x00, 0x00, 0x00, 0x00,
	0x90, 0x00, 0x60, 0x60, 0x60, 0x60, 0x60, 0x60, 0x60, 0x60, 0x60, 0x60, 0x60, 0x60, 0x00, 0x00,
	0x00, 0x00, 0x00, 0x00, 0x00, 0x00, 0x3f, 0x00, 0x3f, 0xc0, 0x30, 0xe0, 0x30, 0x60, 0x30, 0x70,
	0xfc, 0x30, 0xfc, 0x30, 0x30, 0x70, 0x30, 0x60, 0x30, 0xe0, 0x3f, 0xc0, 0x3f, 0x00, 0x00, 0x00,
	0x00, 0x00, 0x00, 0x00, 0x00, 0x00, 0x17, 0x00, 0x00, 0x00, 0x70, 0x60, 0x78, 0x60, 0x78, 0x60,
	0x6c, 0x60, 0x6c, 0x60, 0x66, 0x60, 0x66, 0x60, 0x63, 0x60, 0x63, 0x60, 0x61, 0xe0, 0x61, 0xe0,
	0x60, 0xe0, 0x00, 0x00, 0x00, 0x00, 0x00, 0x00, 0x00, 0x00, 0x01, 0x00, 0x00, 0x00, 0x0f, 0x80,
	0x1f, 0xc0, 0x38, 0xe0, 0x30, 0x60, 0x70, 0x70, 0x60, 0x30, 0x60, 0x30, 0x70, 0x70, 0x30, 0x60,
	0x38, 0xe0, 0x1f, 0xc0, 0x0f, 0x80, 0x00, 0x00, 0x00, 0x00, 0x00, 0x00, 0x00, 0x00, 0x02, 0x00,
	0x00, 0x00, 0x0f, 0x80, 0x1f, 0xc0, 0x38, 0xe0, 0x30, 0x60, 0x70, 0x70, 0x60, 0x30, 0x60, 0x30,
	0x70, 0x70, 0x30, 0x60, 0x38, 0xe0, 0x1f, 0xc0, 0x0f, 0x80, 0x00, 0x00, 0x00, 0x00, 0x00, 0x00,
	0x00, 0x00, 0x08, 0x80, 0x00, 0x00, 0x0f, 0x80, 0x1f, 0xc0, 0x38, 0xe0, 0x30, 0x60, 0x70, 0x70,
	0x60, 0x30, 0x60, 0x30, 0x70, 0x70, 0x30, 0x60, 0x38, 0xe0, 0x1f, 0xc0, 0x0f, 0x80, 0x00, 0x00,
	0x00, 0x00, 0x00, 0x00, 0x00, 0x00, 0x0b, 0x80, 0x00, 0x00, 0x0f, 0x80, 0x1f, 0xc0, 0x38, 0xe0,
	0x30, 0x60, 0x70, 0x70, 0x60, 0x30, 0x60, 0x30, 0x70, 0x70, 0x30, 0x60, 0x38, 0xe0, 0x1f, 0xc0,
	0x0f, 0x80, 0x00, 0x00, 0x00, 0x00, 0x00, 0x00, 0x00, 0x00, 0x0c, 0xc0, 0x00, 0x00, 0x0f, 0x80,
	0x1f, 0xc0, 0x38, 0xe0, 0x30, 0x60, 0x70, 0x70, 0x60, 0x30, 0x60, 0x30, 0x70, 0x70, 0x30, 0x60,
	0x38, 0xe0, 0x1f, 0xc0, 0x0f, 0x80, 0x00, 0x00, 0x00, 0x00, 0x00, 0x00, 0x00, 0x00, 0x00, 0x00,
	0x00, 0x00, 0x00, 0x00, 0x00, 0x00, 0x00, 0x00, 0x41, 0x00, 0xe3, 0x80, 0x77, 0x00, 0x3e, 0x00,
	0x1c, 0x00, 0x3e, 0x00, 0x77, 0x00, 0xe3, 0x80, 0x41, 0x00, 0x00, 0x00, 0x00, 0x00, 0x00, 0x00,
	0x00, 0x00, 0x00, 0x00, 0x00, 0x00, 0x0f, 0x90, 0x1f, 0xe0, 0x38, 0x60, 0x30, 0xe0, 0x71, 0xb0,
	0x63, 0x30, 0x66, 0x30, 0x6c, 0x70, 0x38, 0x60, 0x30, 0xe0, 0x3f, 0xc0, 0x4f, 0x80, 0x00, 0x00,
	0x00, 0x00, 0x00, 0x00, 0x00, 0x00, 0x02, 0x00, 0x00, 0x00, 0x60, 0x60, 0x60, 0x60, 0x60, 0x60,
	0x60, 0x60, 0x60, 0x60, 0x60, 0x60, 0x60, 0x60, 0x60, 0x60, 0x60, 0x60, 0x70, 0xe0, 0x3f, 0xc0,
	0x1f, 0x80, 0x00, 0x00, 0x00, 0x00, 0x00, 0x00, 0x00, 0x00, 0x04, 0x00, 0x00, 0x00, 0x60, 0x60,
	0x60, 0x60, 0x60, 0x60, 0x60, 0x60, 0x60, 0x60, 0x60, 0x60, 0x60, 0x60, 0x60, 0x60, 0x60, 0x60,
	0x70, 0xe0, 0x3f, 0xc0, 0x1f, 0x80, 0x00, 0x00, 0x00, 0x00, 0x00, 0x00, 0x00, 0x00, 0x08, 0x80,
	0x00, 0x00, 0x60, 0x60, 0x60, 0x60, 0x60, 0x60, 0x60, 0x60, 0x60, 0x60, 0x60, 0x60, 0x60, 0x60,
	0x60, 0x60, 0x60, 0x60, 0x70, 0xe0, 0x3f, 0xc0, 0x1f, 0x80, 0x00, 0x00, 0x00, 0x00, 0x00, 0x00,
	0x00, 0x00, 0x19, 0x80, 0x00, 0x00, 0x60, 0x60, 0x60, 0x60, 0x60, 0x60, 0x60, 0x60, 0x60, 0x60,
	0x60, 0x60, 0x60, 0x60, 0x60, 0x60, 0x60, 0x60, 0x70, 0xe0, 0x3f, 0xc0, 0x1f, 0x80, 0x00, 0x00,
	0x00, 0x00, 0x00, 0x00, 0x00, 0x00, 0x08, 0x00, 0x00, 0x00, 0xc0, 0xc0, 0xe1, 0xc0, 0x61, 0x80,
	0x33, 0x00, 0x33, 0x00, 0x1e, 0x00, 0x1e, 0x00, 0x0c, 0x00, 0x0c, 0x00, 0x0c, 0x00, 0x0c, 0x00,
	0x0c, 0x00, 0x00, 0x00, 0x00, 0x00, 0x00, 0x00, 0x00, 0x00, 0x00, 0x00, 0x00, 0x00, 0x60, 0x00,
	0x7f, 0x00, 0x7f, 0x80, 0x61, 0xc0, 0x60, 0xc0, 0x60, 0xc0, 0x61, 0xc0, 0x7f, 0x80, 0x7f, 0x00,
	0x60, 0x00, 0x60, 0x00, 0x60, 0x00, 0x00, 0x00, 0x00, 0x00, 0x00, 0x00, 0x00, 0x00, 0x00, 0x00,
	0x00, 0x00, 0x3e, 0x00, 0x7f, 0x00, 0x63, 0x00, 0x63, 0x00, 0x6e, 0x00, 0x6f, 0x00, 0x61, 0x80,
	0x61, 0x80, 0x61, 0x80, 0x61, 0x80, 0x6f, 0x00, 0x6e, 0x00, 0x00, 0x00, 0x00, 0x00, 0x00, 0x00,
	0x00, 0x00, 0x00, 0x00, 0x10, 0x00, 0x18, 0x00, 0x04, 0x00, 0x00, 0x00, 0x3e, 0x00, 0x7f, 0x00,
	0x63, 0x00, 0x07, 0x00, 0x3f, 0x00, 0x73, 0x00, 0x63, 0x00, 0x7f, 0x00, 0x3b, 0x80, 0x00, 0x00,
	0x00, 0x00, 0x00, 0x00, 0x00, 0x00, 0x00, 0x00, 0x02, 0x00, 0x06, 0x00, 0x08, 0x00, 0x00, 0x00,
	0x3e, 0x00, 0x7f, 0x00, 0x63, 0x00, 0x07, 0x00, 0x3f, 0x00, 0x73, 0x00, 0x63, 0x00, 0x7f, 0x00,
	0x3b, 0x80, 0x00, 0x00, 0x00, 0x00, 0x00, 0x00, 0x00, 0x00, 0x00, 0x00, 0x08, 0x00, 0x1c, 0x00,
	0x22, 0x00, 0x00, 0x00, 0x3e, 0x00, 0x7f, 0x00, 0x63, 0x00, 0x07, 0x00, 0x3f, 0x00, 0x73, 0x00,
	0x63, 0x00, 0x7f, 0x00, 0x3b, 0x80, 0x00, 0x00, 0x00, 0x00, 0x00, 0x00, 0x00, 0x00, 0x00, 0x00,
	0x00, 0x00, 0x1d, 0x00, 0x2e, 0x00, 0x00, 0x00, 0x3e, 0x00, 0x7f, 0x00, 0x63, 0x00, 0x07, 0x00,
	0x3f, 0x00, 0x73, 0x00, 0x63, 0x00, 0x7f, 0x00, 0x3b, 0x80, 0x00, 0x00, 0x00, 0x00, 0x00, 0x00,
	0x00, 0x00, 0x00, 0x00, 0x00, 0x00, 0x36, 0x00, 0x36, 0x00, 0x00, 0x00, 0x3e, 0x00, 0x7f, 0x00,
	0x63, 0x00, 0x07, 0x00, 0x3f, 0x00, 0x73, 0x00, 0x63, 0x00, 0x7f, 0x00, 0x3b, 0x80, 0x00, 0x00,
	0x00, 0x00, 0x00, 0x00, 0x00, 0x00, 0x00, 0x00, 0x0c, 0x00, 0x12, 0x00, 0x12, 0x00, 0x0c, 0x00,
	0x3e, 0x00, 0x7f, 0x00, 0x63, 0x00, 0x07, 0x00, 0x3f, 0x00, 0x73, 0x00, 0x63, 0x00, 0x7f, 0x00,
	0x3b, 0x80, 0x00, 0x00, 0x00, 0x00, 0x00, 0x00, 0x00, 0x00, 0x00, 0x00, 0x00, 0x00, 0x00, 0x00,
	0x00, 0x00, 0x00, 0x00, 0x3e, 0xf0, 0x7f, 0xf8, 0x63, 0x0c, 0x07, 0xfc, 0x3f, 0xfc, 0x73, 0x00,
	0x67, 0x9c, 0x7f, 0xf8, 0x3c, 0xf0, 0x00, 0x00, 0x00, 0x00, 0x00, 0x00, 0x00, 0x00, 0x00, 0x00,
	0x00, 0x00, 0x00, 0x00, 0x00, 0x00, 0x00, 0x00, 0x1e, 0x00, 0x3f, 0x00, 0x73, 0x80, 0x60, 0x00,
	0x60, 0x00, 0x60, 0x00, 0x73, 0x80, 0x3f, 0x00, 0x1e, 0x00, 0x08, 0x00, 0x0c, 0x00, 0x26, 0x00,
	0x1c, 0x00, 0x00, 0x00, 0x10, 0x00, 0x18, 0x00, 0x04, 0x00, 0x00, 0x00, 0x1e, 0x00, 0x3f, 0x00,
	0x61, 0x80, 0x7f, 0x80, 0x7f, 0x80, 0x60, 0x00, 0x73, 0x80, 0x3f, 0x00, 0x1e, 0x00, 0x00, 0x00,
	0x00, 0x00, 0x00, 0x00, 0x00, 0x00, 0x00, 0x00, 0x02, 0x00, 0x06, 0x00, 0x08, 0x00, 0x00, 0x00,
	0x1e, 0x00, 0x3f, 0x00, 0x61, 0x80, 0x7f, 0x80, 0x7f, 0x80, 0x60, 0x00, 0x73, 0x80, 0x3f, 0x00,
	0x1e, 0x00, 0x00, 0x00, 0x00, 0x00, 0x00, 0x00, 0x00, 0x00, 0x00, 0x00, 0x04, 0x00, 0x0e, 0x00,
	0x11, 0x00, 0x00, 0x00, 0x1e, 0x00, 0x3f, 0x00, 0x61, 0x80, 0x7f, 0x80, 0x7f, 0x80, 0x60, 0x00,
	0x73, 0x80, 0x3f, 0x00, 0x1e, 0x00, 0x00, 0x00, 0x00, 0x00, 0x00, 0x00, 0x00, 0x00, 0x00, 0x00,
	0x00, 0x00, 0x1b, 0x00, 0x1b, 0x00, 0x00, 0x00, 0x1e, 0x00, 0x3f, 0x00, 0x61, 0x80, 0x7f, 0x80,
	0x7f, 0x80, 0x60, 0x00, 0x73, 0x80, 0x3f, 0x00, 0x1e, 0x00, 0x00, 0x00, 0x00, 0x00, 0x00, 0x00,
	0x00, 0x00, 0x00, 0x80, 0xc0, 0x20, 0x00, 0x60, 0x60, 0x60, 0x60, 0x60, 0x60, 0x60, 0x60, 0x60,
	0x00, 0x00, 0x00, 0x00, 0x00, 0x10, 0x30, 0x40, 0x00, 0x60, 0x60, 0x60, 0x60, 0x60, 0x60, 0x60,
	0x60, 0x60, 0x00, 0x00, 0x00, 0x00, 0x00, 0x20, 0x70, 0x90, 0x00, 0x60, 0x60, 0x60, 0x60, 0x60,
	0x60, 0x60, 0x60, 0x60, 0x00, 0x00, 0x00, 0x00, 0x00, 0x00, 0xd0, 0xd0, 0x00, 0x60, 0x60, 0x60,
	0x60, 0x60, 0x60, 0x60, 0x60, 0x60, 0x00, 0x00, 0x00, 0x00, 0x00, 0x00, 0x00, 0x00, 0x30, 0x00,
	0x3e, 0x00, 0x7c, 0x00, 0x0e, 0x00, 0x3f, 0x00, 0x73, 0x80, 0x61, 0x80, 0x61, 0x80, 0x61, 0x80,
	0x73, 0x80, 0x3f, 0x00, 0x1e, 0x00, 0x00, 0x00, 0x00, 0x00, 0x00, 0x00, 0x00, 0x00, 0x00, 0x00,
	0x00, 0x00, 0x1d, 0x00, 0x2e, 0x00, 0x00, 0x00, 0x6f, 0x00, 0x7f, 0x80, 0x71, 0x80, 0x61, 0x80,
	0x61, 0x80, 0x61, 0x80, 0x61, 0x80, 0x61, 0x80, 0x61, 0x80, 0x00, 0x00, 0x00, 0x00, 0x00, 0x00,
	0x00, 0x00, 0x00, 0x00, 0x10, 0x00, 0x18, 0x00, 0x04, 0x00, 0x00, 0x00, 0x1e, 0x00, 0x3f, 0x00,
	0x73, 0x80, 0x61, 0x80, 0x61, 0x80, 0x61, 0x80, 0x73, 0x80, 0x3f, 0x00, 0x1e, 0x00, 0x00, 0x00,
	0x00, 0x00, 0x00, 0x00, 0x00, 0x00, 0x00, 0x00, 0x04, 0x00, 0x0c, 0x00, 0x10, 0x00, 0x00, 0x00,
	0x1e, 0x00, 0x3f, 0x00, 0x73, 0x80, 0x61, 0x80, 0x61, 0x80, 0x61, 0x80, 0x73, 0x80, 0x3f, 0x00,
	0x1e, 0x00, 0x00, 0x00, 0x00, 0x00, 0x00, 0x00, 0x00, 0x00, 0x00, 0x00, 0x08, 0x00, 0x1c, 0x00,
	0x22, 0x00, 0x00, 0x00, 0x1e, 0x00, 0x3f, 0x00, 0x73, 0x80, 0x61, 0x80, 0x61, 0x80, 0x61, 0x80,
	0x73, 0x80, 0x3f, 0x00, 0x1e, 0x00, 0x00, 0x00, 0x00, 0x00, 0x00, 0x00, 0x00, 0x00, 0x00, 0x00,
	0x00, 0x00, 0x1d, 0x00, 0x2e, 0x00, 0x00, 0x00, 0x1e, 0x00, 0x3f, 0x00, 0x73, 0x80, 0x61, 0x80,
	0x61, 0x80, 0x61, 0x80, 0x73, 0x80, 0x3f, 0x00, 0x1e, 0x00, 0x00, 0x00, 0x00, 0x00, 0x00, 0x00,
	0x00, 0x00, 0x00, 0x00, 0x00, 0x00, 0x36, 0x00, 0x36, 0x00, 0x00, 0x00, 0x1e, 0x00, 0x3f, 0x00,
	0x73, 0x80, 0x61, 0x80, 0x61, 0x80, 0x61, 0x80, 0x73, 0x80, 0x3f, 0x00, 0x1e, 0x00, 0x00, 0x00,
	0x00, 0x00, 0x00, 0x00, 0x00, 0x00, 0x00, 0x00, 0x00, 0x00, 0x00, 0x00, 0x00, 0x00, 0x00, 0x00,
	0x00, 0x00, 0x0c, 0x00, 0x0c, 0x00, 0x00, 0x00, 0x7f, 0x80, 0x7f, 0x80, 0x00, 0x00, 0x0c, 0x00,
	0x0c, 0x00, 0x00, 0x00, 0x00, 0x00, 0x00, 0x00, 0x00, 0x00, 0x00, 0x00, 0x00, 0x00, 0x00, 0x00,
	0x00, 0x00, 0x00, 0x00, 0x1e, 0x80, 0x3f, 0x80, 0x73, 0x80, 0x67, 0x80, 0x6d, 0x80, 0x79, 0x80,
	0x73, 0x80, 0x7f, 0x00, 0x5e, 0x00, 0x00, 0x00, 0x00, 0x00, 0x00, 0x00, 0x00, 0x00, 0x00, 0x00,
	0x10, 0x00, 0x18, 0x00, 0x04, 0x00, 0x00, 0x00, 0x61, 0x80, 0x61, 0x80, 0x61, 0x80, 0x61, 0x80,
	0x61, 0x80, 0x61, 0x80, 0x63, 0x80, 0x7f, 0x80, 0x3d, 0x80, 0x00, 0x00, 0x00, 0x00, 0x00, 0x00,
	0x00, 0x00, 0x00, 0x00, 0x04, 0x00, 0x0c, 0x00, 0x10, 0x00, 0x00, 0x00, 0x61, 0x80, 0x61, 0x80,
	0x61, 0x80, 0x61, 0x80, 0x61, 0x80, 0x61, 0x80, 0x63, 0x80, 0x7f, 0x80, 0x3d, 0x80, 0x00, 0x00,
	0x00, 0x00, 0x00, 0x00, 0x00, 0x00, 0x00, 0x00, 0x08, 0x00, 0x1c, 0x00, 0x22, 0x00, 0x00, 0x00,
	0x61, 0x80, 0x61, 0x80, 0x61, 0x80, 0x61, 0x80, 0x61, 0x80, 0x61, 0x80, 0x63, 0x80, 0x7f, 0x80,
	0x3d, 0x80, 0x00, 0x00, 0x00, 0x00, 0x00, 0x00, 0x00, 0x00, 0x00, 0x00, 0x00, 0x00, 0x36, 0x00,
	0x36, 0x00, 0x00, 0x00, 0x61, 0x80, 0x61, 0x80, 0x61, 0x80, 0x61, 0x80, 0x61, 0x80, 0x61, 0x80,
	0x63, 0x80, 0x7f, 0x80, 0x3d, 0x80, 0x00, 0x00, 0x00, 0x00, 0x00, 0x00, 0x00, 0x00, 0x00, 0x00,
	0x04, 0x00, 0x0c, 0x00, 0x10, 0x00, 0x00, 0x00, 0xc3, 0x00, 0xc3, 0x00, 0x63, 0x00, 0x66, 0x00,
	0x36, 0x00, 0x36, 0x00, 0x3c, 0x00, 0x1c, 0x00, 0x18, 0x00, 0x18, 0x00, 0x18, 0x00, 0x70, 0x00,
	0x60, 0x00, 0x00, 0x00, 0x00, 0x00, 0x60, 0x00, 0x60, 0x00, 0x60, 0x00, 0x6e, 0x00, 0x7f, 0x00,
	0x73, 0x80, 0x61, 0x80, 0x61, 0x80, 0x61, 0x80, 0x73, 0x80, 0x7f, 0x00, 0x6e, 0x00, 0x60, 0x00,
	0x60, 0x00, 0x60, 0x00, 0x60, 0x00, 0x00, 0x00, 0x00, 0x00, 0x36, 0x00, 0x36, 0x00, 0x00, 0x00,
	0xc3, 0x00, 0xc3, 0x00, 0x63, 0x00, 0x66, 0x00, 0x36, 0x00, 0x36, 0x00, 0x3c, 0x00, 0x1c, 0x00,
	0x18, 0x00, 0x18, 0x00, 0x18, 0x00, 0x70, 0x00, 0x60, 0x00,
};
static unsigned short o_helvB12[] = {
	0, 18, 36, 54, 90, 126, 162, 198, 216, 234, 252, 270,
	306, 324, 342, 360, 378, 414, 450, 486, 522, 558, 594, 630,
	666, 702, 738, 756, 774, 810, 846, 882, 918, 954, 990, 1026,
	1062, 1098, 1134, 1170, 1206, 1242, 1260, 1296, 1332, 1368, 1404, 1440,
	1476, 1512, 1548, 1584, 1620, 1656, 1692, 1728, 1764, 1800, 1836, 1872,
	1890, 1908, 1926, 1962, 1998, 2016, 2052, 2088, 2124, 2160, 2196, 2214,
	2250, 2286, 2304, 2322, 2358, 2376, 2412, 2448, 2484, 2520, 2556, 2574,
	2610, 2628, 2664, 2700, 2736, 2772, 2808, 2826, 2844, 2862, 2880, 2916,
	2952, 2988, 3024, 3060, 3096, 3132, 3168, 3204, 3240, 3276, 3312, 3348,
	3384, 3420, 3456, 3492, 3528, 3564, 3600, 3636, 3672, 3708, 3744, 3780,
	3816, 3852, 3888, 3924, 3960, 3996, 4032, 4068, 4104, 4122, 4140, 4176,
	4212, 4248, 4284, 4302, 4338, 4356, 4392, 4410, 4446, 4482, 4500, 4536,
	4554, 4572, 4608, 4626, 4644, 4662, 4698, 4734, 4752, 4770, 4788, 4806,
	4842, 4878, 4914, 4950, 4986, 5022, 5058, 5094, 5130, 5166, 5202, 5238,
	5274, 5310, 5346, 5382, 5418, 5436, 5454, 5472, 5490, 5526, 5562, 5598,
	5634, 5670, 5706, 5742, 5778, 5814, 5850, 5886, 5922, 5958, 5994, 6030,
	6066, 6102, 6138, 6174, 6210, 6246, 6282, 6318, 6354, 6390, 6426, 6462,
	6498, 6516, 6534, 6552, 6570, 6606, 6642, 6678, 6714, 6750, 6786, 6822,
	6858, 6894, 6930, 6966, 7002, 7038, 7074, 7110,
};
static unsigned char w_helvB12[] = {
	5, 6, 8, 9, 9, 14, 12, 4, 6, 6, 6, 10, 4, 5, 4, 5,
	9, 9, 9, 9, 9, 9, 9, 9, 9, 9, 5, 5, 10, 10, 10, 10,
	16, 12, 11, 12, 12, 10, 10, 12, 12, 4, 9, 12, 10, 13, 12, 13,
	11, 13, 12, 11, 10, 12, 11, 15, 11, 11, 10, 6, 5, 6, 10, 9,
	6, 9, 10, 9, 10, 10, 6, 10, 10, 4, 5, 9, 4, 14, 10, 10,
	10, 10, 6, 9, 6, 10, 9, 13, 9, 9, 8, 6, 4, 6, 10, 10,
	10, 10, 10, 10, 10, 10, 10, 10, 10, 10, 10, 10, 10, 10, 10, 10,
	10, 10, 10, 10, 10, 10, 10, 10, 10, 10, 10, 10, 10, 10, 10, 10,
	5, 6, 9, 9, 9, 9, 5, 9, 6, 12, 6, 9, 10, 5, 12, 6,
	7, 10, 6, 6, 6, 10, 9, 5, 6, 6, 6, 9, 14, 14, 14, 10,
	12, 12, 12, 12, 12, 12, 15, 12, 10, 10, 10, 10, 4, 4, 4, 4,
	12, 12, 13, 13, 13, 13, 13, 10, 13, 12, 12, 12, 12, 11, 11, 10,
	9, 9, 9, 9, 9, 9, 15, 9, 10, 10, 10, 10, 4, 4, 4, 4,
	10, 10, 10, 10, 10, 10, 10, 10, 10, 10, 10, 10, 10, 9, 10, 9,
};

#define F_helvB12 { "Helv", 12, 18, 14, 4, 700, 0, 0, 32, 8, 16, 0x20, 0xff, w_helvB12, o_helvB12, b_helvB12 }

/* -Adobe-Times-Medium-R-Normal--14-100-100-100-P-74-ISO8859-1 timR10.pcf.gz sha256 54540e170798d60cf29cc79c9ceb820f035b3388b79dce44279413f3b4bdc350 */
static unsigned char b_timR10[] = {
	0x00, 0x00, 0x00, 0x00, 0x00, 0x00, 0x00, 0x00, 0x00, 0x00, 0x00, 0x00, 0x00, 0x00, 0x00, 0x00,
	0x00, 0x20, 0x20, 0x20, 0x20, 0x20, 0x20, 0x20, 0x00, 0x20, 0x20, 0x00, 0x00, 0x00, 0x00, 0x00,
	0x50, 0x50, 0x50, 0x00, 0x00, 0x00, 0x00, 0x00, 0x00, 0x00, 0x00, 0x00, 0x00, 0x00, 0x00, 0x14,
	0x14, 0x7e, 0x28, 0x28, 0x28, 0xfc, 0x50, 0x50, 0x50, 0x00, 0x00, 0x00, 0x00, 0x10, 0x3c, 0x54,
	0x50, 0x50, 0x38, 0x14, 0x14, 0x14, 0x54, 0x78, 0x10, 0x00, 0x00, 0x00, 0x00, 0x00, 0x00, 0x38,
	0xc0, 0x6f, 0x80, 0x49, 0x00, 0x4a, 0x00, 0x34, 0x00, 0x05, 0x80, 0x0b, 0x40, 0x12, 0x40, 0x22,
	0x40, 0x21, 0x80, 0x00, 0x00, 0x00, 0x00, 0x00, 0x00, 0x00, 0x00, 0x00, 0x00, 0x0c, 0x00, 0x12,
	0x00, 0x12, 0x00, 0x1c, 0x00, 0x09, 0xc0, 0x3c, 0x80, 0x65, 0x00, 0x42, 0x00, 0x67, 0x20, 0x39,
	0xc0, 0x00, 0x00, 0x00, 0x00, 0x00, 0x00, 0x00, 0x00, 0x40, 0x40, 0x40, 0x00, 0x00, 0x00, 0x00,
	0x00, 0x00, 0x00, 0x00, 0x00, 0x00, 0x00, 0x00, 0x10, 0x10, 0x20, 0x20, 0x40, 0x40, 0x40, 0x40,
	0x40, 0x20, 0x20, 0x10, 0x10, 0x00, 0x00, 0x40, 0x40, 0x20, 0x20, 0x10, 0x10, 0x10, 0x10, 0x10,
	0x20, 0x20, 0x40, 0x40, 0x00, 0x00, 0x10, 0x54, 0x38, 0x38, 0x54, 0x10, 0x00, 0x00, 0x00, 0x00,
	0x00, 0x00, 0x00, 0x00, 0x00, 0x00, 0x00, 0x00, 0x10, 0x10, 0x10, 0xfe, 0x10, 0x10, 0x10, 0x00,
	0x00, 0x00, 0x00, 0x00, 0x00, 0x00, 0x00, 0x00, 0x00, 0x00, 0x00, 0x00, 0x00, 0x60, 0x20, 0x40,
	0x00, 0x00, 0x00, 0x00, 0x00, 0x00, 0x00, 0x00, 0x00, 0xe0, 0x00, 0x00, 0x00, 0x00, 0x00, 0x00,
	0x00, 0x00, 0x00, 0x00, 0x00, 0x00, 0x00, 0x00, 0x00, 0x00, 0x00, 0x60, 0x00, 0x00, 0x00, 0x00,
	0x00, 0x10, 0x10, 0x10, 0x20, 0x20, 0x20, 0x40, 0x40, 0x40, 0x80, 0x80, 0x80, 0x00, 0x00, 0x00,
	0x3c, 0x66, 0x42, 0x42, 0x42, 0x42, 0x42, 0x42, 0x66, 0x3c, 0x00, 0x00, 0x00, 0x00, 0x00, 0x10,
	0x70, 0x10, 0x10, 0x10, 0x10, 0x10, 0x10, 0x10, 0x7c, 0x00, 0x00, 0x00, 0x00, 0x00, 0x38, 0x6c,
	0x44, 0x04, 0x0c, 0x08, 0x10, 0x20, 0x44, 0x7c, 0x00, 0x00, 0x00, 0x00, 0x00, 0x78, 0x8c, 0x04,
	0x08, 0x30, 0x38, 0x04, 0x04, 0xcc, 0x78, 0x00, 0x00, 0x00, 0x00, 0x00, 0x08, 0x18, 0x18, 0x28,
	0x68, 0x48, 0x88, 0xfc, 0x08, 0x08, 0x00, 0x00, 0x00, 0x00, 0x00, 0x3c, 0x20, 0x40, 0x70, 0x18,
	0x0c, 0x04, 0x04, 0x48, 0x70, 0x00, 0x00, 0x00, 0x00, 0x00, 0x0c, 0x10, 0x20, 0x40, 0x78, 0xcc,
	0x84, 0x84, 0xcc, 0x78, 0x00, 0x00, 0x00, 0x00, 0x00, 0xfc, 0x84, 0x08, 0x08, 0x10, 0x10, 0x20,
	0x20, 0x40, 0x40, 0x00, 0x00, 0x00, 0x00, 0x00, 0x38, 0x4c, 0x44, 0x64, 0x38, 0x4c, 0x44, 0x44,
	0x44, 0x38, 0x00, 0x00, 0x00, 0x00, 0x00, 0x3c, 0x66, 0x42, 0x42, 0x66, 0x3c, 0x04, 0x08, 0x10,
	0x60, 0x00, 0x00, 0x00, 0x00, 0x00, 0x00, 0x00, 0x00, 0x60, 0x00, 0x00, 0x00, 0x00, 0x00, 0x60,
	0x00, 0x00, 0x00, 0x00, 0x00, 0x00, 0x00, 0x00, 0x60, 0x00, 0x00, 0x00, 0x00, 0x00, 0x60, 0x20,
	0x40, 0x00, 0x00, 0x00, 0x00, 0x00, 0x00, 0x06, 0x18, 0x60, 0xc0, 0x60, 0x18, 0x06, 0x00, 0x00,
	0x00, 0x00, 0x00, 0x00, 0x00, 0x00, 0x00, 0x00, 0xfe, 0x00, 0xfe, 0x00, 0x00, 0x00, 0x00, 0x00,
	0x00, 0x00, 0x00, 0x00, 0x00, 0xc0, 0x30, 0x0c, 0x06, 0x0c, 0x30, 0xc0, 0x00, 0x00, 0x00, 0x00,
	0x00, 0x70, 0x88, 0x88, 0x08, 0x10, 0x20, 0x20, 0x00, 0x20, 0x20, 0x00, 0x00, 0x00, 0x00, 0x00,
	0x00, 0x00, 0x0f, 0x80, 0x30, 0x60, 0x60, 0x20, 0x46, 0x90, 0x89, 0x10, 0x91, 0x10, 0x91, 0x10,
	0x93, 0x20, 0xcd, 0xc0, 0x40, 0x00, 0x30, 0xc0, 0x0f, 0x00, 0x00, 0x00, 0x00, 0x00, 0x00, 0x00,
	0x04, 0x00, 0x04, 0x00, 0x0a, 0x00, 0x0a, 0x00, 0x11, 0x00, 0x11, 0x00, 0x1f, 0x00, 0x20, 0x80,
	0x20, 0x80, 0x71, 0xc0, 0x00, 0x00, 0x00, 0x00, 0x00, 0x00, 0x00, 0x00, 0x00, 0x00, 0x7e, 0x00,
	0x23, 0x00, 0x21, 0x00, 0x23, 0x00, 0x3e, 0x00, 0x23, 0x00, 0x21, 0x00, 0x21, 0x00, 0x23, 0x00,
	0x7e, 0x00, 0x00, 0x00, 0x00, 0x00, 0x00, 0x00, 0x00, 0x00, 0x00, 0x00, 0x1e, 0x80, 0x31, 0x80,
	0x20, 0x80, 0x40, 0x80, 0x40, 0x00, 0x40, 0x00, 0x40, 0x00, 0x60, 0x80, 0x31, 0x00, 0x1e, 0x00,
	0x00, 0x00, 0x00, 0x00, 0x00, 0x00, 0x00, 0x00, 0x00, 0x00, 0xfe, 0x00, 0x23, 0x00, 0x21, 0x00,
	0x20, 0x80, 0x20, 0x80, 0x20, 0x80, 0x20, 0x80, 0x21, 0x00, 0x23, 0x00, 0xfe, 0x00, 0x00, 0x00,
	0x00, 0x00, 0x00, 0x00, 0x00, 0x00, 0x00, 0x00, 0x7f, 0x00, 0x21, 0x00, 0x20, 0x00, 0x22, 0x00,
	0x3e, 0x00, 0x22, 0x00, 0x20, 0x00, 0x21, 0x00, 0x21, 0x00, 0x7f, 0x00, 0x00, 0x00, 0x00, 0x00,
	0x00, 0x00, 0x00, 0x00, 0x7f, 0x21, 0x20, 0x22, 0x3e, 0x22, 0x20, 0x20, 0x20, 0x70, 0x00, 0x00,
	0x00, 0x00, 0x00, 0x00, 0x00, 0x1e, 0x80, 0x31, 0x80, 0x20, 0x80, 0x40, 0x80, 0x40, 0x00, 0x43,
	0xc0, 0x40, 0x80, 0x60, 0x80, 0x31, 0x80, 0x1f, 0x00, 0x00, 0x00, 0x00, 0x00, 0x00, 0x00, 0x00,
	0x00, 0x00, 0x00, 0x73, 0x80, 0x21, 0x00, 0x21, 0x00, 0x21, 0x00, 0x3f, 0x00, 0x21, 0x00, 0x21,
	0x00, 0x21, 0x00, 0x21, 0x00, 0x73, 0x80, 0x00, 0x00, 0x00, 0x00, 0x00, 0x00, 0x00, 0x00, 0x70,
	0x20, 0x20, 0x20, 0x20, 0x20, 0x20, 0x20, 0x20, 0x70, 0x00, 0x00, 0x00, 0x00, 0x00, 0x38, 0x10,
	0x10, 0x10, 0x10, 0x10, 0x10, 0x10, 0x50, 0x60, 0x00, 0x00, 0x00, 0x00, 0x00, 0x00, 0x00, 0x77,
	0x00, 0x22, 0x00, 0x24, 0x00, 0x28, 0x00, 0x38, 0x00, 0x28, 0x00, 0x24, 0x00, 0x22, 0x00, 0x23,
	0x00, 0x73, 0x80, 0x00, 0x00, 0x00, 0x00, 0x00, 0x00, 0x00, 0x00, 0x00, 0x00, 0x70, 0x00, 0x20,
	0x00, 0x20, 0x00, 0x20, 0x00, 0x20, 0x00, 0x20, 0x00, 0x20, 0x00, 0x20, 0x00, 0x21, 0x00, 0x7f,
	0x00, 0x00, 0x00, 0x00, 0x00, 0x00, 0x00, 0x00, 0x00, 0x00, 0x00, 0x70, 0x70, 0x30, 0x60, 0x28,
	0xa0, 0x28, 0xa0, 0x2d, 0xa0, 0x25, 0x20, 0x25, 0x20, 0x27, 0x20, 0x22, 0x20, 0x72, 0x70, 0x00,
	0x00, 0x00, 0x00, 0x00, 0x00, 0x00, 0x00, 0x00, 0x00, 0x71, 0xc0, 0x30, 0x80, 0x28, 0x80, 0x2c,
	0x80, 0x24, 0x80, 0x26, 0x80, 0x22, 0x80, 0x22, 0x80, 0x21, 0x80, 0x71, 0x80, 0x00, 0x00, 0x00,
	0x00, 0x00, 0x00, 0x00, 0x00, 0x00, 0x00, 0x1e, 0x00, 0x33, 0x00, 0x21, 0x00, 0x40, 0x80, 0x40,
	0x80, 0x40, 0x80, 0x40, 0x80, 0x21, 0x00, 0x33, 0x00, 0x1e, 0x00, 0x00, 0x00, 0x00, 0x00, 0x00,
	0x00, 0x00, 0x00, 0x7c, 0x26, 0x22, 0x22, 0x26, 0x3c, 0x20, 0x20, 0x20, 0x70, 0x00, 0x00, 0x00,
	0x00, 0x00, 0x00, 0x00, 0x1e, 0x00, 0x33, 0x00, 0x21, 0x00, 0x40, 0x80, 0x40, 0x80, 0x40, 0x80,
	0x40, 0x80, 0x21, 0x00, 0x33, 0x00, 0x1e, 0x00, 0x04, 0x00, 0x03, 0x00, 0x01, 0x80, 0x00, 0x00,
	0x00, 0x00, 0xfc, 0x00, 0x26, 0x00, 0x22, 0x00, 0x22, 0x00, 0x26, 0x00, 0x3c, 0x00, 0x24, 0x00,
	0x22, 0x00, 0x23, 0x00, 0xf1, 0x80, 0x00, 0x00, 0x00, 0x00, 0x00, 0x00, 0x00, 0x00, 0x3a, 0x66,
	0x42, 0x60, 0x38, 0x0c, 0x02, 0x42, 0x66, 0x5c, 0x00, 0x00, 0x00, 0x00, 0x00, 0x00, 0x00, 0x7f,
	0x00, 0x49, 0x00, 0x49, 0x00, 0x08, 0x00, 0x08, 0x00, 0x08, 0x00, 0x08, 0x00, 0x08, 0x00, 0x08,
	0x00, 0x1c, 0x00, 0x00, 0x00, 0x00, 0x00, 0x00, 0x00, 0x00, 0x00, 0x00, 0x00, 0x73, 0x80, 0x21,
	0x00, 0x21, 0x00, 0x21, 0x00, 0x21, 0x00, 0x21, 0x00, 0x21, 0x00, 0x21, 0x00, 0x33, 0x00, 0x1e,
	0x00, 0x00, 0x00, 0x00, 0x00, 0x00, 0x00, 0x00, 0x00, 0x00, 0x00, 0xe3, 0x80, 0x41, 0x00, 0x63,
	0x00, 0x22, 0x00, 0x22, 0x00, 0x36, 0x00, 0x14, 0x00, 0x1c, 0x00, 0x08, 0x00, 0x08, 0x00, 0x00,
	0x00, 0x00, 0x00, 0x00, 0x00, 0x00, 0x00, 0x00, 0x00, 0xe7, 0x38, 0x42, 0x10, 0x62, 0x30, 0x22,
	0x20, 0x25, 0x20, 0x35, 0x60, 0x15, 0x40, 0x18, 0xc0, 0x08, 0x80, 0x08, 0x80, 0x00, 0x00, 0x00,
	0x00, 0x00, 0x00, 0x00, 0x00, 0x00, 0x00, 0x73, 0x80, 0x21, 0x00, 0x12, 0x00, 0x12, 0x00, 0x0c,
	0x00, 0x0c, 0x00, 0x12, 0x00, 0x21, 0x00, 0x61, 0x80, 0xf3, 0xc0, 0x00, 0x00, 0x00, 0x00, 0x00,
	0x00, 0x00, 0x00, 0x00, 0x00, 0xe3, 0x80, 0x41, 0x00, 0x22, 0x00, 0x22, 0x00, 0x14, 0x00, 0x08,
	0x00, 0x08, 0x00, 0x08, 0x00, 0x08, 0x00, 0x1c, 0x00, 0x00, 0x00, 0x00, 0x00, 0x00, 0x00, 0x00,
	0x00, 0x7f, 0x43, 0x02, 0x04, 0x08, 0x10, 0x20, 0x40, 0xc1, 0xff, 0x00, 0x00, 0x00, 0x00, 0x00,
	0x70, 0x40, 0x40, 0x40, 0x40, 0x40, 0x40, 0x40, 0x40, 0x40, 0x40, 0x40, 0x70, 0x00, 0x00, 0x80,
	0x80, 0x40, 0x40, 0x40, 0x20, 0x20, 0x20, 0x10, 0x10, 0x00, 0x00, 0x00, 0x00, 0x00, 0x70, 0x10,
	0x10, 0x10, 0x10, 0x10, 0x10, 0x10, 0x10, 0x10, 0x10, 0x10, 0x70, 0x00, 0x00, 0x10, 0x28, 0x28,
	0x44, 0x44, 0x00, 0x00, 0x00, 0x00, 0x00, 0x00, 0x00, 0x00, 0x00, 0x00, 0x00, 0x00, 0x00, 0x00,
	0x00, 0x00, 0x00, 0x00, 0x00, 0x00, 0x00, 0x00, 0xfe, 0x00, 0x40, 0x60, 0x10, 0x00, 0x00, 0x00,
	0x00, 0x00, 0x00, 0x00, 0x00, 0x00, 0x00, 0x00, 0x00, 0x00, 0x00, 0x00, 0x00, 0x38, 0x64, 0x0c,
	0x34, 0x44, 0x64, 0x3a, 0x00, 0x00, 0x00, 0x00, 0x00, 0xc0, 0x40, 0x40, 0x58, 0x6c, 0x44, 0x44,
	0x44, 0x4c, 0x78, 0x00, 0x00, 0x00, 0x00, 0x00, 0x00, 0x00, 0x00, 0x3c, 0x66, 0x40, 0x40, 0x40,
	0x62, 0x3c, 0x00, 0x00, 0x00, 0x00, 0x00, 0x0c, 0x04, 0x04, 0x3c, 0x64, 0x44, 0x44, 0x44, 0x6c,
	0x3a, 0x00, 0x00, 0x00, 0x00, 0x00, 0x00, 0x00, 0x00, 0x38, 0x44, 0x7c, 0x40, 0x40, 0x62, 0x3c,
	0x00, 0x00, 0x00, 0x00, 0x00, 0x30, 0x60, 0x40, 0xf0, 0x40, 0x40, 0x40, 0x40, 0x40, 0xf0, 0x00,
	0x00, 0x00, 0x00, 0x00, 0x00, 0x00, 0x00, 0x3c, 0x68, 0x44, 0x64, 0x38, 0x20, 0x3c, 0x42, 0x66,
	0x38, 0x00, 0x00, 0xc0, 0x40, 0x40, 0x58, 0x6c, 0x44, 0x44, 0x44, 0x44, 0xee, 0x00, 0x00, 0x00,
	0x00, 0x00, 0x40, 0x40, 0x00, 0xc0, 0x40, 0x40, 0x40, 0x40, 0x40, 0xe0, 0x00, 0x00, 0x00, 0x00,
	0x00, 0x20, 0x20, 0x00, 0x60, 0x20, 0x20, 0x20, 0x20, 0x20, 0x20, 0x20, 0xa0, 0xc0, 0x00, 0x00,
	0xc0, 0x40, 0x40, 0x4c, 0x48, 0x70, 0x50, 0x48, 0x4c, 0xe6, 0x00, 0x00, 0x00, 0x00, 0x00, 0xc0,
	0x40, 0x40, 0x40, 0x40, 0x40, 0x40, 0x40, 0x40, 0xe0, 0x00, 0x00, 0x00, 0x00, 0x00, 0x00, 0x00,
	0x00, 0x00, 0x00, 0x00, 0x00, 0x00, 0xdb, 0x80, 0x6e, 0xc0, 0x44, 0x40, 0x44, 0x40, 0x44, 0x40,
	0x44, 0x40, 0xee, 0xe0, 0x00, 0x00, 0x00, 0x00, 0x00, 0x00, 0x00, 0x00, 0x00, 0x00, 0x00, 0xd8,
	0x6c, 0x44, 0x44, 0x44, 0x44, 0xee, 0x00, 0x00, 0x00, 0x00, 0x00, 0x00, 0x00, 0x00, 0x38, 0x6c,
	0x44, 0x44, 0x44, 0x6c, 0x38, 0x00, 0x00, 0x00, 0x00, 0x00, 0x00, 0x00, 0x00, 0xd8, 0x6c, 0x44,
	0x44, 0x44, 0x6c, 0x58, 0x40, 0x40, 0xe0, 0x00, 0x00, 0x00, 0x00, 0x00, 0x3c, 0x64, 0x44, 0x44,
	0x44, 0x6c, 0x34, 0x04, 0x04, 0x0e, 0x00, 0x00, 0x00, 0x00, 0x00, 0xb8, 0x60, 0x40, 0x40, 0x40,
	0x40, 0xe0, 0x00, 0x00, 0x00, 0x00, 0x00, 0x00, 0x00, 0x00, 0x38, 0x48, 0x60, 0x30, 0x18, 0x48,
	0x70, 0x00, 0x00, 0x00, 0x00, 0x00, 0x00, 0x00, 0x40, 0xf0, 0x40, 0x40, 0x40, 0x40, 0x40, 0x30,
	0x00, 0x00, 0x00, 0x00, 0x00, 0x00, 0x00, 0x00, 0xcc, 0x44, 0x44, 0x44, 0x44, 0x6c, 0x36, 0x00,
	0x00, 0x00, 0x00, 0x00, 0x00, 0x00, 0x00, 0xee, 0x44, 0x44, 0x28, 0x28, 0x10, 0x10, 0x00, 0x00,
	0x00, 0x00, 0x00, 0x00, 0x00, 0x00, 0x00, 0x00, 0x00, 0x00, 0x00, 0xee, 0xe0, 0x44, 0x40, 0x44,
	0x40, 0x24, 0x80, 0x3b, 0x80, 0x11, 0x00, 0x11, 0x00, 0x00, 0x00, 0x00, 0x00, 0x00, 0x00, 0x00,
	0x00, 0x00, 0x00, 0x00, 0xee, 0x44, 0x38, 0x10, 0x38, 0x44, 0xee, 0x00, 0x00, 0x00, 0x00, 0x00,
	0x00, 0x00, 0x00, 0xee, 0x44, 0x44, 0x28, 0x28, 0x10, 0x30, 0x20, 0xa0, 0xc0, 0x00, 0x00, 0x00,
	0x00, 0x00, 0xfc, 0x88, 0x18, 0x30, 0x60, 0xc4, 0xfc, 0x00, 0x00, 0x00, 0x00, 0x00, 0x0c, 0x10,
	0x10, 0x10, 0x10, 0x20, 0x40, 0x20, 0x10, 0x10, 0x10, 0x10, 0x0c, 0x00, 0x00, 0x40, 0x40, 0x40,
	0x40, 0x40, 0x40, 0x40, 0x40, 0x40, 0x40, 0x00, 0x00, 0x00, 0x00, 0x00, 0x60, 0x10, 0x10, 0x10,
	0x10, 0x08, 0x04, 0x08, 0x10, 0x10, 0x10, 0x10, 0x60, 0x00, 0x00, 0x00, 0x00, 0x00, 0x00, 0x00,
	0x62, 0x9c, 0x00, 0x00, 0x00, 0x00, 0x00, 0x00, 0x00, 0x00, 0x70, 0x88, 0x88, 0x08, 0x10, 0x20,
	0x20, 0x00, 0x20, 0x20, 0x00, 0x00, 0x00, 0x00, 0x00, 0x70, 0x88, 0x88, 0x08, 0x10, 0x20, 0x20,
	0x00, 0x20, 0x20, 0x00, 0x00, 0x00, 0x00, 0x00, 0x70, 0x88, 0x88, 0x08, 0x10, 0x20, 0x20, 0x00,
	0x20, 0x20, 0x00, 0x00, 0x00, 0x00, 0x00, 0x70, 0x88, 0x88, 0x08, 0x10, 0x20, 0x20, 0x00, 0x20,
	0x20, 0x00, 0x00, 0x00, 0x00, 0x00, 0x70, 0x88, 0x88, 0x08, 0x10, 0x20, 0x20, 0x00, 0x20, 0x20,
	0x00, 0x00, 0x00, 0x00, 0x00, 0x70, 0x88, 0x88, 0x08, 0x10, 0x20, 0x20, 0x00, 0x20, 0x20, 0x00,
	0x00, 0x00, 0x00, 0x00, 0x70, 0x88, 0x88, 0x08, 0x10, 0x20, 0x20, 0x00, 0x20, 0x20, 0x00, 0x00,
	0x00, 0x00, 0x00, 0x70, 0x88, 0x88, 0x08, 0x10, 0x20, 0x20, 0x00, 0x20, 0x20, 0x00, 0x00, 0x00,
	0x00, 0x00, 0x70, 0x88, 0x88, 0x08, 0x10, 0x20, 0x20, 0x00, 0x20, 0x20, 0x00, 0x00, 0x00, 0x00,
	0x00, 0x70, 0x88, 0x88, 0x08, 0x10, 0x20, 0x20, 0x00, 0x20, 0x20, 0x00, 0x00, 0x00, 0x00, 0x00,
	0x70, 0x88, 0x88, 0x08, 0x10, 0x20, 0x20, 0x00, 0x20, 0x20, 0x00, 0x00, 0x00, 0x00, 0x00, 0x70,
	0x88, 0x88, 0x08, 0x10, 0x20, 0x20, 0x00, 0x20, 0x20, 0x00, 0x00, 0x00, 0x00, 0x00, 0x70, 0x88,
	0x88, 0x08, 0x10, 0x20, 0x20, 0x00, 0x20, 0x20, 0x00, 0x00, 0x00, 0x00, 0x00, 0x70, 0x88, 0x88,
	0x08, 0x10, 0x20, 0x20, 0x00, 0x20, 0x20, 0x00, 0x00, 0x00, 0x00, 0x00, 0x70, 0x88, 0x88, 0x08,
	0x10, 0x20, 0x20, 0x00, 0x20, 0x20, 0x00, 0x00, 0x00, 0x00, 0x00, 0x70, 0x88, 0x88, 0x08, 0x10,
	0x20, 0x20, 0x00, 0x20, 0x20, 0x00, 0x00, 0x00, 0x00, 0x00, 0x70, 0x88, 0x88, 0x08, 0x10, 0x20,
	0x20, 0x00, 0x20, 0x20, 0x00, 0x00, 0x00, 0x00, 0x00, 0x70, 0x88, 0x88, 0x08, 0x10, 0x20, 0x20,
	0x00, 0x20, 0x20, 0x00, 0x00, 0x00, 0x00, 0x00, 0x70, 0x88, 0x88, 0x08, 0x10, 0x20, 0x20, 0x00,
	0x20, 0x20, 0x00, 0x00, 0x00, 0x00, 0x00, 0x70, 0x88, 0x88, 0x08, 0x10, 0x20, 0x20, 0x00, 0x20,
	0x20, 0x00, 0x00, 0x00, 0x00, 0x00, 0x70, 0x88, 0x88, 0x08, 0x10, 0x20, 0x20, 0x00, 0x20, 0x20,
	0x00, 0x00, 0x00, 0x00, 0x00, 0x70, 0x88, 0x88, 0x08, 0x10, 0x20, 0x20, 0x00, 0x20, 0x20, 0x00,
	0x00, 0x00, 0x00, 0x00, 0x70, 0x88, 0x88, 0x08, 0x10, 0x20, 0x20, 0x00, 0x20, 0x20, 0x00, 0x00,
	0x00, 0x00, 0x00, 0x70, 0x88, 0x88, 0x08, 0x10, 0x20, 0x20, 0x00, 0x20, 0x20, 0x00, 0x00, 0x00,
	0x00, 0x00, 0x70, 0x88, 0x88, 0x08, 0x10, 0x20, 0x20, 0x00, 0x20, 0x20, 0x00, 0x00, 0x00, 0x00,
	0x00, 0x70, 0x88, 0x88, 0x08, 0x10, 0x20, 0x20, 0x00, 0x20, 0x20, 0x00, 0x00, 0x00, 0x00, 0x00,
	0x70, 0x88, 0x88, 0x08, 0x10, 0x20, 0x20, 0x00, 0x20, 0x20, 0x00, 0x00, 0x00, 0x00, 0x00, 0x70,
	0x88, 0x88, 0x08, 0x10, 0x20, 0x20, 0x00, 0x20, 0x20, 0x00, 0x00, 0x00, 0x00, 0x00, 0x70, 0x88,
	0x88, 0x08, 0x10, 0x20, 0x20, 0x00, 0x20, 0x20, 0x00, 0x00, 0x00, 0x00, 0x00, 0x70, 0x88, 0x88,
	0x08, 0x10, 0x20, 0x20, 0x00, 0x20, 0x20, 0x00, 0x00, 0x00, 0x00, 0x00, 0x70, 0x88, 0x88, 0x08,
	0x10, 0x20, 0x20, 0x00, 0x20, 0x20, 0x00, 0x00, 0x00, 0x00, 0x00, 0x70, 0x88, 0x88, 0x08, 0x10,
	0x20, 0x20, 0x00, 0x20, 0x20, 0x00, 0x00, 0x00, 0x00, 0x00, 0x70, 0x88, 0x88, 0x08, 0x10, 0x20,
	0x20, 0x00, 0x20, 0x20, 0x00, 0x00, 0x00, 0x00, 0x00, 0x00, 0x00, 0x00, 0x00, 0x00, 0x00, 0x00,
	0x00, 0x00, 0x00, 0x00, 0x00, 0x00, 0x00, 0x00, 0x00, 0x00, 0x00, 0x20, 0x20, 0x00, 0x20, 0x20,
	0x20, 0x20, 0x20, 0x20, 0x20, 0x00, 0x00, 0x00, 0x00, 0x04, 0x7c, 0xcc, 0x90, 0x90, 0xa0, 0xe4,
	0x78, 0x80, 0x00, 0x00, 0x00, 0x00, 0x1c, 0x34, 0x20, 0x20, 0xf8, 0x20, 0x20, 0x20, 0xe2, 0xbc,
	0x00, 0x00, 0x00, 0x00, 0x00, 0x00, 0x00, 0x44, 0x38, 0x44, 0x44, 0x44, 0x38, 0x44, 0x00, 0x00,
	0x00, 0x00, 0x00, 0x00, 0xee, 0x44, 0x6c, 0x28, 0x7c, 0x10, 0x7c, 0x10, 0x10, 0x38, 0x00, 0x00,
	0x00, 0x00, 0x00, 0x40, 0x40, 0x40, 0x40, 0x00, 0x00, 0x40, 0x40, 0x40, 0x40, 0x00, 0x00, 0x00,
	0x00, 0x00, 0x1c, 0x2c, 0x20, 0x30, 0x38, 0x4c, 0x44, 0x64, 0x38, 0x18, 0x08, 0x68, 0x70, 0x00,
	0x00, 0x50, 0x50, 0x00, 0x00, 0x00, 0x00, 0x00, 0x00, 0x00, 0x00, 0x00, 0x00, 0x00, 0x00, 0x00,
	0x00, 0x00, 0x0f, 0x00, 0x30, 0xc0, 0x27, 0x40, 0x49, 0x20, 0x48, 0x20, 0x48, 0x20, 0x49, 0x20,
	0x26, 0x40, 0x30, 0xc0, 0x0f, 0x00, 0x00, 0x00, 0x00, 0x00, 0x00, 0x00, 0x00, 0x00, 0xe0, 0x20,
	0xa0, 0xe0, 0x00, 0xe0, 0x00, 0x00, 0x00, 0x00, 0x00, 0x00, 0x00, 0x00, 0x00, 0x00, 0x00, 0x00,
	0x00, 0x24, 0x48, 0x90, 0x90, 0x48, 0x24, 0x00, 0x00, 0x00, 0x00, 0x00, 0x00, 0x00, 0x00, 0x00,
	0x00, 0x00, 0x00, 0x00, 0x00, 0x00, 0x7f, 0x00, 0x01, 0x00, 0x01, 0x00, 0x01, 0x00, 0x00, 0x00,
	0x00, 0x00, 0x00, 0x00, 0x00, 0x00, 0x00, 0x00, 0x00, 0x00, 0x00, 0x00, 0x00, 0x00, 0x00, 0x00,
	0xe0, 0x00, 0x00, 0x00, 0x00, 0x00, 0x00, 0x00, 0x00, 0x00, 0x00, 0x0f, 0x00, 0x30, 0xc0, 0x2e,
	0x40, 0x49, 0x20, 0x4e, 0x20, 0x4a, 0x20, 0x49, 0x20, 0x29, 0x40, 0x30, 0xc0, 0x0f, 0x00, 0x00,
	0x00, 0x00, 0x00, 0x00, 0x00, 0x00, 0x00, 0x00, 0xf0, 0x00, 0x00, 0x00, 0x00, 0x00, 0x00, 0x00,
	0x00, 0x00, 0x00, 0x00, 0x00, 0x00, 0x30, 0x48, 0x48, 0x30, 0x00, 0x00, 0x00, 0x00, 0x00, 0x00,
	0x00, 0x00, 0x00, 0x00, 0x00, 0x00, 0x00, 0x00, 0x10, 0x10, 0xfe, 0x10, 0x10, 0x00, 0xfe, 0x00,
	0x00, 0x00, 0x00, 0x00, 0x60, 0x90, 0x10, 0x20, 0x40, 0xf0, 0x00, 0x00, 0x00, 0x00, 0x00, 0x00,
	0x00, 0x00, 0x00, 0x60, 0x90, 0x20, 0x10, 0x90, 0x60, 0x00, 0x00, 0x00, 0x00, 0x00, 0x00, 0x00,
	0x00, 0x10, 0x30, 0x40, 0x00, 0x00, 0x00, 0x00, 0x00, 0x00, 0x00, 0x00, 0x00, 0x00, 0x00, 0x00,
	0x00, 0x00, 0x00, 0x00, 0xcc, 0x44, 0x44, 0x44, 0x44, 0x6c, 0x76, 0x40, 0x40, 0x60, 0x00, 0x00,
	0x3e, 0x74, 0xf4, 0xf4, 0xf4, 0x74, 0x34, 0x14, 0x14, 0x14, 0x14, 0x14, 0x14, 0x00, 0x00, 0x00,
	0x00, 0x00, 0x00, 0x00, 0x20, 0x20, 0x00, 0x00, 0x00, 0x00, 0x00, 0x00, 0x00, 0x00, 0x00, 0x00,
	0x00, 0x00, 0x00, 0x00, 0x00, 0x00, 0x00, 0x00, 0x20, 0x10, 0x60, 0x00, 0x00, 0x40, 0xc0, 0x40,
	0x40, 0x40, 0xe0, 0x00, 0x00, 0x00, 0x00, 0x00, 0x00, 0x00, 0x00, 0x00, 0x60, 0x90, 0x90, 0x60,
	0x00, 0xf0, 0x00, 0x00, 0x00, 0x00, 0x00, 0x00, 0x00, 0x00, 0x00, 0x00, 0x00, 0x00, 0x00, 0x48,
	0x24, 0x12, 0x12, 0x24, 0x48, 0x00, 0x00, 0x00, 0x00, 0x00, 0x00, 0x00, 0x41, 0x00, 0xc2, 0x00,
	0x42, 0x00, 0x44, 0x00, 0x44, 0x80, 0xe9, 0x80, 0x0a, 0x80, 0x14, 0x80, 0x17, 0xc0, 0x20, 0x80,
	0x00, 0x00, 0x00, 0x00, 0x00, 0x00, 0x00, 0x00, 0x00, 0x00, 0x41, 0x00, 0xc2, 0x00, 0x42, 0x00,
	0x44, 0x00, 0x45, 0x80, 0xea, 0x40, 0x08, 0x40, 0x10, 0x80, 0x11, 0x00, 0x23, 0xc0, 0x00, 0x00,
	0x00, 0x00, 0x00, 0x00, 0x00, 0x00, 0x00, 0x00, 0x61, 0x00, 0x92, 0x00, 0x22, 0x00, 0x14, 0x00,
	0x94, 0x80, 0x69, 0x80, 0x0a, 0x80, 0x14, 0x80, 0x17, 0xc0, 0x20, 0x80, 0x00, 0x00, 0x00, 0x00,
	0x00, 0x00, 0x00, 0x00, 0x00, 0x00, 0x00, 0x20, 0x20, 0x00, 0x20, 0x20, 0x40, 0x80, 0x88, 0x88,
	0x70, 0x02, 0x00, 0x00, 0x00, 0x04, 0x00, 0x04, 0x00, 0x0a, 0x00, 0x0a, 0x00, 0x11, 0x00, 0x11,
	0x00, 0x1f, 0x00, 0x20, 0x80, 0x20, 0x80, 0x71, 0xc0, 0x00, 0x00, 0x00, 0x00, 0x00, 0x00, 0x08,
	0x00, 0x00, 0x00, 0x04, 0x00, 0x04, 0x00, 0x0a, 0x00, 0x0a, 0x00, 0x11, 0x00, 0x11, 0x00, 0x1f,
	0x00, 0x20, 0x80, 0x20, 0x80, 0x71, 0xc0, 0x00, 0x00, 0x00, 0x00, 0x00, 0x00, 0x11, 0x00, 0x00,
	0x00, 0x04, 0x00, 0x04, 0x00, 0x0a, 0x00, 0x0a, 0x00, 0x11, 0x00, 0x11, 0x00, 0x1f, 0x00, 0x20,
	0x80, 0x20, 0x80, 0x71, 0xc0, 0x00, 0x00, 0x00, 0x00, 0x00, 0x00, 0x12, 0x00, 0x00, 0x00, 0x04,
	0x00, 0x04, 0x00, 0x0a, 0x00, 0x0a, 0x00, 0x11, 0x00, 0x11, 0x00, 0x1f, 0x00, 0x20, 0x80, 0x20,
	0x80, 0x71, 0xc0, 0x00, 0x00, 0x00, 0x00, 0x00, 0x00, 0x12, 0x00, 0x00, 0x00, 0x04, 0x00, 0x04,
	0x00, 0x0a, 0x00, 0x0a, 0x00, 0x11, 0x00, 0x11, 0x00, 0x1f, 0x00, 0x20, 0x80, 0x20, 0x80, 0x71,
	0xc0, 0x00, 0x00, 0x00, 0x00, 0x00, 0x00, 0x0c, 0x00, 0x00, 0x00, 0x04, 0x00, 0x04, 0x00, 0x0a,
	0x00, 0x0a, 0x00, 0x11, 0x00, 0x11, 0x00, 0x1f, 0x00, 0x20, 0x80, 0x20, 0x80, 0x71, 0xc0, 0x00,
	0x00, 0x00, 0x00, 0x00, 0x00, 0x00, 0x00, 0x00, 0x00, 0x0f, 0xf0, 0x06, 0x10, 0x0a, 0x00, 0x0a,
	0x20, 0x13, 0xe0, 0x12, 0x20, 0x1e, 0x00, 0x22, 0x10, 0x22, 0x10, 0x77, 0xf0, 0x00, 0x00, 0x00,
	0x00, 0x00, 0x00, 0x00, 0x00, 0x00, 0x00, 0x1e, 0x80, 0x31, 0x80, 0x20, 0x80, 0x40, 0x80, 0x40,
	0x00, 0x40, 0x00, 0x40, 0x00, 0x60, 0x80, 0x31, 0x00, 0x1e, 0x00, 0x04, 0x00, 0x02, 0x00, 0x0c,
	0x00, 0x04, 0x00, 0x00, 0x00, 0x7f, 0x00, 0x21, 0x00, 0x20, 0x00, 0x22, 0x00, 0x3e, 0x00, 0x22,
	0x00, 0x20, 0x00, 0x21, 0x00, 0x21, 0x00, 0x7f, 0x00, 0x00, 0x00, 0x00, 0x00, 0x00, 0x00, 0x08,
	0x00, 0x00, 0x00, 0x7f, 0x00, 0x21, 0x00, 0x20, 0x00, 0x22, 0x00, 0x3e, 0x00, 0x22, 0x00, 0x20,
	0x00, 0x21, 0x00, 0x21, 0x00, 0x7f, 0x00, 0x00, 0x00, 0x00, 0x00, 0x00, 0x00, 0x22, 0x00, 0x00,
	0x00, 0x7f, 0x00, 0x21, 0x00, 0x20, 0x00, 0x22, 0x00, 0x3e, 0x00, 0x22, 0x00, 0x20, 0x00, 0x21,
	0x00, 0x21, 0x00, 0x7f, 0x00, 0x00, 0x00, 0x00, 0x00, 0x00, 0x00, 0x12, 0x00, 0x00, 0x00, 0x7f,
	0x00, 0x21, 0x00, 0x20, 0x00, 0x22, 0x00, 0x3e, 0x00, 0x22, 0x00, 0x20, 0x00, 0x21, 0x00, 0x21,
	0x00, 0x7f, 0x00, 0x00, 0x00, 0x00, 0x00, 0x00, 0x00, 0x10, 0x00, 0x70, 0x20, 0x20, 0x20, 0x20,
	0x20, 0x20, 0x20, 0x20, 0x70, 0x00, 0x00, 0x00, 0x40, 0x00, 0x70, 0x20, 0x20, 0x20, 0x20, 0x20,
	0x20, 0x20, 0x20, 0x70, 0x00, 0x00, 0x00, 0x88, 0x00, 0x70, 0x20, 0x20, 0x20, 0x20, 0x20, 0x20,
	0x20, 0x20, 0x70, 0x00, 0x00, 0x00, 0x50, 0x00, 0x70, 0x20, 0x20, 0x20, 0x20, 0x20, 0x20, 0x20,
	0x20, 0x70, 0x00, 0x00, 0x00, 0x00, 0x00, 0x00, 0x00, 0xfe, 0x00, 0x23, 0x00, 0x21, 0x00, 0x20,
	0x80, 0xf8, 0x80, 0x20, 0x80, 0x20, 0x80, 0x21, 0x00, 0x23, 0x00, 0xfe, 0x00, 0x00, 0x00, 0x00,
	0x00, 0x00, 0x00, 0x12, 0x00, 0x00, 0x00, 0x71, 0xc0, 0x30, 0x80, 0x28, 0x80, 0x2c, 0x80, 0x24,
	0x80, 0x26, 0x80, 0x22, 0x80, 0x22, 0x80, 0x21, 0x80, 0x71, 0x80, 0x00, 0x00, 0x00, 0x00, 0x00,
	0x00, 0x04, 0x00, 0x00, 0x00, 0x1e, 0x00, 0x33, 0x00, 0x21, 0x00, 0x40, 0x80, 0x40, 0x80, 0x40,
	0x80, 0x40, 0x80, 0x21, 0x00, 0x33, 0x00, 0x1e, 0x00, 0x00, 0x00, 0x00, 0x00, 0x00, 0x00, 0x08,
	0x00, 0x00, 0x00, 0x1e, 0x00, 0x33, 0x00, 0x21, 0x00, 0x40, 0x80, 0x40, 0x80, 0x40, 0x80, 0x40,
	0x80, 0x21, 0x00, 0x33, 0x00, 0x1e, 0x00, 0x00, 0x00, 0x00, 0x00, 0x00, 0x00, 0x22, 0x00, 0x00,
	0x00, 0x1e, 0x00, 0x33, 0x00, 0x21, 0x00, 0x40, 0x80, 0x40, 0x80, 0x40, 0x80, 0x40, 0x80, 0x21,
	0x00, 0x33, 0x00, 0x1e, 0x00, 0x00, 0x00, 0x00, 0x00, 0x00, 0x00, 0x24, 0x00, 0x00, 0x00, 0x1e,
	0x00, 0x33, 0x00, 0x21, 0x00, 0x40, 0x80, 0x40, 0x80, 0x40, 0x80, 0x40, 0x80, 0x21, 0x00, 0x33,
	0x00, 0x1e, 0x00, 0x00, 0x00, 0x00, 0x00, 0x00, 0x00, 0x12, 0x00, 0x00, 0x00, 0x1e, 0x00, 0x33,
	0x00, 0x21, 0x00, 0x40, 0x80, 0x40, 0x80, 0x40, 0x80, 0x40, 0x80, 0x21, 0x00, 0x33, 0x00, 0x1e,
	0x00, 0x00, 0x00, 0x00, 0x00, 0x00, 0x00, 0x00, 0x00, 0x00, 0x00, 0x00, 0x41, 0x22, 0x14, 0x08,
	0x14, 0x22, 0x41, 0x00, 0x00, 0x00, 0x00, 0x00, 0x00, 0x80, 0x1f, 0x00, 0x31, 0x00, 0x23, 0x00,
	0x44, 0x80, 0x4c, 0x80, 0x48, 0x80, 0x50, 0x80, 0x31, 0x00, 0x63, 0x00, 0x5e, 0x00, 0x80, 0x00,
	0x00, 0x00, 0x00, 0x00, 0x04, 0x00, 0x00, 0x00, 0x73, 0x80, 0x21, 0x00, 0x21, 0x00, 0x21, 0x00,
	0x21, 0x00, 0x21, 0x00, 0x21, 0x00, 0x21, 0x00, 0x33, 0x00, 0x1e, 0x00, 0x00, 0x00, 0x00, 0x00,
	0x00, 0x00, 0x08, 0x00, 0x00, 0x00, 0x73, 0x80, 0x21, 0x00, 0x21, 0x00, 0x21, 0x00, 0x21, 0x00,
	0x21, 0x00, 0x21, 0x00, 0x21, 0x00, 0x33, 0x00, 0x1e, 0x00, 0x00, 0x00, 0x00, 0x00, 0x00, 0x00,
	0x22, 0x00, 0x00, 0x00, 0x73, 0x80, 0x21, 0x00, 0x21, 0x00, 0x21, 0x00, 0x21, 0x00, 0x21, 0x00,
	0x21, 0x00, 0x21, 0x00, 0x33, 0x00, 0x1e, 0x00, 0x00, 0x00, 0x00, 0x00, 0x00, 0x00, 0x12, 0x00,
	0x00, 0x00, 0x73, 0x80, 0x21, 0x00, 0x21, 0x00, 0x21, 0x00, 0x21, 0x00, 0x21, 0x00, 0x21, 0x00,
	0x21, 0x00, 0x33, 0x00, 0x1e, 0x00, 0x00, 0x00, 0x00, 0x00, 0x00, 0x00, 0x08, 0x00, 0x00, 0x00,
	0xe3, 0x80, 0x41, 0x00, 0x22, 0x00, 0x22, 0x00, 0x14, 0x00, 0x08, 0x00, 0x08, 0x00, 0x08, 0x00,
	0x08, 0x00, 0x1c, 0x00, 0x00, 0x00, 0x00, 0x00, 0x00, 0x00, 0x00, 0x00, 0x70, 0x20, 0x3c, 0x26,
	0x22, 0x22, 0x26, 0x3c, 0x20, 0x70, 0x00, 0x00, 0x00, 0x00, 0x00, 0x38, 0x6c, 0x44, 0x48, 0x70,
	0x58, 0x4c, 0x44, 0x54, 0xd8, 0x00, 0x00, 0x00, 0x00, 0x20, 0x30, 0x08, 0x00, 0x38, 0x64, 0x0c,
	0x34, 0x44, 0x64, 0x3a, 0x00, 0x00, 0x00, 0x00, 0x04, 0x0c, 0x10, 0x00, 0x38, 0x64, 0x0c, 0x34,
	0x44, 0x64, 0x3a, 0x00, 0x00, 0x00, 0x00, 0x10, 0x38, 0x44, 0x00, 0x38, 0x64, 0x0c, 0x34, 0x44,
	0x64, 0x3a, 0x00, 0x00, 0x00, 0x00, 0x24, 0x54, 0x48, 0x00, 0x38, 0x64, 0x0c, 0x34, 0x44, 0x64,
	0x3a, 0x00, 0x00, 0x00, 0x00, 0x00, 0x28, 0x28, 0x00, 0x38, 0x64, 0x0c, 0x34, 0x44, 0x64, 0x3a,
	0x00, 0x00, 0x00, 0x00, 0x18, 0x24, 0x18, 0x00, 0x38, 0x64, 0x0c, 0x34, 0x44, 0x64, 0x3a, 0x00,
	0x00, 0x00, 0x00, 0x00, 0x00, 0x00, 0x00, 0x00, 0x00, 0x00, 0x00, 0x00, 0x3f, 0x80, 0x64, 0xc0,
	0x0f, 0x80, 0x34, 0x00, 0x44, 0x00, 0x66, 0x40, 0x3b, 0x80, 0x00, 0x00, 0x00, 0x00, 0x00, 0x00,
	0x00, 0x00, 0x00, 0x00, 0x00, 0x38, 0x64, 0x40, 0x40, 0x40, 0x62, 0x3c, 0x10, 0x08, 0x30, 0x00,
	0x20, 0x30, 0x08, 0x00, 0x38, 0x44, 0x7c, 0x40, 0x40, 0x62, 0x3c, 0x00, 0x00, 0x00, 0x00, 0x04,
	0x0c, 0x10, 0x00, 0x38, 0x44, 0x7c, 0x40, 0x40, 0x62, 0x3c, 0x00, 0x00, 0x00, 0x00, 0x10, 0x38,
	0x44, 0x00, 0x38, 0x44, 0x7c, 0x40, 0x40, 0x62, 0x3c, 0x00, 0x00, 0x00, 0x00, 0x00, 0x28, 0x28,
	0x00, 0x38, 0x44, 0x7c, 0x40, 0x40, 0x62, 0x3c, 0x00, 0x00, 0x00, 0x00, 0x80, 0xc0, 0x20, 0x00,
	0xc0, 0x40, 0x40, 0x40, 0x40, 0x40, 0xe0, 0x00, 0x00, 0x00, 0x00, 0x20, 0x60, 0x80, 0x00, 0xc0,
	0x40, 0x40, 0x40, 0x40, 0x40, 0xe0, 0x00, 0x00, 0x00, 0x00, 0x40, 0xe0, 0xa0, 0x00, 0xc0, 0x40,
	0x40, 0x40, 0x40, 0x40, 0xe0, 0x00, 0x00, 0x00, 0x00, 0x00, 0xa0, 0xa0, 0x00, 0xc0, 0x40, 0x40,
	0x40, 0x40, 0x40, 0xe0, 0x00, 0x00, 0x00, 0x00, 0x00, 0x6c, 0x30, 0x48, 0x3c, 0x6c, 0x44, 0x44,
	0x44, 0x6c, 0x38, 0x00, 0x00, 0x00, 0x00, 0x24, 0x54, 0x48, 0x00, 0xd8, 0x6c, 0x44, 0x44, 0x44,
	0x44, 0xee, 0x00, 0x00, 0x00, 0x00, 0x20, 0x30, 0x08, 0x00, 0x38, 0x6c, 0x44, 0x44, 0x44, 0x6c,
	0x38, 0x00, 0x00, 0x00, 0x00, 0x08, 0x18, 0x20, 0x00, 0x38, 0x6c, 0x44, 0x44, 0x44, 0x6c, 0x38,
	0x00, 0x00, 0x00, 0x00, 0x10, 0x38, 0x44, 0x00, 0x38, 0x6c, 0x44, 0x44, 0x44, 0x6c, 0x38, 0x00,
	0x00, 0x00, 0x00, 0x24, 0x54, 0x48, 0x00, 0x38, 0x6c, 0x44, 0x44, 0x44, 0x6c, 0x38, 0x00, 0x00,
	0x00, 0x00, 0x00, 0x28, 0x28, 0x00, 0x38, 0x6c, 0x44, 0x44, 0x44, 0x6c, 0x38, 0x00, 0x00, 0x00,
	0x00, 0x00, 0x00, 0x00, 0x00, 0x08, 0x08, 0x00, 0x7f, 0x00, 0x08, 0x08, 0x00, 0x00, 0x00, 0x00,
	0x00, 0x00, 0x00, 0x02, 0x3c, 0x6c, 0x44, 0x44, 0x44, 0x6c, 0x78, 0x80, 0x00, 0x00, 0x00, 0x20,
	0x30, 0x08, 0x00, 0xcc, 0x44, 0x44, 0x44, 0x44, 0x6c, 0x36, 0x00, 0x00, 0x00, 0x00, 0x08, 0x18,
	0x20, 0x00, 0xcc, 0x44, 0x44, 0x44, 0x44, 0x6c, 0x36, 0x00, 0x00, 0x00, 0x00, 0x10, 0x38, 0x44,
	0x00, 0xcc, 0x44, 0x44, 0x44, 0x44, 0x6c, 0x36, 0x00, 0x00, 0x00, 0x00, 0x00, 0x28, 0x28, 0x00,
	0xcc, 0x44, 0x44, 0x44, 0x44, 0x6c, 0x36, 0x00, 0x00, 0x00, 0x00, 0x04, 0x0c, 0x10, 0x00, 0xee,
	0x44, 0x44, 0x28, 0x28, 0x10, 0x30, 0x20, 0xa0, 0xc0, 0x00, 0x00, 0xc0, 0x40, 0x40, 0x58, 0x6c,
	0x44, 0x44, 0x44, 0x6c, 0x58, 0x40, 0x40, 0xe0, 0x00, 0x00, 0x28, 0x28, 0x00, 0xee, 0x44, 0x44,
	0x28, 0x28, 0x10, 0x30, 0x20, 0xa0, 0xc0,
};
static unsigned short o_timR10[] = {
	0, 15, 30, 45, 60, 75, 105, 135, 150, 165, 180, 195,
	210, 225, 240, 255, 270, 285, 300, 315, 330, 345, 360, 375,
	390, 405, 420, 435, 450, 465, 480, 495, 510, 540, 570, 600,
	630, 660, 690, 705, 735, 765, 780, 795, 825, 855, 885, 915,
	945, 960, 990, 1020, 1035, 1065, 1095, 1125, 1155, 1185, 1215, 1230,
	1245, 1260, 1275, 1290, 1305, 1320, 1335, 1350, 1365, 1380, 1395, 1410,
	1425, 1440, 1455, 1470, 1485, 1500, 1530, 1545, 1560, 1575, 1590, 1605,
	1620, 1635, 1650, 1665, 1695, 1710, 1725, 1740, 1755, 1770, 1785, 1800,
	1815, 1830, 1845, 1860, 1875, 1890, 1905, 1920, 1935, 1950, 1965, 1980,
	1995, 2010, 2025, 2040, 2055, 2070, 2085, 2100, 2115, 2130, 2145, 2160,
	2175, 2190, 2205, 2220, 2235, 2250, 2265, 2280, 2295, 2310, 2325, 2340,
	2355, 2370, 2385, 2400, 2415, 2430, 2460, 2475, 2490, 2520, 2535, 2565,
	2580, 2595, 2610, 2625, 2640, 2655, 2670, 2685, 2700, 2715, 2730, 2745,
	2760, 2790, 2820, 2850, 2865, 2895, 2925, 2955, 2985, 3015, 3045, 3075,
	3105, 3135, 3165, 3195, 3225, 3240, 3255, 3270, 3285, 3315, 3345, 3375,
	3405, 3435, 3465, 3495, 3510, 3540, 3570, 3600, 3630, 3660, 3690, 3705,
	3720, 3735, 3750, 3765, 3780, 3795, 3810, 3840, 3855, 3870, 3885, 3900,
	3915, 3930, 3945, 3960, 3975, 3990, 4005, 4020, 4035, 4050, 4065, 4080,
	4095, 4110, 4125, 4140, 4155, 4170, 4185, 4200,
};
static unsigned char w_timR10[] = {
	3, 5, 6, 7, 7, 12, 11, 3, 5, 5, 7, 8, 4, 4, 4, 4,
	7, 7, 7, 7, 7, 7, 7, 7, 7, 7, 4, 4, 8, 8, 8, 6,
	13, 11, 9, 10, 10, 9, 8, 11, 10, 5, 6, 10, 9, 13, 11, 10,
	8, 10, 9, 8, 9, 10, 9, 13, 10, 9, 8, 5, 4, 5, 7, 7,
	5, 7, 7, 7, 7, 7, 4, 7, 7, 3, 4, 7, 3, 11, 7, 7,
	7, 7, 5, 6, 4, 7, 7, 11, 7, 7, 6, 7, 3, 7, 8, 6,
	6, 6, 6, 6, 6, 6, 6, 6, 6, 6, 6, 6, 6, 6, 6, 6,
	6, 6, 6, 6, 6, 6, 6, 6, 6, 6, 6, 6, 6, 6, 6, 6,
	3, 5, 7, 8, 7, 7, 3, 7, 5, 12, 4, 7, 9, 4, 12, 4,
	6, 8, 4, 4, 5, 7, 7, 4, 5, 4, 5, 7, 10, 10, 10, 6,
	11, 11, 11, 11, 11, 11, 13, 10, 9, 9, 9, 9, 5, 5, 5, 5,
	10, 11, 10, 10, 10, 10, 10, 8, 10, 10, 10, 10, 10, 9, 8, 7,
	7, 7, 7, 7, 7, 7, 11, 7, 7, 7, 7, 7, 3, 3, 3, 3,
	7, 7, 7, 7, 7, 7, 7, 8, 7, 7, 7, 7, 7, 7, 7, 7,
};

#define F_timR10 { "Tms Rmn", 10, 15, 12, 3, 400, 0, 0, 16, 6, 13, 0x20, 0xff, w_timR10, o_timR10, b_timR10 }

/* -Adobe-Times-Medium-R-Normal--17-120-100-100-P-84-ISO8859-1 timR12.pcf.gz sha256 11e58e277bc80380a85f73253ea9c2cf8082d66ab3ac7933a5b59d555fb46e98 */
static unsigned char b_timR12[] = {
	0x00, 0x00, 0x00, 0x00, 0x00, 0x00, 0x00, 0x00, 0x00, 0x00, 0x00, 0x00, 0x00, 0x00, 0x00, 0x00,
	0x00, 0x00, 0x00, 0x20, 0x20, 0x20, 0x20, 0x20, 0x20, 0x20, 0x00, 0x00, 0x20, 0x20, 0x00, 0x00,
	0x00, 0x00, 0x00, 0x00, 0x48, 0x48, 0x48, 0x00, 0x00, 0x00, 0x00, 0x00, 0x00, 0x00, 0x00, 0x00,
	0x00, 0x00, 0x00, 0x00, 0x00, 0x12, 0x12, 0x12, 0x7f, 0x24, 0x24, 0xfe, 0x48, 0x48, 0x48, 0x48,
	0x00, 0x00, 0x00, 0x00, 0x00, 0x10, 0x7c, 0x92, 0x92, 0x90, 0x50, 0x38, 0x14, 0x12, 0x92, 0x92,
	0x7c, 0x10, 0x00, 0x00, 0x00, 0x00, 0x00, 0x00, 0x00, 0x1c, 0x80, 0x27, 0x80, 0x45, 0x80, 0x45,
	0x00, 0x4b, 0x00, 0x32, 0x70, 0x06, 0x90, 0x05, 0x10, 0x0d, 0x10, 0x09, 0x20, 0x08, 0xc0, 0x00,
	0x00, 0x00, 0x00, 0x00, 0x00, 0x00, 0x00, 0x00, 0x00, 0x00, 0x00, 0x0c, 0x00, 0x12, 0x00, 0x12,
	0x00, 0x12, 0x00, 0x0c, 0xe0, 0x38, 0x40, 0x44, 0x80, 0x83, 0x00, 0x82, 0x10, 0x45, 0x20, 0x38,
	0xc0, 0x00, 0x00, 0x00, 0x00, 0x00, 0x00, 0x00, 0x00, 0x00, 0x00, 0x40, 0x40, 0x40, 0x00, 0x00,
	0x00, 0x00, 0x00, 0x00, 0x00, 0x00, 0x00, 0x00, 0x00, 0x00, 0x00, 0x00, 0x10, 0x20, 0x40, 0x40,
	0x80, 0x80, 0x80, 0x80, 0x80, 0x80, 0x40, 0x40, 0x20, 0x10, 0x00, 0x00, 0x00, 0x80, 0x80, 0x40,
	0x40, 0x20, 0x20, 0x20, 0x20, 0x20, 0x20, 0x40, 0x40, 0x80, 0x80, 0x00, 0x00, 0x00, 0x10, 0x54,
	0x38, 0x38, 0x54, 0x10, 0x00, 0x00, 0x00, 0x00, 0x00, 0x00, 0x00, 0x00, 0x00, 0x00, 0x00, 0x00,
	0x00, 0x00, 0x00, 0x00, 0x00, 0x00, 0x00, 0x08, 0x00, 0x08, 0x00, 0x08, 0x00, 0x7f, 0x00, 0x08,
	0x00, 0x08, 0x00, 0x08, 0x00, 0x00, 0x00, 0x00, 0x00, 0x00, 0x00, 0x00, 0x00, 0x00, 0x00, 0x00,
	0x00, 0x00, 0x00, 0x00, 0x00, 0x00, 0x00, 0x00, 0x00, 0x00, 0x20, 0x20, 0x40, 0x00, 0x00, 0x00,
	0x00, 0x00, 0x00, 0x00, 0x00, 0x00, 0x00, 0x00, 0xf0, 0x00, 0x00, 0x00, 0x00, 0x00, 0x00, 0x00,
	0x00, 0x00, 0x00, 0x00, 0x00, 0x00, 0x00, 0x00, 0x00, 0x00, 0x00, 0x00, 0x40, 0x40, 0x00, 0x00,
	0x00, 0x00, 0x00, 0x00, 0x08, 0x08, 0x08, 0x10, 0x10, 0x20, 0x20, 0x20, 0x40, 0x40, 0x40, 0x80,
	0x80, 0x00, 0x00, 0x00, 0x00, 0x38, 0x44, 0x44, 0x82, 0x82, 0x82, 0x82, 0x82, 0x44, 0x44, 0x38,
	0x00, 0x00, 0x00, 0x00, 0x00, 0x00, 0x10, 0x30, 0x50, 0x10, 0x10, 0x10, 0x10, 0x10, 0x10, 0x10,
	0x38, 0x00, 0x00, 0x00, 0x00, 0x00, 0x00, 0x38, 0x44, 0x82, 0x02, 0x02, 0x04, 0x08, 0x10, 0x20,
	0x42, 0xfc, 0x00, 0x00, 0x00, 0x00, 0x00, 0x00, 0x38, 0x44, 0x84, 0x08, 0x10, 0x38, 0x04, 0x02,
	0x02, 0xc4, 0x78, 0x00, 0x00, 0x00, 0x00, 0x00, 0x00, 0x04, 0x0c, 0x14, 0x14, 0x24, 0x44, 0x44,
	0x84, 0xfe, 0x04, 0x04, 0x00, 0x00, 0x00, 0x00, 0x00, 0x00, 0x3e, 0x20, 0x20, 0x40, 0x78, 0x04,
	0x02, 0x02, 0x02, 0x8c, 0x70, 0x00, 0x00, 0x00, 0x00, 0x00, 0x00, 0x0e, 0x30, 0x40, 0x40, 0x98,
	0xe4, 0x82, 0x82, 0x82, 0x44, 0x38, 0x00, 0x00, 0x00, 0x00, 0x00, 0x00, 0xfe, 0x82, 0x84, 0x04,
	0x08, 0x08, 0x10, 0x10, 0x10, 0x20, 0x20, 0x00, 0x00, 0x00, 0x00, 0x00, 0x00, 0x30, 0x48, 0x84,
	0x84, 0x48, 0x30, 0x48, 0x84, 0x84, 0x48, 0x30, 0x00, 0x00, 0x00, 0x00, 0x00, 0x00, 0x38, 0x44,
	0x82, 0x82, 0x82, 0x46, 0x3a, 0x04, 0x04, 0x18, 0xe0, 0x00, 0x00, 0x00, 0x00, 0x00, 0x00, 0x00,
	0x00, 0x00, 0x40, 0x40, 0x00, 0x00, 0x00, 0x00, 0x40, 0x40, 0x00, 0x00, 0x00, 0x00, 0x00, 0x00,
	0x00, 0x00, 0x00, 0x40, 0x40, 0x00, 0x00, 0x00, 0x00, 0x40, 0x40, 0x80, 0x00, 0x00, 0x00, 0x00,
	0x00, 0x00, 0x00, 0x00, 0x00, 0x00, 0x00, 0x03, 0x00, 0x0c, 0x00, 0x10, 0x00, 0x60, 0x00, 0x80,
	0x00, 0x60, 0x00, 0x10, 0x00, 0x0c, 0x00, 0x03, 0x00, 0x00, 0x00, 0x00, 0x00, 0x00, 0x00, 0x00,
	0x00, 0x00, 0x00, 0x00, 0x00, 0x00, 0x00, 0x00, 0x00, 0x00, 0x00, 0x00, 0x00, 0x00, 0x00, 0xfe,
	0x00, 0x00, 0x00, 0x00, 0x00, 0xfe, 0x00, 0x00, 0x00, 0x00, 0x00, 0x00, 0x00, 0x00, 0x00, 0x00,
	0x00, 0x00, 0x00, 0x00, 0x00, 0x00, 0x00, 0x00, 0x00, 0x00, 0x00, 0x60, 0x00, 0x18, 0x00, 0x04,
	0x00, 0x03, 0x00, 0x00, 0x80, 0x03, 0x00, 0x04, 0x00, 0x18, 0x00, 0x60, 0x00, 0x00, 0x00, 0x00,
	0x00, 0x00, 0x00, 0x00, 0x00, 0x00, 0x00, 0x38, 0x44, 0x44, 0x04, 0x08, 0x10, 0x10, 0x00, 0x00,
	0x10, 0x10, 0x00, 0x00, 0x00, 0x00, 0x00, 0x00, 0x00, 0x00, 0x07, 0xc0, 0x18, 0x30, 0x20, 0x08,
	0x41, 0xa8, 0x46, 0x64, 0x84, 0x44, 0x88, 0x44, 0x88, 0x44, 0x88, 0xc8, 0x89, 0x48, 0x46, 0x30,
	0x20, 0x00, 0x18, 0x30, 0x07, 0xc0, 0x00, 0x00, 0x00, 0x00, 0x00, 0x00, 0x04, 0x00, 0x06, 0x00,
	0x0a, 0x00, 0x0b, 0x00, 0x11, 0x00, 0x11, 0x80, 0x20, 0x80, 0x3f, 0x80, 0x40, 0xc0, 0x40, 0x40,
	0xe0, 0xf0, 0x00, 0x00, 0x00, 0x00, 0x00, 0x00, 0x00, 0x00, 0x00, 0x00, 0x00, 0x00, 0x7e, 0x00,
	0x23, 0x00, 0x21, 0x00, 0x21, 0x00, 0x22, 0x00, 0x3e, 0x00, 0x23, 0x00, 0x20, 0x80, 0x20, 0x80,
	0x21, 0x80, 0x7f, 0x00, 0x00, 0x00, 0x00, 0x00, 0x00, 0x00, 0x00, 0x00, 0x00, 0x00, 0x00, 0x00,
	0x1f, 0x40, 0x60, 0xc0, 0x40, 0x40, 0x80, 0x40, 0x80, 0x00, 0x80, 0x00, 0x80, 0x00, 0x80, 0x00,
	0x40, 0x40, 0x61, 0x80, 0x1e, 0x00, 0x00, 0x00, 0x00, 0x00, 0x00, 0x00, 0x00, 0x00, 0x00, 0x00,
	0x00, 0x00, 0xfc, 0x00, 0x43, 0x00, 0x40, 0x80, 0x40, 0x40, 0x40, 0x40, 0x40, 0x40, 0x40, 0x40,
	0x40, 0x40, 0x40, 0x80, 0x43, 0x00, 0xfc, 0x00, 0x00, 0x00, 0x00, 0x00, 0x00, 0x00, 0x00, 0x00,
	0x00, 0x00, 0x00, 0x00, 0xff, 0x00, 0x41, 0x00, 0x40, 0x00, 0x40, 0x00, 0x42, 0x00, 0x7e, 0x00,
	0x42, 0x00, 0x40, 0x00, 0x40, 0x00, 0x40, 0x80, 0xff, 0x00, 0x00, 0x00, 0x00, 0x00, 0x00, 0x00,
	0x00, 0x00, 0x00, 0x00, 0x00, 0x00, 0xff, 0x00, 0x41, 0x00, 0x40, 0x00, 0x40, 0x00, 0x42, 0x00,
	0x7e, 0x00, 0x42, 0x00, 0x40, 0x00, 0x40, 0x00, 0x40, 0x00, 0xe0, 0x00, 0x00, 0x00, 0x00, 0x00,
	0x00, 0x00, 0x00, 0x00, 0x00, 0x00, 0x00, 0x00, 0x0f, 0x40, 0x30, 0xc0, 0x40, 0x40, 0x80, 0x00,
	0x80, 0x00, 0x81, 0xe0, 0x80, 0x40, 0x80, 0x40, 0x40, 0x40, 0x30, 0xc0, 0x0f, 0x00, 0x00, 0x00,
	0x00, 0x00, 0x00, 0x00, 0x00, 0x00, 0x00, 0x00, 0x00, 0x00, 0xe1, 0xc0, 0x40, 0x80, 0x40, 0x80,
	0x40, 0x80, 0x40, 0x80, 0x7f, 0x80, 0x40, 0x80, 0x40, 0x80, 0x40, 0x80, 0x40, 0x80, 0xe1, 0xc0,
	0x00, 0x00, 0x00, 0x00, 0x00, 0x00, 0x00, 0x00, 0x00, 0x00, 0xe0, 0x40, 0x40, 0x40, 0x40, 0x40,
	0x40, 0x40, 0x40, 0x40, 0xe0, 0x00, 0x00, 0x00, 0x00, 0x00, 0x00, 0x38, 0x10, 0x10, 0x10, 0x10,
	0x10, 0x10, 0x10, 0x90, 0x90, 0x60, 0x00, 0x00, 0x00, 0x00, 0x00, 0x00, 0x00, 0x00, 0x79, 0xe0,
	0x20, 0x80, 0x21, 0x00, 0x22, 0x00, 0x24, 0x00, 0x38, 0x00, 0x24, 0x00, 0x22, 0x00, 0x21, 0x00,
	0x20, 0x80, 0x79, 0xe0, 0x00, 0x00, 0x00, 0x00, 0x00, 0x00, 0x00, 0x00, 0x00, 0x00, 0x00, 0x00,
	0xe0, 0x00, 0x40, 0x00, 0x40, 0x00, 0x40, 0x00, 0x40, 0x00, 0x40, 0x00, 0x40, 0x00, 0x40, 0x00,
	0x40, 0x00, 0x41, 0x00, 0xfe, 0x00, 0x00, 0x00, 0x00, 0x00, 0x00, 0x00, 0x00, 0x00, 0x00, 0x00,
	0x00, 0x00, 0xe0, 0x38, 0x60, 0x30, 0x50, 0x50, 0x50, 0x50, 0x48, 0x90, 0x48, 0x90, 0x48, 0x90,
	0x45, 0x10, 0x45, 0x10, 0x42, 0x10, 0xe2, 0x38, 0x00, 0x00, 0x00, 0x00, 0x00, 0x00, 0x00, 0x00,
	0x00, 0x00, 0x00, 0x00, 0xe1, 0xc0, 0x60, 0x80, 0x50, 0x80, 0x50, 0x80, 0x48, 0x80, 0x48, 0x80,
	0x44, 0x80, 0x42, 0x80, 0x42, 0x80, 0x41, 0x80, 0xf0, 0x80, 0x00, 0x00, 0x00, 0x00, 0x00, 0x00,
	0x00, 0x00, 0x00, 0x00, 0x00, 0x00, 0x0e, 0x00, 0x31, 0x80, 0x20, 0x80, 0x40, 0x40, 0x40, 0x40,
	0x40, 0x40, 0x40, 0x40, 0x40, 0x40, 0x20, 0x80, 0x31, 0x80, 0x0e, 0x00, 0x00, 0x00, 0x00, 0x00,
	0x00, 0x00, 0x00, 0x00, 0x00, 0x00, 0x00, 0x00, 0xfc, 0x00, 0x42, 0x00, 0x41, 0x00, 0x41, 0x00,
	0x42, 0x00, 0x7c, 0x00, 0x40, 0x00, 0x40, 0x00, 0x40, 0x00, 0x40, 0x00, 0xe0, 0x00, 0x00, 0x00,
	0x00, 0x00, 0x00, 0x00, 0x00, 0x00, 0x00, 0x00, 0x00, 0x00, 0x0e, 0x00, 0x31, 0x80, 0x20, 0x80,
	0x40, 0x40, 0x40, 0x40, 0x40, 0x40, 0x40, 0x40, 0x40, 0x40, 0x20, 0x80, 0x31, 0x80, 0x1e, 0x00,
	0x06, 0x00, 0x03, 0x00, 0x00, 0xe0, 0x00, 0x00, 0x00, 0x00, 0x00, 0x00, 0xfc, 0x00, 0x42, 0x00,
	0x41, 0x00, 0x41, 0x00, 0x42, 0x00, 0x7c, 0x00, 0x48, 0x00, 0x44, 0x00, 0x42, 0x00, 0x41, 0x00,
	0xe1, 0xc0, 0x00, 0x00, 0x00, 0x00, 0x00, 0x00, 0x00, 0x00, 0x00, 0x00, 0x00, 0x00, 0x3a, 0x00,
	0x46, 0x00, 0x82, 0x00, 0x80, 0x00, 0x60, 0x00, 0x1c, 0x00, 0x02, 0x00, 0x01, 0x00, 0x81, 0x00,
	0xc2, 0x00, 0xbc, 0x00, 0x00, 0x00, 0x00, 0x00, 0x00, 0x00, 0x00, 0x00, 0x00, 0x00, 0x00, 0x00,
	0xff, 0x80, 0x88, 0x80, 0x88, 0x80, 0x08, 0x00, 0x08, 0x00, 0x08, 0x00, 0x08, 0x00, 0x08, 0x00,
	0x08, 0x00, 0x08, 0x00, 0x1c, 0x00, 0x00, 0x00, 0x00, 0x00, 0x00, 0x00, 0x00, 0x00, 0x00, 0x00,
	0x00, 0x00, 0xe1, 0xc0, 0x40, 0x80, 0x40, 0x80, 0x40, 0x80, 0x40, 0x80, 0x40, 0x80, 0x40, 0x80,
	0x40, 0x80, 0x40, 0x80, 0x21, 0x00, 0x1e, 0x00, 0x00, 0x00, 0x00, 0x00, 0x00, 0x00, 0x00, 0x00,
	0x00, 0x00, 0x00, 0x00, 0xe0, 0xe0, 0x40, 0x40, 0x20, 0x80, 0x20, 0x80, 0x11, 0x00, 0x11, 0x00,
	0x11, 0x00, 0x0a, 0x00, 0x0a, 0x00, 0x04, 0x00, 0x04, 0x00, 0x00, 0x00, 0x00, 0x00, 0x00, 0x00,
	0x00, 0x00, 0x00, 0x00, 0x00, 0x00, 0xe7, 0x0e, 0x42, 0x04, 0x21, 0x08, 0x21, 0x08, 0x11, 0x88,
	0x12, 0x90, 0x12, 0x90, 0x0a, 0x50, 0x0a, 0x50, 0x04, 0x20, 0x04, 0x20, 0x00, 0x00, 0x00, 0x00,
	0x00, 0x00, 0x00, 0x00, 0x00, 0x00, 0x00, 0x00, 0xe0, 0xe0, 0x40, 0x40, 0x20, 0x80, 0x11, 0x00,
	0x0a, 0x00, 0x04, 0x00, 0x0a, 0x00, 0x11, 0x00, 0x20, 0x80, 0x40, 0x40, 0xe0, 0xe0, 0x00, 0x00,
	0x00, 0x00, 0x00, 0x00, 0x00, 0x00, 0x00, 0x00, 0x00, 0x00, 0xe0, 0xe0, 0x40, 0x40, 0x20, 0x80,
	0x11, 0x00, 0x11, 0x00, 0x0a, 0x00, 0x04, 0x00, 0x04, 0x00, 0x04, 0x00, 0x04, 0x00, 0x0e, 0x00,
	0x00, 0x00, 0x00, 0x00, 0x00, 0x00, 0x00, 0x00, 0x00, 0x00, 0x00, 0x00, 0xff, 0x80, 0x81, 0x00,
	0x82, 0x00, 0x04, 0x00, 0x04, 0x00, 0x08, 0x00, 0x10, 0x00, 0x20, 0x00, 0x20, 0x00, 0x40, 0x80,
	0xff, 0x00, 0x00, 0x00, 0x00, 0x00, 0x00, 0x00, 0x00, 0x00, 0x00, 0x00, 0x70, 0x40, 0x40, 0x40,
	0x40, 0x40, 0x40, 0x40, 0x40, 0x40, 0x40, 0x40, 0x40, 0x70, 0x00, 0x00, 0x00, 0x80, 0x80, 0x80,
	0x40, 0x40, 0x20, 0x20, 0x10, 0x10, 0x08, 0x08, 0x00, 0x00, 0x00, 0x00, 0x00, 0x00, 0xe0, 0x20,
	0x20, 0x20, 0x20, 0x20, 0x20, 0x20, 0x20, 0x20, 0x20, 0x20, 0x20, 0xe0, 0x00, 0x00, 0x00, 0x10,
	0x28, 0x28, 0x44, 0x44, 0x82, 0x82, 0x00, 0x00, 0x00, 0x00, 0x00, 0x00, 0x00, 0x00, 0x00, 0x00,
	0x00, 0x00, 0x00, 0x00, 0x00, 0x00, 0x00, 0x00, 0x00, 0x00, 0x00, 0x00, 0xff, 0x00, 0x00, 0x00,
	0x00, 0x40, 0x20, 0x10, 0x00, 0x00, 0x00, 0x00, 0x00, 0x00, 0x00, 0x00, 0x00, 0x00, 0x00, 0x00,
	0x00, 0x00, 0x00, 0x00, 0x00, 0x38, 0x44, 0x44, 0x1c, 0x64, 0x44, 0x4e, 0x36, 0x00, 0x00, 0x00,
	0x00, 0x00, 0x00, 0x40, 0xc0, 0x40, 0x5c, 0x64, 0x42, 0x42, 0x42, 0x42, 0x64, 0x38, 0x00, 0x00,
	0x00, 0x00, 0x00, 0x00, 0x00, 0x00, 0x00, 0x38, 0x44, 0x84, 0x80, 0x80, 0x80, 0x44, 0x38, 0x00,
	0x00, 0x00, 0x00, 0x00, 0x00, 0x04, 0x0c, 0x04, 0x34, 0x4c, 0x84, 0x84, 0x84, 0x84, 0x4e, 0x34,
	0x00, 0x00, 0x00, 0x00, 0x00, 0x00, 0x00, 0x00, 0x00, 0x38, 0x44, 0x84, 0xfc, 0x80, 0x80, 0x44,
	0x38, 0x00, 0x00, 0x00, 0x00, 0x00, 0x00, 0x18, 0x24, 0x20, 0x20, 0x78, 0x20, 0x20, 0x20, 0x20,
	0x20, 0x78, 0x00, 0x00, 0x00, 0x00, 0x00, 0x00, 0x00, 0x00, 0x00, 0x36, 0x4c, 0x84, 0x84, 0x48,
	0x70, 0x80, 0x7c, 0x82, 0x82, 0xc4, 0x78, 0x00, 0x00, 0x40, 0xc0, 0x40, 0x5c, 0x66, 0x42, 0x42,
	0x42, 0x42, 0x42, 0xe7, 0x00, 0x00, 0x00, 0x00, 0x00, 0x00, 0x20, 0x20, 0x00, 0x20, 0x60, 0x20,
	0x20, 0x20, 0x20, 0x20, 0x70, 0x00, 0x00, 0x00, 0x00, 0x00, 0x00, 0x20, 0x20, 0x00, 0x20, 0x60,
	0x20, 0x20, 0x20, 0x20, 0x20, 0x20, 0x20, 0x20, 0xa0, 0xc0, 0x00, 0x00, 0x20, 0x60, 0x20, 0x2e,
	0x24, 0x28, 0x30, 0x28, 0x24, 0x22, 0x77, 0x00, 0x00, 0x00, 0x00, 0x00, 0x00, 0x20, 0x60, 0x20,
	0x20, 0x20, 0x20, 0x20, 0x20, 0x20, 0x20, 0x70, 0x00, 0x00, 0x00, 0x00, 0x00, 0x00, 0x00, 0x00,
	0x00, 0x00, 0x00, 0x00, 0x00, 0x00, 0x2c, 0xc0, 0x73, 0x20, 0x22, 0x20, 0x22, 0x20, 0x22, 0x20,
	0x22, 0x20, 0x22, 0x20, 0x77, 0x70, 0x00, 0x00, 0x00, 0x00, 0x00, 0x00, 0x00, 0x00, 0x00, 0x00,
	0x00, 0x00, 0x00, 0x5c, 0xe6, 0x42, 0x42, 0x42, 0x42, 0x42, 0xe7, 0x00, 0x00, 0x00, 0x00, 0x00,
	0x00, 0x00, 0x00, 0x00, 0x38, 0x44, 0x82, 0x82, 0x82, 0x82, 0x44, 0x38, 0x00, 0x00, 0x00, 0x00,
	0x00, 0x00, 0x00, 0x00, 0x00, 0x5c, 0xe6, 0x42, 0x42, 0x42, 0x42, 0x62, 0x5c, 0x40, 0x40, 0x40,
	0xe0, 0x00, 0x00, 0x00, 0x00, 0x00, 0x3a, 0x66, 0x42, 0x42, 0x42, 0x42, 0x66, 0x3a, 0x02, 0x02,
	0x02, 0x07, 0x00, 0x00, 0x00, 0x00, 0x00, 0x58, 0xe8, 0x40, 0x40, 0x40, 0x40, 0x40, 0xe0, 0x00,
	0x00, 0x00, 0x00, 0x00, 0x00, 0x00, 0x00, 0x00, 0x78, 0x88, 0x80, 0x70, 0x08, 0x88, 0xc8, 0xb0,
	0x00, 0x00, 0x00, 0x00, 0x00, 0x00, 0x00, 0x40, 0x40, 0xf0, 0x40, 0x40, 0x40, 0x40, 0x40, 0x50,
	0x20, 0x00, 0x00, 0x00, 0x00, 0x00, 0x00, 0x00, 0x00, 0x00, 0xc6, 0x42, 0x42, 0x42, 0x42, 0x42,
	0x47, 0x3a, 0x00, 0x00, 0x00, 0x00, 0x00, 0x00, 0x00, 0x00, 0x00, 0xe7, 0x42, 0x42, 0x24, 0x24,
	0x14, 0x18, 0x08, 0x00, 0x00, 0x00, 0x00, 0x00, 0x00, 0x00, 0x00, 0x00, 0x00, 0x00, 0x00, 0x00,
	0x00, 0xee, 0x70, 0x44, 0x20, 0x44, 0x20, 0x22, 0x40, 0x22, 0x40, 0x15, 0x40, 0x08, 0x80, 0x08,
	0x80, 0x00, 0x00, 0x00, 0x00, 0x00, 0x00, 0x00, 0x00, 0x00, 0x00, 0x00, 0x00, 0x00, 0xee, 0x44,
	0x28, 0x10, 0x28, 0x28, 0x44, 0xee, 0x00, 0x00, 0x00, 0x00, 0x00, 0x00, 0x00, 0x00, 0x00, 0xf7,
	0x42, 0x42, 0x24, 0x24, 0x14, 0x08, 0x08, 0x10, 0x10, 0xa0, 0xc0, 0x00, 0x00, 0x00, 0x00, 0x00,
	0xfc, 0x84, 0x08, 0x10, 0x20, 0x40, 0x84, 0xfc, 0x00, 0x00, 0x00, 0x00, 0x00, 0x00, 0x0c, 0x10,
	0x10, 0x10, 0x10, 0x10, 0x20, 0x10, 0x10, 0x10, 0x10, 0x10, 0x10, 0x0c, 0x00, 0x00, 0x00, 0x80,
	0x80, 0x80, 0x80, 0x80, 0x80, 0x80, 0x80, 0x80, 0x80, 0x80, 0x00, 0x00, 0x00, 0x00, 0x00, 0x00,
	0xc0, 0x20, 0x20, 0x20, 0x20, 0x20, 0x10, 0x20, 0x20, 0x20, 0x20, 0x20, 0x20, 0xc0, 0x00, 0x00,
	0x00, 0x00, 0x00, 0x00, 0x00, 0x00, 0x00, 0x00, 0x00, 0x00, 0x00, 0x00, 0x00, 0x71, 0x00, 0x99,
	0x00, 0x8e, 0x00, 0x00, 0x00, 0x00, 0x00, 0x00, 0x00, 0x00, 0x00, 0x00, 0x00, 0x00, 0x00, 0x00,
	0x00, 0x00, 0x00, 0x38, 0x44, 0x44, 0x04, 0x08, 0x10, 0x10, 0x00, 0x00, 0x10, 0x10, 0x00, 0x00,
	0x00, 0x00, 0x00, 0x00, 0x38, 0x44, 0x44, 0x04, 0x08, 0x10, 0x10, 0x00, 0x00, 0x10, 0x10, 0x00,
	0x00, 0x00, 0x00, 0x00, 0x00, 0x38, 0x44, 0x44, 0x04, 0x08, 0x10, 0x10, 0x00, 0x00, 0x10, 0x10,
	0x00, 0x00, 0x00, 0x00, 0x00, 0x00, 0x38, 0x44, 0x44, 0x04, 0x08, 0x10, 0x10, 0x00, 0x00, 0x10,
	0x10, 0x00, 0x00, 0x00, 0x00, 0x00, 0x00, 0x38, 0x44, 0x44, 0x04, 0x08, 0x10, 0x10, 0x00, 0x00,
	0x10, 0x10, 0x00, 0x00, 0x00, 0x00, 0x00, 0x00, 0x38, 0x44, 0x44, 0x04, 0x08, 0x10, 0x10, 0x00,
	0x00, 0x10, 0x10, 0x00, 0x00, 0x00, 0x00, 0x00, 0x00, 0x38, 0x44, 0x44, 0x04, 0x08, 0x10, 0x10,
	0x00, 0x00, 0x10, 0x10, 0x00, 0x00, 0x00, 0x00, 0x00, 0x00, 0x38, 0x44, 0x44, 0x04, 0x08, 0x10,
	0x10, 0x00, 0x00, 0x10, 0x10, 0x00, 0x00, 0x00, 0x00, 0x00, 0x00, 0x38, 0x44, 0x44, 0x04, 0x08,
	0x10, 0x10, 0x00, 0x00, 0x10, 0x10, 0x00, 0x00, 0x00, 0x00, 0x00, 0x00, 0x38, 0x44, 0x44, 0x04,
	0x08, 0x10, 0x10, 0x00, 0x00, 0x10, 0x10, 0x00, 0x00, 0x00, 0x00, 0x00, 0x00, 0x38, 0x44, 0x44,
	0x04, 0x08, 0x10, 0x10, 0x00, 0x00, 0x10, 0x10, 0x00, 0x00, 0x00, 0x00, 0x00, 0x00, 0x38, 0x44,
	0x44, 0x04, 0x08, 0x10, 0x10, 0x00, 0x00, 0x10, 0x10, 0x00, 0x00, 0x00, 0x00, 0x00, 0x00, 0x38,
	0x44, 0x44, 0x04, 0x08, 0x10, 0x10, 0x00, 0x00, 0x10, 0x10, 0x00, 0x00, 0x00, 0x00, 0x00, 0x00,
	0x38, 0x44, 0x44, 0x04, 0x08, 0x10, 0x10, 0x00, 0x00, 0x10, 0x10, 0x00, 0x00, 0x00, 0x00, 0x00,
	0x00, 0x38, 0x44, 0x44, 0x04, 0x08, 0x10, 0x10, 0x00, 0x00, 0x10, 0x10, 0x00, 0x00, 0x00, 0x00,
	0x00, 0x00, 0x38, 0x44, 0x44, 0x04, 0x08, 0x10, 0x10, 0x00, 0x00, 0x10, 0x10, 0x00, 0x00, 0x00,
	0x00, 0x00, 0x00, 0x38, 0x44, 0x44, 0x04, 0x08, 0x10, 0x10, 0x00, 0x00, 0x10, 0x10, 0x00, 0x00,
	0x00, 0x00, 0x00, 0x00, 0x38, 0x44, 0x44, 0x04, 0x08, 0x10, 0x10, 0x00, 0x00, 0x10, 0x10, 0x00,
	0x00, 0x00, 0x00, 0x00, 0x00, 0x38, 0x44, 0x44, 0x04, 0x08, 0x10, 0x10, 0x00, 0x00, 0x10, 0x10,
	0x00, 0x00, 0x00, 0x00, 0x00, 0x00, 0x38, 0x44, 0x44, 0x04, 0x08, 0x10, 0x10, 0x00, 0x00, 0x10,
	0x10, 0x00, 0x00, 0x00, 0x00, 0x00, 0x00, 0x38, 0x44, 0x44, 0x04, 0x08, 0x10, 0x10, 0x00, 0x00,
	0x10, 0x10, 0x00, 0x00, 0x00, 0x00, 0x00, 0x00, 0x38, 0x44, 0x44, 0x04, 0x08, 0x10, 0x10, 0x00,
	0x00, 0x10, 0x10, 0x00, 0x00, 0x00, 0x00, 0x00, 0x00, 0x38, 0x44, 0x44, 0x04, 0x08, 0x10, 0x10,
	0x00, 0x00, 0x10, 0x10, 0x00, 0x00, 0x00, 0x00, 0x00, 0x00, 0x38, 0x44, 0x44, 0x04, 0x08, 0x10,
	0x10, 0x00, 0x00, 0x10, 0x10, 0x00, 0x00, 0x00, 0x00, 0x00, 0x00, 0x38, 0x44, 0x44, 0x04, 0x08,
	0x10, 0x10, 0x00, 0x00, 0x10, 0x10, 0x00, 0x00, 0x00, 0x00, 0x00, 0x00, 0x38, 0x44, 0x44, 0x04,
	0x08, 0x10, 0x10, 0x00, 0x00, 0x10, 0x10, 0x00, 0x00, 0x00, 0x00, 0x00, 0x00, 0x38, 0x44, 0x44,
	0x04, 0x08, 0x10, 0x10, 0x00, 0x00, 0x10, 0x10, 0x00, 0x00, 0x00, 0x00, 0x00, 0x00, 0x38, 0x44,
	0x44, 0x04, 0x08, 0x10, 0x10, 0x00, 0x00, 0x10, 0x10, 0x00, 0x00, 0x00, 0x00, 0x00, 0x00, 0x38,
	0x44, 0x44, 0x04, 0x08, 0x10, 0x10, 0x00, 0x00, 0x10, 0x10, 0x00, 0x00, 0x00, 0x00, 0x00, 0x00,
	0x38, 0x44, 0x44, 0x04, 0x08, 0x10, 0x10, 0x00, 0x00, 0x10, 0x10, 0x00, 0x00, 0x00, 0x00, 0x00,
	0x00, 0x38, 0x44, 0x44, 0x04, 0x08, 0x10, 0x10, 0x00, 0x00, 0x10, 0x10, 0x00, 0x00, 0x00, 0x00,
	0x00, 0x00, 0x38, 0x44, 0x44, 0x04, 0x08, 0x10, 0x10, 0x00, 0x00, 0x10, 0x10, 0x00, 0x00, 0x00,
	0x00, 0x00, 0x00, 0x38, 0x44, 0x44, 0x04, 0x08, 0x10, 0x10, 0x00, 0x00, 0x10, 0x10, 0x00, 0x00,
	0x00, 0x00, 0x00, 0x00, 0x00, 0x00, 0x00, 0x00, 0x00, 0x00, 0x00, 0x00, 0x00, 0x00, 0x00, 0x00,
	0x00, 0x00, 0x00, 0x00, 0x00, 0x00, 0x00, 0x00, 0x20, 0x20, 0x00, 0x00, 0x20, 0x20, 0x20, 0x20,
	0x20, 0x20, 0x20, 0x00, 0x00, 0x00, 0x00, 0x04, 0x04, 0x3c, 0x4a, 0x8a, 0x88, 0x90, 0x92, 0x54,
	0x38, 0x20, 0x20, 0x00, 0x00, 0x00, 0x00, 0x0c, 0x12, 0x22, 0x20, 0x20, 0xfc, 0x10, 0x10, 0x71,
	0x91, 0x6e, 0x00, 0x00, 0x00, 0x00, 0x00, 0x00, 0x00, 0x99, 0x66, 0x42, 0x81, 0x81, 0x81, 0x42,
	0x66, 0x99, 0x00, 0x00, 0x00, 0x00, 0x00, 0x00, 0x00, 0xc7, 0x82, 0x44, 0x28, 0x10, 0x7c, 0x10,
	0x7c, 0x10, 0x10, 0x38, 0x00, 0x00, 0x00, 0x00, 0x00, 0x00, 0x80, 0x80, 0x80, 0x80, 0x80, 0x00,
	0x80, 0x80, 0x80, 0x80, 0x80, 0x00, 0x00, 0x00, 0x00, 0x00, 0x00, 0x38, 0x44, 0x4c, 0x20, 0x50,
	0x88, 0x84, 0x42, 0x22, 0x14, 0x08, 0x64, 0x44, 0x38, 0x00, 0x00, 0x00, 0x48, 0x48, 0x00, 0x00,
	0x00, 0x00, 0x00, 0x00, 0x00, 0x00, 0x00, 0x00, 0x00, 0x00, 0x00, 0x00, 0x00, 0x00, 0x00, 0x0e,
	0x00, 0x31, 0x80, 0x40, 0x40, 0x4e, 0x40, 0x91, 0x20, 0x90, 0x20, 0x90, 0x20, 0x51, 0x40, 0x4e,
	0x40, 0x31, 0x80, 0x0e, 0x00, 0x00, 0x00, 0x00, 0x00, 0x00, 0x00, 0x00, 0x00, 0x00, 0x00, 0x60,
	0x10, 0x70, 0x90, 0x50, 0xf0, 0x00, 0x00, 0x00, 0x00, 0x00, 0x00, 0x00, 0x00, 0x00, 0x00, 0x00,
	0x00, 0x00, 0x00, 0x00, 0x12, 0x24, 0x48, 0x90, 0x48, 0x24, 0x12, 0x00, 0x00, 0x00, 0x00, 0x00,
	0x00, 0x00, 0x00, 0x00, 0x00, 0x00, 0x00, 0x00, 0x00, 0x00, 0x00, 0x00, 0x00, 0x00, 0x00, 0xff,
	0x00, 0x01, 0x00, 0x01, 0x00, 0x01, 0x00, 0x01, 0x00, 0x00, 0x00, 0x00, 0x00, 0x00, 0x00, 0x00,
	0x00, 0x00, 0x00, 0x00, 0x00, 0x00, 0x00, 0x00, 0x00, 0xf0, 0x00, 0x00, 0x00, 0x00, 0x00, 0x00,
	0x00, 0x00, 0x00, 0x00, 0x00, 0x00, 0x0e, 0x00, 0x31, 0x80, 0x40, 0x40, 0x4e, 0x40, 0x89, 0x20,
	0x8e, 0x20, 0x8a, 0x20, 0x4a, 0x40, 0x49, 0x40, 0x31, 0x80, 0x0e, 0x00, 0x00, 0x00, 0x00, 0x00,
	0x00, 0x00, 0x00, 0x00, 0x00, 0x00, 0x00, 0xf8, 0x00, 0x00, 0x00, 0x00, 0x00, 0x00, 0x00, 0x00,
	0x00, 0x00, 0x00, 0x00, 0x00, 0x00, 0x00, 0x38, 0x44, 0x44, 0x44, 0x38, 0x00, 0x00, 0x00, 0x00,
	0x00, 0x00, 0x00, 0x00, 0x00, 0x00, 0x00, 0x00, 0x00, 0x00, 0x00, 0x00, 0x00, 0x00, 0x08, 0x00,
	0x08, 0x00, 0x08, 0x00, 0x7f, 0x00, 0x08, 0x00, 0x08, 0x00, 0x08, 0x00, 0x00, 0x00, 0x7f, 0x00,
	0x00, 0x00, 0x00, 0x00, 0x00, 0x00, 0x00, 0x00, 0x00, 0x00, 0x70, 0x88, 0x08, 0x10, 0x20, 0x48,
	0xf8, 0x00, 0x00, 0x00, 0x00, 0x00, 0x00, 0x00, 0x00, 0x00, 0x00, 0x70, 0x88, 0x08, 0x30, 0x08,
	0x88, 0xf0, 0x00, 0x00, 0x00, 0x00, 0x00, 0x00, 0x00, 0x00, 0x00, 0x00, 0x08, 0x10, 0x20, 0x00,
	0x00, 0x00, 0x00, 0x00, 0x00, 0x00, 0x00, 0x00, 0x00, 0x00, 0x00, 0x00, 0x00, 0x00, 0x00, 0x00,
	0xc6, 0x42, 0x42, 0x42, 0x42, 0x42, 0x47, 0x7a, 0x40, 0x40, 0x40, 0x00, 0x00, 0x00, 0x3e, 0x74,
	0xf4, 0xf4, 0xf4, 0x74, 0x34, 0x14, 0x14, 0x14, 0x14, 0x14, 0x14, 0x14, 0x14, 0x00, 0x00, 0x00,
	0x00, 0x00, 0x00, 0x00, 0x40, 0x40, 0x00, 0x00, 0x00, 0x00, 0x00, 0x00, 0x00, 0x00, 0x00, 0x00,
	0x00, 0x00, 0x00, 0x00, 0x00, 0x00, 0x00, 0x00, 0x00, 0x00, 0x00, 0x20, 0x70, 0x10, 0xe0, 0x00,
	0x00, 0x20, 0x60, 0x20, 0x20, 0x20, 0x20, 0x70, 0x00, 0x00, 0x00, 0x00, 0x00, 0x00, 0x00, 0x00,
	0x00, 0x00, 0x60, 0x90, 0x90, 0x90, 0x60, 0xf0, 0x00, 0x00, 0x00, 0x00, 0x00, 0x00, 0x00, 0x00,
	0x00, 0x00, 0x00, 0x00, 0x00, 0x00, 0x00, 0x90, 0x48, 0x24, 0x12, 0x24, 0x48, 0x90, 0x00, 0x00,
	0x00, 0x00, 0x00, 0x00, 0x00, 0x00, 0x20, 0x40, 0x60, 0x80, 0x21, 0x80, 0x21, 0x00, 0x22, 0x20,
	0x26, 0x60, 0x74, 0xa0, 0x0c, 0xa0, 0x09, 0x20, 0x13, 0xf0, 0x20, 0x20, 0x00, 0x00, 0x00, 0x00,
	0x00, 0x00, 0x00, 0x00, 0x00, 0x00, 0x00, 0x00, 0x40, 0x80, 0xc1, 0x00, 0x43, 0x00, 0x42, 0x00,
	0x44, 0xe0, 0x4d, 0x10, 0xe8, 0x10, 0x18, 0x20, 0x10, 0x40, 0x20, 0x90, 0x41, 0xf0, 0x00, 0x00,
	0x00, 0x00, 0x00, 0x00, 0x00, 0x00, 0x00, 0x00, 0x00, 0x00, 0x70, 0x40, 0x88, 0x80, 0x09, 0x80,
	0x31, 0x00, 0x0a, 0x20, 0x8e, 0x60, 0xf4, 0xa0, 0x0c, 0xa0, 0x09, 0x20, 0x13, 0xf0, 0x10, 0x20,
	0x00, 0x00, 0x00, 0x00, 0x00, 0x00, 0x00, 0x00, 0x00, 0x00, 0x00, 0x00, 0x00, 0x10, 0x10, 0x00,
	0x00, 0x10, 0x10, 0x20, 0x40, 0x44, 0x44, 0x38, 0x00, 0x02, 0x00, 0x00, 0x00, 0x04, 0x00, 0x06,
	0x00, 0x0a, 0x00, 0x0b, 0x00, 0x11, 0x00, 0x11, 0x80, 0x20, 0x80, 0x3f, 0x80, 0x40, 0xc0, 0x40,
	0x40, 0xe0, 0xf0, 0x00, 0x00, 0x00, 0x00, 0x00, 0x00, 0x00, 0x00, 0x04, 0x00, 0x00, 0x00, 0x04,
	0x00, 0x06, 0x00, 0x0a, 0x00, 0x0b, 0x00, 0x11, 0x00, 0x11, 0x80, 0x20, 0x80, 0x3f, 0x80, 0x40,
	0xc0, 0x40, 0x40, 0xe0, 0xf0, 0x00, 0x00, 0x00, 0x00, 0x00, 0x00, 0x00, 0x00, 0x11, 0x00, 0x00,
	0x00, 0x04, 0x00, 0x06, 0x00, 0x0a, 0x00, 0x0b, 0x00, 0x11, 0x00, 0x11, 0x80, 0x20, 0x80, 0x3f,
	0x80, 0x40, 0xc0, 0x40, 0x40, 0xe0, 0xf0, 0x00, 0x00, 0x00, 0x00, 0x00, 0x00, 0x00, 0x00, 0x16,
	0x00, 0x00, 0x00, 0x04, 0x00, 0x06, 0x00, 0x0a, 0x00, 0x0b, 0x00, 0x11, 0x00, 0x11, 0x80, 0x20,
	0x80, 0x3f, 0x80, 0x40, 0xc0, 0x40, 0x40, 0xe0, 0xf0, 0x00, 0x00, 0x00, 0x00, 0x00, 0x00, 0x00,
	0x00, 0x09, 0x00, 0x00, 0x00, 0x04, 0x00, 0x06, 0x00, 0x0a, 0x00, 0x0b, 0x00, 0x11, 0x00, 0x11,
	0x80, 0x20, 0x80, 0x3f, 0x80, 0x40, 0xc0, 0x40, 0x40, 0xe0, 0xf0, 0x00, 0x00, 0x00, 0x00, 0x00,
	0x00, 0x00, 0x00, 0x09, 0x00, 0x09, 0x00, 0x06, 0x00, 0x06, 0x00, 0x0a, 0x00, 0x0b, 0x00, 0x11,
	0x00, 0x11, 0x80, 0x20, 0x80, 0x3f, 0x80, 0x40, 0xc0, 0x40, 0x40, 0xe0, 0xf0, 0x00, 0x00, 0x00,
	0x00, 0x00, 0x00, 0x00, 0x00, 0x00, 0x00, 0x00, 0x00, 0x07, 0xf8, 0x03, 0x08, 0x05, 0x08, 0x09,
	0x00, 0x09, 0x10, 0x11, 0xf0, 0x1f, 0x10, 0x21, 0x00, 0x21, 0x00, 0x41, 0x04, 0xf3, 0xf8, 0x00,
	0x00, 0x00, 0x00, 0x00, 0x00, 0x00, 0x00, 0x00, 0x00, 0x00, 0x00, 0x0f, 0x40, 0x30, 0xc0, 0x40,
	0x40, 0x80, 0x40, 0x80, 0x00, 0x80, 0x00, 0x80, 0x00, 0x80, 0x00, 0x40, 0x40, 0x31, 0x80, 0x0e,
	0x00, 0x04, 0x00, 0x0e, 0x00, 0x02, 0x00, 0x1c, 0x00, 0x08, 0x00, 0x00, 0x00, 0xff, 0x00, 0x41,
	0x00, 0x40, 0x00, 0x40, 0x00, 0x42, 0x00, 0x7e, 0x00, 0x42, 0x00, 0x40, 0x00, 0x40, 0x00, 0x40,
	0x80, 0xff, 0x00, 0x00, 0x00, 0x00, 0x00, 0x00, 0x00, 0x00, 0x00, 0x08, 0x00, 0x00, 0x00, 0xff,
	0x00, 0x41, 0x00, 0x41, 0x00, 0x40, 0x00, 0x42, 0x00, 0x7e, 0x00, 0x42, 0x00, 0x40, 0x00, 0x40,
	0x00, 0x40, 0x80, 0xff, 0x00, 0x00, 0x00, 0x00, 0x00, 0x00, 0x00, 0x00, 0x00, 0x22, 0x00, 0x00,
	0x00, 0xff, 0x00, 0x41, 0x00, 0x40, 0x00, 0x40, 0x00, 0x42, 0x00, 0x7e, 0x00, 0x42, 0x00, 0x40,
	0x00, 0x40, 0x00, 0x40, 0x80, 0xff, 0x00, 0x00, 0x00, 0x00, 0x00, 0x00, 0x00, 0x00, 0x00, 0x24,
	0x00, 0x00, 0x00, 0xff, 0x00, 0x41, 0x00, 0x40, 0x00, 0x40, 0x00, 0x42, 0x00, 0x7e, 0x00, 0x42,
	0x00, 0x40, 0x00, 0x40, 0x00, 0x40, 0x80, 0xff, 0x00, 0x00, 0x00, 0x00, 0x00, 0x00, 0x00, 0x00,
	0x00, 0x40, 0x00, 0xe0, 0x40, 0x40, 0x40, 0x40, 0x40, 0x40, 0x40, 0x40, 0x40, 0xe0, 0x00, 0x00,
	0x00, 0x00, 0x20, 0x00, 0xe0, 0x40, 0x40, 0x40, 0x40, 0x40, 0x40, 0x40, 0x40, 0x40, 0xe0, 0x00,
	0x00, 0x00, 0x00, 0x90, 0x00, 0xe0, 0x40, 0x40, 0x40, 0x40, 0x40, 0x40, 0x40, 0x40, 0x40, 0xe0,
	0x00, 0x00, 0x00, 0x00, 0xa0, 0x00, 0xe0, 0x40, 0x40, 0x40, 0x40, 0x40, 0x40, 0x40, 0x40, 0x40,
	0xe0, 0x00, 0x00, 0x00, 0x00, 0x00, 0x00, 0x00, 0x00, 0x7e, 0x00, 0x21, 0x80, 0x20, 0x40, 0x20,
	0x20, 0x20, 0x20, 0x7c, 0x20, 0x20, 0x20, 0x20, 0x20, 0x20, 0x40, 0x21, 0x80, 0x7e, 0x00, 0x00,
	0x00, 0x00, 0x00, 0x00, 0x00, 0x00, 0x00, 0x16, 0x00, 0x00, 0x00, 0xe1, 0xc0, 0x60, 0x80, 0x50,
	0x80, 0x50, 0x80, 0x48, 0x80, 0x48, 0x80, 0x44, 0x80, 0x42, 0x80, 0x42, 0x80, 0x41, 0x80, 0xf0,
	0x80, 0x00, 0x00, 0x00, 0x00, 0x00, 0x00, 0x00, 0x00, 0x04, 0x00, 0x00, 0x00, 0x0e, 0x00, 0x31,
	0x80, 0x20, 0x80, 0x40, 0x40, 0x40, 0x40, 0x40, 0x40, 0x40, 0x40, 0x40, 0x40, 0x20, 0x80, 0x31,
	0x80, 0x0e, 0x00, 0x00, 0x00, 0x00, 0x00, 0x00, 0x00, 0x00, 0x00, 0x04, 0x00, 0x00, 0x00, 0x0e,
	0x00, 0x31, 0x80, 0x20, 0x80, 0x40, 0x40, 0x40, 0x40, 0x40, 0x40, 0x40, 0x40, 0x40, 0x40, 0x20,
	0x80, 0x31, 0x80, 0x0e, 0x00, 0x00, 0x00, 0x00, 0x00, 0x00, 0x00, 0x00, 0x00, 0x11, 0x00, 0x00,
	0x00, 0x0e, 0x00, 0x31, 0x80, 0x20, 0x80, 0x40, 0x40, 0x40, 0x40, 0x40, 0x40, 0x40, 0x40, 0x40,
	0x40, 0x20, 0x80, 0x31, 0x80, 0x0e, 0x00, 0x00, 0x00, 0x00, 0x00, 0x00, 0x00, 0x00, 0x00, 0x16,
	0x00, 0x00, 0x00, 0x0e, 0x00, 0x31, 0x80, 0x20, 0x80, 0x40, 0x40, 0x40, 0x40, 0x40, 0x40, 0x40,
	0x40, 0x40, 0x40, 0x20, 0x80, 0x31, 0x80, 0x0e, 0x00, 0x00, 0x00, 0x00, 0x00, 0x00, 0x00, 0x00,
	0x00, 0x11, 0x00, 0x00, 0x00, 0x0e, 0x00, 0x31, 0x80, 0x20, 0x80, 0x40, 0x40, 0x40, 0x40, 0x40,
	0x40, 0x40, 0x40, 0x40, 0x40, 0x20, 0x80, 0x31, 0x80, 0x0e, 0x00, 0x00, 0x00, 0x00, 0x00, 0x00,
	0x00, 0x00, 0x00, 0x00, 0x00, 0x00, 0x00, 0x00, 0x00, 0x00, 0x00, 0x00, 0x00, 0x00, 0x00, 0x41,
	0x00, 0x22, 0x00, 0x14, 0x00, 0x08, 0x00, 0x14, 0x00, 0x22, 0x00, 0x41, 0x00, 0x00, 0x00, 0x00,
	0x00, 0x00, 0x00, 0x00, 0x00, 0x00, 0x00, 0x00, 0x40, 0x0e, 0x40, 0x31, 0x80, 0x41, 0x40, 0x82,
	0x20, 0x84, 0x20, 0x84, 0x20, 0x88, 0x20, 0x90, 0x20, 0x50, 0x40, 0x31, 0x80, 0x4e, 0x00, 0x40,
	0x00, 0x00, 0x00, 0x00, 0x00, 0x00, 0x00, 0x04, 0x00, 0x00, 0x00, 0xe1, 0xc0, 0x40, 0x80, 0x40,
	0x80, 0x40, 0x80, 0x40, 0x80, 0x40, 0x80, 0x40, 0x80, 0x40, 0x80, 0x40, 0x80, 0x21, 0x00, 0x1e,
	0x00, 0x00, 0x00, 0x00, 0x00, 0x00, 0x00, 0x00, 0x00, 0x04, 0x00, 0x00, 0x00, 0xe1, 0xc0, 0x40,
	0x80, 0x40, 0x80, 0x40, 0x80, 0x40, 0x80, 0x40, 0x80, 0x40, 0x80, 0x40, 0x80, 0x40, 0x80, 0x21,
	0x00, 0x1e, 0x00, 0x00, 0x00, 0x00, 0x00, 0x00, 0x00, 0x00, 0x00, 0x11, 0x00, 0x00, 0x00, 0xe1,
	0xc0, 0x40, 0x80, 0x40, 0x80, 0x40, 0x80, 0x40, 0x80, 0x40, 0x80, 0x40, 0x80, 0x40, 0x80, 0x40,
	0x80, 0x21, 0x00, 0x1e, 0x00, 0x00, 0x00, 0x00, 0x00, 0x00, 0x00, 0x00, 0x00, 0x12, 0x00, 0x00,
	0x00, 0xe1, 0xc0, 0x40, 0x80, 0x40, 0x80, 0x40, 0x80, 0x40, 0x80, 0x40, 0x80, 0x40, 0x80, 0x40,
	0x80, 0x40, 0x80, 0x21, 0x00, 0x1e, 0x00, 0x00, 0x00, 0x00, 0x00, 0x00, 0x00, 0x00, 0x00, 0x02,
	0x00, 0x00, 0x00, 0xe0, 0xe0, 0x40, 0x40, 0x20, 0x80, 0x11, 0x00, 0x11, 0x00, 0x0a, 0x00, 0x04,
	0x00, 0x04, 0x00, 0x04, 0x00, 0x04, 0x00, 0x0e, 0x00, 0x00, 0x00, 0x00, 0x00, 0x00, 0x00, 0x00,
	0x00, 0x00, 0x00, 0x00, 0x00, 0xe0, 0x00, 0x40, 0x00, 0x7c, 0x00, 0x42, 0x00, 0x41, 0x00, 0x41,
	0x00, 0x42, 0x00, 0x7c, 0x00, 0x40, 0x00, 0x40, 0x00, 0xe0, 0x00, 0x00, 0x00, 0x00, 0x00, 0x00,
	0x00, 0x00, 0x00, 0x00, 0x00, 0x38, 0x44, 0x44, 0x44, 0x48, 0x58, 0x44, 0x42, 0x42, 0x52, 0xcc,
	0x00, 0x00, 0x00, 0x00, 0x00, 0x20, 0x10, 0x08, 0x00, 0x38, 0x44, 0x44, 0x1c, 0x64, 0x44, 0x4e,
	0x32, 0x00, 0x00, 0x00, 0x00, 0x00, 0x04, 0x08, 0x10, 0x00, 0x38, 0x44, 0x44, 0x1c, 0x64, 0x44,
	0x4e, 0x32, 0x00, 0x00, 0x00, 0x00, 0x00, 0x10, 0x28, 0x44, 0x00, 0x38, 0x44, 0x44, 0x1c, 0x64,
	0x44, 0x4e, 0x32, 0x00, 0x00, 0x00, 0x00, 0x00, 0x00, 0x34, 0x58, 0x00, 0x38, 0x44, 0x44, 0x1c,
	0x64, 0x44, 0x4e, 0x32, 0x00, 0x00, 0x00, 0x00, 0x00, 0x00, 0x24, 0x24, 0x00, 0x38, 0x44, 0x44,
	0x1c, 0x64, 0x44, 0x4e, 0x32, 0x00, 0x00, 0x00, 0x00, 0x00, 0x10, 0x28, 0x28, 0x10, 0x38, 0x44,
	0x44, 0x1c, 0x64, 0x44, 0x4e, 0x32, 0x00, 0x00, 0x00, 0x00, 0x00, 0x00, 0x00, 0x00, 0x00, 0x00,
	0x00, 0x00, 0x00, 0x00, 0x39, 0x80, 0x46, 0x40, 0x44, 0x40, 0x1f, 0xc0, 0x64, 0x00, 0x44, 0x00,
	0x4e, 0x40, 0x31, 0x80, 0x00, 0x00, 0x00, 0x00, 0x00, 0x00, 0x00, 0x00, 0x00, 0x00, 0x00, 0x00,
	0x00, 0x38, 0x44, 0x84, 0x80, 0x80, 0x80, 0x44, 0x38, 0x10, 0x38, 0x08, 0x70, 0x00, 0x40, 0x20,
	0x10, 0x00, 0x38, 0x44, 0x84, 0xfc, 0x80, 0x80, 0x44, 0x38, 0x00, 0x00, 0x00, 0x00, 0x00, 0x04,
	0x08, 0x10, 0x00, 0x38, 0x44, 0x84, 0xfc, 0x80, 0x80, 0x44, 0x38, 0x00, 0x00, 0x00, 0x00, 0x00,
	0x10, 0x28, 0x44, 0x00, 0x38, 0x44, 0x84, 0xfc, 0x80, 0x80, 0x44, 0x38, 0x00, 0x00, 0x00, 0x00,
	0x00, 0x00, 0x48, 0x48, 0x00, 0x38, 0x44, 0x84, 0xfc, 0x80, 0x80, 0x44, 0x38, 0x00, 0x00, 0x00,
	0x00, 0x00, 0x80, 0x40, 0x20, 0x00, 0x40, 0xc0, 0x40, 0x40, 0x40, 0x40, 0x40, 0xe0, 0x00, 0x00,
	0x00, 0x00, 0x00, 0x20, 0x40, 0x80, 0x00, 0x40, 0xc0, 0x40, 0x40, 0x40, 0x40, 0x40, 0xe0, 0x00,
	0x00, 0x00, 0x00, 0x00, 0x40, 0xa0, 0x90, 0x00, 0x40, 0xc0, 0x40, 0x40, 0x40, 0x40, 0x40, 0xe0,
	0x00, 0x00, 0x00, 0x00, 0x00, 0x00, 0xa0, 0xa0, 0x00, 0x40, 0xc0, 0x40, 0x40, 0x40, 0x40, 0x40,
	0xe0, 0x00, 0x00, 0x00, 0x00, 0x00, 0x00, 0x6c, 0x30, 0xc8, 0x3c, 0x44, 0x82, 0x82, 0x82, 0x82,
	0x44, 0x38, 0x00, 0x00, 0x00, 0x00, 0x00, 0x00, 0x68, 0xb0, 0x00, 0xb8, 0xcc, 0x84, 0x84, 0x84,
	0x84, 0x84, 0xce, 0x00, 0x00, 0x00, 0x00, 0x00, 0x20, 0x10, 0x08, 0x00, 0x38, 0x44, 0x82, 0x82,
	0x82, 0x82, 0x44, 0x38, 0x00, 0x00, 0x00, 0x00, 0x00, 0x04, 0x08, 0x10, 0x00, 0x38, 0x44, 0x82,
	0x82, 0x82, 0x82, 0x44, 0x38, 0x00, 0x00, 0x00, 0x00, 0x00, 0x10, 0x28, 0x44, 0x00, 0x38, 0x44,
	0x82, 0x82, 0x82, 0x82, 0x44, 0x38, 0x00, 0x00, 0x00, 0x00, 0x00, 0x00, 0x34, 0x58, 0x00, 0x38,
	0x44, 0x82, 0x82, 0x82, 0x82, 0x44, 0x38, 0x00, 0x00, 0x00, 0x00, 0x00, 0x00, 0x48, 0x48, 0x00,
	0x38, 0x44, 0x82, 0x82, 0x82, 0x82, 0x44, 0x38, 0x00, 0x00, 0x00, 0x00, 0x00, 0x00, 0x00, 0x00,
	0x00, 0x00, 0x00, 0x00, 0x10, 0x00, 0x10, 0x00, 0x00, 0x00, 0x00, 0x00, 0xff, 0x00, 0x00, 0x00,
	0x00, 0x00, 0x10, 0x00, 0x10, 0x00, 0x00, 0x00, 0x00, 0x00, 0x00, 0x00, 0x00, 0x00, 0x00, 0x00,
	0x00, 0x02, 0x02, 0x3c, 0x44, 0x8a, 0x92, 0x92, 0xa2, 0x64, 0x38, 0x40, 0x40, 0x00, 0x00, 0x00,
	0x40, 0x20, 0x10, 0x00, 0x8c, 0x84, 0x84, 0x84, 0x84, 0x84, 0x8c, 0x76, 0x00, 0x00, 0x00, 0x00,
	0x00, 0x08, 0x10, 0x20, 0x00, 0x8c, 0x84, 0x84, 0x84, 0x84, 0x84, 0x8c, 0x76, 0x00, 0x00, 0x00,
	0x00, 0x00, 0x20, 0x50, 0x88, 0x00, 0x8c, 0x84, 0x84, 0x84, 0x84, 0x84, 0x8c, 0x76, 0x00, 0x00,
	0x00, 0x00, 0x00, 0x00, 0x48, 0x48, 0x00, 0x8c, 0x84, 0x84, 0x84, 0x84, 0x84, 0x8c, 0x76, 0x00,
	0x00, 0x00, 0x00, 0x00, 0x04, 0x08, 0x10, 0x00, 0xee, 0x84, 0x84, 0x48, 0x48, 0x28, 0x10, 0x10,
	0x20, 0x20, 0xc0, 0x80, 0x00, 0x00, 0x80, 0x80, 0x80, 0xb8, 0xc4, 0x82, 0x82, 0x82, 0x82, 0xc4,
	0xb8, 0x80, 0x80, 0x80, 0xc0, 0x00, 0x00, 0x48, 0x48, 0x00, 0xee, 0x84, 0xc4, 0x48, 0x68, 0x28,
	0x30, 0x10, 0x20, 0x20, 0xc0, 0x80,
};
static unsigned short o_timR12[] = {
	0, 17, 34, 51, 68, 85, 119, 153, 170, 187, 204, 221,
	255, 272, 289, 306, 323, 340, 357, 374, 391, 408, 425, 442,
	459, 476, 493, 510, 527, 561, 595, 629, 646, 680, 714, 748,
	782, 816, 850, 884, 918, 952, 969, 986, 1020, 1054, 1088, 1122,
	1156, 1190, 1224, 1258, 1292, 1326, 1360, 1394, 1428, 1462, 1496, 1530,
	1547, 1564, 1581, 1598, 1615, 1632, 1649, 1666, 1683, 1700, 1717, 1734,
	1751, 1768, 1785, 1802, 1819, 1836, 1870, 1887, 1904, 1921, 1938, 1955,
	1972, 1989, 2006, 2023, 2057, 2074, 2091, 2108, 2125, 2142, 2159, 2193,
	2210, 2227, 2244, 2261, 2278, 2295, 2312, 2329, 2346, 2363, 2380, 2397,
	2414, 2431, 2448, 2465, 2482, 2499, 2516, 2533, 2550, 2567, 2584, 2601,
	2618, 2635, 2652, 2669, 2686, 2703, 2720, 2737, 2754, 2771, 2788, 2805,
	2822, 2839, 2856, 2873, 2890, 2907, 2941, 2958, 2975, 3009, 3026, 3060,
	3077, 3094, 3128, 3145, 3162, 3179, 3196, 3213, 3230, 3247, 3264, 3281,
	3298, 3332, 3366, 3400, 3417, 3451, 3485, 3519, 3553, 3587, 3621, 3655,
	3689, 3723, 3757, 3791, 3825, 3842, 3859, 3876, 3893, 3927, 3961, 3995,
	4029, 4063, 4097, 4131, 4165, 4199, 4233, 4267, 4301, 4335, 4369, 4403,
	4420, 4437, 4454, 4471, 4488, 4505, 4522, 4556, 4573, 4590, 4607, 4624,
	4641, 4658, 4675, 4692, 4709, 4726, 4743, 4760, 4777, 4794, 4811, 4828,
	4862, 4879, 4896, 4913, 4930, 4947, 4964, 4981,
};
static unsigned char w_timR12[] = {
	4, 5, 7, 8, 8, 14, 13, 3, 5, 5, 8, 9, 4, 5, 4, 5,
	8, 8, 8, 8, 8, 8, 8, 8, 8, 8, 4, 4, 9, 9, 9, 7,
	15, 12, 11, 11, 12, 10, 9, 12, 12, 5, 6, 12, 10, 15, 12, 12,
	9, 12, 11, 9, 10, 12, 12, 16, 12, 12, 10, 5, 5, 5, 8, 8,
	6, 7, 8, 7, 8, 7, 6, 8, 8, 5, 4, 8, 5, 13, 8, 8,
	8, 8, 6, 6, 5, 8, 8, 12, 8, 8, 7, 8, 3, 8, 9, 7,
	7, 7, 7, 7, 7, 7, 7, 7, 7, 7, 7, 7, 7, 7, 7, 7,
	7, 7, 7, 7, 7, 7, 7, 7, 7, 7, 7, 7, 7, 7, 7, 7,
	4, 5, 8, 8, 8, 8, 3, 8, 6, 13, 5, 8, 9, 5, 13, 6,
	7, 9, 5, 5, 6, 8, 8, 4, 6, 5, 5, 8, 13, 13, 13, 7,
	12, 12, 12, 12, 12, 12, 15, 11, 10, 10, 10, 10, 5, 5, 5, 5,
	12, 12, 12, 12, 12, 12, 12, 9, 12, 12, 12, 12, 12, 12, 9, 8,
	7, 7, 7, 7, 7, 7, 11, 7, 7, 7, 7, 7, 5, 5, 5, 5,
	8, 8, 8, 8, 8, 8, 8, 9, 8, 8, 8, 8, 8, 8, 8, 8,
};

#define F_timR12 { "Tms Rmn", 12, 17, 13, 4, 400, 0, 0, 16, 7, 16, 0x20, 0xff, w_timR12, o_timR12, b_timR12 }

/* -Adobe-Times-Bold-R-Normal--17-120-100-100-P-88-ISO8859-1 timB12.pcf.gz sha256 fce499994d49ef2662c0b459f400873828fbb7eca5097fc4b2b0c4a95bb1051c */
static unsigned char b_timB12[] = {
	0x00, 0x00, 0x00, 0x00, 0x00, 0x00, 0x00, 0x00, 0x00, 0x00, 0x00, 0x00, 0x00, 0x00, 0x00, 0x00,
	0x00, 0x00, 0x00, 0x00, 0x00, 0x30, 0x30, 0x30, 0x30, 0x30, 0x20, 0x20, 0x00, 0x00, 0x30, 0x30,
	0x00, 0x00, 0x00, 0x00, 0x00, 0x00, 0x00, 0x00, 0x00, 0x00, 0x6c, 0x00, 0x6c, 0x00, 0x6c, 0x00,
	0x48, 0x00, 0x48, 0x00, 0x00, 0x00, 0x00, 0x00, 0x00, 0x00, 0x00, 0x00, 0x00, 0x00, 0x00, 0x00,
	0x00, 0x00, 0x00, 0x00, 0x00, 0x00, 0x00, 0x00, 0x00, 0x00, 0x00, 0x12, 0x12, 0x12, 0x7f, 0x24,
	0x24, 0x24, 0xfe, 0x48, 0x48, 0x48, 0x00, 0x00, 0x00, 0x00, 0x00, 0x00, 0x10, 0x7a, 0x96, 0xd2,
	0xf0, 0x78, 0x3c, 0x1e, 0x16, 0x92, 0xd2, 0xbc, 0x10, 0x00, 0x00, 0x00, 0x00, 0x00, 0x00, 0x00,
	0x0c, 0x20, 0x1b, 0xc0, 0x32, 0x40, 0x32, 0x40, 0x32, 0x80, 0x34, 0x98, 0x19, 0x34, 0x02, 0x64,
	0x02, 0x64, 0x04, 0x64, 0x04, 0x68, 0x08, 0x30, 0x00, 0x00, 0x00, 0x00, 0x00, 0x00, 0x00, 0x00,
	0x00, 0x00, 0x00, 0x00, 0x00, 0x00, 0x07, 0x00, 0x09, 0x80, 0x09, 0x80, 0x0d, 0x00, 0x0e, 0x70,
	0x1e, 0x20, 0x27, 0x20, 0x23, 0x40, 0x31, 0x90, 0x39, 0xf0, 0x1e, 0xe0, 0x00, 0x00, 0x00, 0x00,
	0x00, 0x00, 0x00, 0x00, 0x00, 0x00, 0x00, 0x30, 0x30, 0x30, 0x20, 0x20, 0x00, 0x00, 0x00, 0x00,
	0x00, 0x00, 0x00, 0x00, 0x00, 0x00, 0x00, 0x00, 0x00, 0x08, 0x10, 0x30, 0x20, 0x60, 0x60, 0x60,
	0x60, 0x60, 0x60, 0x20, 0x30, 0x10, 0x08, 0x00, 0x00, 0x00, 0x00, 0x80, 0x40, 0x60, 0x20, 0x30,
	0x30, 0x30, 0x30, 0x30, 0x30, 0x20, 0x60, 0x40, 0x80, 0x00, 0x00, 0x00, 0x00, 0x10, 0x54, 0x7c,
	0x38, 0x7c, 0x54, 0x10, 0x00, 0x00, 0x00, 0x00, 0x00, 0x00, 0x00, 0x00, 0x00, 0x00, 0x00, 0x00,
	0x00, 0x00, 0x00, 0x00, 0x00, 0x00, 0x00, 0x00, 0x08, 0x00, 0x08, 0x00, 0x08, 0x00, 0x7f, 0x00,
	0x7f, 0x00, 0x08, 0x00, 0x08, 0x00, 0x08, 0x00, 0x00, 0x00, 0x00, 0x00, 0x00, 0x00, 0x00, 0x00,
	0x00, 0x00, 0x00, 0x00, 0x00, 0x00, 0x00, 0x00, 0x00, 0x00, 0x00, 0x00, 0x60, 0x60, 0x20, 0x20,
	0x40, 0x00, 0x00, 0x00, 0x00, 0x00, 0x00, 0x00, 0x00, 0x00, 0x00, 0xf0, 0xf0, 0x00, 0x00, 0x00,
	0x00, 0x00, 0x00, 0x00, 0x00, 0x00, 0x00, 0x00, 0x00, 0x00, 0x00, 0x00, 0x00, 0x00, 0x00, 0x00,
	0x60, 0x60, 0x00, 0x00, 0x00, 0x00, 0x00, 0x00, 0x00, 0x10, 0x30, 0x20, 0x20, 0x60, 0x40, 0x40,
	0x40, 0xc0, 0x80, 0x80, 0x00, 0x00, 0x00, 0x00, 0x00, 0x00, 0x00, 0x18, 0x24, 0x66, 0x66, 0x66,
	0x66, 0x66, 0x66, 0x66, 0x24, 0x18, 0x00, 0x00, 0x00, 0x00, 0x00, 0x00, 0x00, 0x08, 0x78, 0x18,
	0x18, 0x18, 0x18, 0x18, 0x18, 0x18, 0x18, 0x7e, 0x00, 0x00, 0x00, 0x00, 0x00, 0x00, 0x00, 0x38,
	0x7c, 0x9c, 0x0c, 0x0c, 0x08, 0x18, 0x10, 0x22, 0x7c, 0xfc, 0x00, 0x00, 0x00, 0x00, 0x00, 0x00,
	0x00, 0x38, 0x7c, 0x8c, 0x08, 0x10, 0x3c, 0x0e, 0x06, 0xc6, 0xcc, 0x78, 0x00, 0x00, 0x00, 0x00,
	0x00, 0x00, 0x00, 0x04, 0x0c, 0x1c, 0x2c, 0x2c, 0x4c, 0x8c, 0xfe, 0xfe, 0x0c, 0x0c, 0x00, 0x00,
	0x00, 0x00, 0x00, 0x00, 0x00, 0x1f, 0x3e, 0x20, 0x38, 0x7c, 0x0e, 0x06, 0x06, 0xc6, 0xcc, 0x70,
	0x00, 0x00, 0x00, 0x00, 0x00, 0x00, 0x00, 0x06, 0x18, 0x30, 0x30, 0x78, 0x66, 0x66, 0x66, 0x66,
	0x24, 0x18, 0x00, 0x00, 0x00, 0x00, 0x00, 0x00, 0x00, 0x7e, 0x7e, 0x84, 0x04, 0x0c, 0x08, 0x08,
	0x18, 0x10, 0x30, 0x20, 0x00, 0x00, 0x00, 0x00, 0x00, 0x00, 0x00, 0x38, 0x44, 0xc6, 0xe4, 0x78,
	0x3c, 0x4e, 0xc6, 0xc6, 0x44, 0x38, 0x00, 0x00, 0x00, 0x00, 0x00, 0x00, 0x00, 0x18, 0x24, 0x66,
	0x66, 0x66, 0x66, 0x3e, 0x0c, 0x0c, 0x18, 0x60, 0x00, 0x00, 0x00, 0x00, 0x00, 0x00, 0x00, 0x00,
	0x00, 0x00, 0x00, 0x60, 0x60, 0x00, 0x00, 0x00, 0x60, 0x60, 0x00, 0x00, 0x00, 0x00, 0x00, 0x00,
	0x00, 0x00, 0x00, 0x00, 0x00, 0x60, 0x60, 0x00, 0x00, 0x00, 0x60, 0x60, 0x20, 0x20, 0x40, 0x00,
	0x00, 0x00, 0x00, 0x00, 0x00, 0x00, 0x00, 0x00, 0x00, 0x00, 0x00, 0x00, 0x03, 0x00, 0x0e, 0x00,
	0x38, 0x00, 0xc0, 0x00, 0xc0, 0x00, 0x38, 0x00, 0x0e, 0x00, 0x03, 0x00, 0x00, 0x00, 0x00, 0x00,
	0x00, 0x00, 0x00, 0x00, 0x00, 0x00, 0x00, 0x00, 0x00, 0x00, 0x00, 0x00, 0x00, 0x00, 0x00, 0x00,
	0x00, 0x00, 0x7f, 0x00, 0x7f, 0x00, 0x00, 0x00, 0x7f, 0x00, 0x7f, 0x00, 0x00, 0x00, 0x00, 0x00,
	0x00, 0x00, 0x00, 0x00, 0x00, 0x00, 0x00, 0x00, 0x00, 0x00, 0x00, 0x00, 0x00, 0x00, 0x00, 0x00,
	0x00, 0x00, 0x00, 0x00, 0xc0, 0x00, 0x70, 0x00, 0x1c, 0x00, 0x03, 0x00, 0x03, 0x00, 0x1c, 0x00,
	0x70, 0x00, 0xc0, 0x00, 0x00, 0x00, 0x00, 0x00, 0x00, 0x00, 0x00, 0x00, 0x00, 0x00, 0x00, 0x1c,
	0x66, 0x66, 0x06, 0x06, 0x04, 0x08, 0x10, 0x00, 0x30, 0x30, 0x00, 0x00, 0x00, 0x00, 0x00, 0x00,
	0x00, 0x00, 0x00, 0x00, 0x03, 0xc0, 0x0e, 0x30, 0x18, 0x08, 0x33, 0xa8, 0x66, 0x64, 0x6c, 0x64,
	0x6c, 0x44, 0x6c, 0xc8, 0x6c, 0xd8, 0x27, 0x70, 0x10, 0x00, 0x0c, 0x30, 0x03, 0xc0, 0x00, 0x00,
	0x00, 0x00, 0x00, 0x00, 0x00, 0x00, 0x00, 0x00, 0x04, 0x00, 0x0e, 0x00, 0x0e, 0x00, 0x1b, 0x00,
	0x13, 0x00, 0x33, 0x00, 0x21, 0x80, 0x7f, 0x80, 0x40, 0xc0, 0xc0, 0xc0, 0xe1, 0xe0, 0x00, 0x00,
	0x00, 0x00, 0x00, 0x00, 0x00, 0x00, 0x00, 0x00, 0x00, 0x00, 0x00, 0x00, 0x7e, 0x00, 0x33, 0x00,
	0x31, 0x80, 0x31, 0x80, 0x33, 0x00, 0x3f, 0x00, 0x31, 0x80, 0x30, 0xc0, 0x30, 0xc0, 0x31, 0x80,
	0x7f, 0x00, 0x00, 0x00, 0x00, 0x00, 0x00, 0x00, 0x00, 0x00, 0x00, 0x00, 0x00, 0x00, 0x00, 0x00,
	0x0f, 0x40, 0x31, 0xc0, 0x20, 0xc0, 0x60, 0x40, 0x60, 0x00, 0x60, 0x00, 0x60, 0x00, 0x60, 0x00,
	0x30, 0x40, 0x39, 0x80, 0x1f, 0x00, 0x00, 0x00, 0x00, 0x00, 0x00, 0x00, 0x00, 0x00, 0x00, 0x00,
	0x00, 0x00, 0x00, 0x00, 0x7e, 0x00, 0x33, 0x00, 0x31, 0x80, 0x30, 0xc0, 0x30, 0xc0, 0x30, 0xc0,
	0x30, 0xc0, 0x30, 0xc0, 0x31, 0x80, 0x33, 0x00, 0x7e, 0x00, 0x00, 0x00, 0x00, 0x00, 0x00, 0x00,
	0x00, 0x00, 0x00, 0x00, 0x00, 0x00, 0x00, 0x00, 0x7f, 0x80, 0x31, 0x80, 0x30, 0x80, 0x30, 0x00,
	0x31, 0x00, 0x3f, 0x00, 0x31, 0x00, 0x30, 0x00, 0x30, 0x80, 0x31, 0x80, 0x7f, 0x80, 0x00, 0x00,
	0x00, 0x00, 0x00, 0x00, 0x00, 0x00, 0x00, 0x00, 0x00, 0x00, 0x00, 0x00, 0x7f, 0x80, 0x31, 0x80,
	0x30, 0x80, 0x30, 0x00, 0x31, 0x00, 0x3f, 0x00, 0x31, 0x00, 0x30, 0x00, 0x30, 0x00, 0x30, 0x00,
	0x7c, 0x00, 0x00, 0x00, 0x00, 0x00, 0x00, 0x00, 0x00, 0x00, 0x00, 0x00, 0x00, 0x00, 0x00, 0x00,
	0x0f, 0x40, 0x31, 0xc0, 0x20, 0xc0, 0x60, 0x40, 0x60, 0x00, 0x60, 0x00, 0x63, 0xe0, 0x60, 0xc0,
	0x60, 0xc0, 0x30, 0xc0, 0x1f, 0x80, 0x00, 0x00, 0x00, 0x00, 0x00, 0x00, 0x00, 0x00, 0x00, 0x00,
	0x00, 0x00, 0x00, 0x00, 0x79, 0xe0, 0x30, 0xc0, 0x30, 0xc0, 0x30, 0xc0, 0x30, 0xc0, 0x3f, 0xc0,
	0x30, 0xc0, 0x30, 0xc0, 0x30, 0xc0, 0x30, 0xc0, 0x79, 0xe0, 0x00, 0x00, 0x00, 0x00, 0x00, 0x00,
	0x00, 0x00, 0x00, 0x00, 0x00, 0x78, 0x30, 0x30, 0x30, 0x30, 0x30, 0x30, 0x30, 0x30, 0x30, 0x78,
	0x00, 0x00, 0x00, 0x00, 0x00, 0x00, 0x00, 0x1e, 0x0c, 0x0c, 0x0c, 0x0c, 0x0c, 0x0c, 0x0c, 0x0c,
	0x0c, 0x6c, 0x68, 0x30, 0x00, 0x00, 0x00, 0x00, 0x00, 0x00, 0x00, 0x00, 0x7d, 0xe0, 0x30, 0x80,
	0x31, 0x00, 0x32, 0x00, 0x34, 0x00, 0x3c, 0x00, 0x36, 0x00, 0x33, 0x00, 0x31, 0x80, 0x30, 0xc0,
	0x7d, 0xf0, 0x00, 0x00, 0x00, 0x00, 0x00, 0x00, 0x00, 0x00, 0x00, 0x00, 0x00, 0x00, 0x00, 0x00,
	0x78, 0x00, 0x30, 0x00, 0x30, 0x00, 0x30, 0x00, 0x30, 0x00, 0x30, 0x00, 0x30, 0x00, 0x30, 0x40,
	0x30, 0x40, 0x30, 0xc0, 0x7f, 0xc0, 0x00, 0x00, 0x00, 0x00, 0x00, 0x00, 0x00, 0x00, 0x00, 0x00,
	0x00, 0x00, 0x00, 0x00, 0xe0, 0x1c, 0x70, 0x18, 0x70, 0x38, 0x78, 0x38, 0x58, 0x58, 0x4c, 0x58,
	0x4c, 0x98, 0x46, 0x98, 0x47, 0x18, 0x43, 0x18, 0xe2, 0x3c, 0x00, 0x00, 0x00, 0x00, 0x00, 0x00,
	0x00, 0x00, 0x00, 0x00, 0x00, 0x00, 0x00, 0x00, 0x78, 0xe0, 0x38, 0x40, 0x2c, 0x40, 0x2c, 0x40,
	0x26, 0x40, 0x23, 0x40, 0x23, 0xc0, 0x21, 0xc0, 0x20, 0xc0, 0x20, 0xc0, 0x70, 0x40, 0x00, 0x00,
	0x00, 0x00, 0x00, 0x00, 0x00, 0x00, 0x00, 0x00, 0x00, 0x00, 0x00, 0x00, 0x0f, 0x00, 0x30, 0xc0,
	0x20, 0x40, 0x60, 0x60, 0x60, 0x60, 0x60, 0x60, 0x60, 0x60, 0x60, 0x60, 0x20, 0x40, 0x30, 0xc0,
	0x0f, 0x00, 0x00, 0x00, 0x00, 0x00, 0x00, 0x00, 0x00, 0x00, 0x00, 0x00, 0x00, 0x00, 0x00, 0x00,
	0x7f, 0x00, 0x33, 0x80, 0x31, 0x80, 0x31, 0x80, 0x33, 0x00, 0x3e, 0x00, 0x30, 0x00, 0x30, 0x00,
	0x30, 0x00, 0x30, 0x00, 0x78, 0x00, 0x00, 0x00, 0x00, 0x00, 0x00, 0x00, 0x00, 0x00, 0x00, 0x00,
	0x00, 0x00, 0x00, 0x00, 0x0f, 0x00, 0x30, 0xc0, 0x20, 0x40, 0x60, 0x60, 0x60, 0x60, 0x60, 0x60,
	0x60, 0x60, 0x60, 0x60, 0x20, 0x40, 0x30, 0xc0, 0x1f, 0x80, 0x07, 0x00, 0x03, 0x00, 0x00, 0xc0,
	0x00, 0x00, 0x00, 0x00, 0x00, 0x00, 0x00, 0x00, 0x7f, 0x00, 0x33, 0x80, 0x31, 0x80, 0x31, 0x80,
	0x33, 0x00, 0x3e, 0x00, 0x36, 0x00, 0x33, 0x00, 0x31, 0x80, 0x30, 0xc0, 0x79, 0xe0, 0x00, 0x00,
	0x00, 0x00, 0x00, 0x00, 0x00, 0x00, 0x00, 0x00, 0x00, 0x00, 0x00, 0x00, 0x3d, 0x00, 0x43, 0x00,
	0xc1, 0x00, 0xe0, 0x00, 0x78, 0x00, 0x3c, 0x00, 0x0e, 0x00, 0x07, 0x00, 0x83, 0x00, 0xc2, 0x00,
	0xbc, 0x00, 0x00, 0x00, 0x00, 0x00, 0x00, 0x00, 0x00, 0x00, 0x00, 0x00, 0x00, 0x00, 0x00, 0x00,
	0x7f, 0xe0, 0x66, 0x60, 0x46, 0x20, 0x06, 0x00, 0x06, 0x00, 0x06, 0x00, 0x06, 0x00, 0x06, 0x00,
	0x06, 0x00, 0x06, 0x00, 0x0f, 0x00, 0x00, 0x00, 0x00, 0x00, 0x00, 0x00, 0x00, 0x00, 0x00, 0x00,
	0x00, 0x00, 0x00, 0x00, 0x78, 0xe0, 0x30, 0x40, 0x30, 0x40, 0x30, 0x40, 0x30, 0x40, 0x30, 0x40,
	0x30, 0x40, 0x30, 0x40, 0x30, 0x40, 0x10, 0x80, 0x0f, 0x00, 0x00, 0x00, 0x00, 0x00, 0x00, 0x00,
	0x00, 0x00, 0x00, 0x00, 0x00, 0x00, 0x00, 0x00, 0xf8, 0xe0, 0x30, 0x40, 0x30, 0x40, 0x18, 0x80,
	0x18, 0x80, 0x0d, 0x00, 0x0d, 0x00, 0x07, 0x00, 0x06, 0x00, 0x02, 0x00, 0x02, 0x00, 0x00, 0x00,
	0x00, 0x00, 0x00, 0x00, 0x00, 0x00, 0x00, 0x00, 0x00, 0x00, 0x00, 0x00, 0x00, 0x00, 0x00, 0xfb,
	0xef, 0x80, 0x70, 0xc3, 0x00, 0x30, 0xc2, 0x00, 0x38, 0xe2, 0x00, 0x19, 0xe6, 0x00, 0x1d, 0x64,
	0x00, 0x0d, 0x7c, 0x00, 0x0f, 0x38, 0x00, 0x06, 0x38, 0x00, 0x06, 0x10, 0x00, 0x02, 0x10, 0x00,
	0x00, 0x00, 0x00, 0x00, 0x00, 0x00, 0x00, 0x00, 0x00, 0x00, 0x00, 0x00, 0x00, 0x00, 0x00, 0x00,
	0x00, 0x00, 0x7d, 0xe0, 0x38, 0x80, 0x1d, 0x00, 0x1d, 0x00, 0x0e, 0x00, 0x07, 0x00, 0x0f, 0x00,
	0x0b, 0x80, 0x11, 0x80, 0x21, 0xc0, 0x73, 0xe0, 0x00, 0x00, 0x00, 0x00, 0x00, 0x00, 0x00, 0x00,
	0x00, 0x00, 0x00, 0x00, 0x00, 0x00, 0xf8, 0xe0, 0x70, 0x40, 0x38, 0x80, 0x18, 0x80, 0x1d, 0x00,
	0x0f, 0x00, 0x06, 0x00, 0x06, 0x00, 0x06, 0x00, 0x06, 0x00, 0x0f, 0x00, 0x00, 0x00, 0x00, 0x00,
	0x00, 0x00, 0x00, 0x00, 0x00, 0x00, 0x00, 0x00, 0x00, 0x00, 0xff, 0xc0, 0xc1, 0xc0, 0x83, 0x80,
	0x07, 0x00, 0x0e, 0x00, 0x0e, 0x00, 0x1c, 0x00, 0x38, 0x00, 0x70, 0x40, 0xf0, 0xc0, 0xff, 0xc0,
	0x00, 0x00, 0x00, 0x00, 0x00, 0x00, 0x00, 0x00, 0x00, 0x00, 0x00, 0x70, 0x60, 0x60, 0x60, 0x60,
	0x60, 0x60, 0x60, 0x60, 0x60, 0x60, 0x60, 0x60, 0x70, 0x00, 0x00, 0x00, 0x00, 0x80, 0xc0, 0x40,
	0x40, 0x60, 0x20, 0x20, 0x20, 0x30, 0x10, 0x10, 0x00, 0x00, 0x00, 0x00, 0x00, 0x00, 0x00, 0x70,
	0x30, 0x30, 0x30, 0x30, 0x30, 0x30, 0x30, 0x30, 0x30, 0x30, 0x30, 0x30, 0x70, 0x00, 0x00, 0x00,
	0x00, 0x00, 0x00, 0x00, 0x08, 0x00, 0x1c, 0x00, 0x14, 0x00, 0x36, 0x00, 0x22, 0x00, 0x63, 0x00,
	0x41, 0x00, 0x00, 0x00, 0x00, 0x00, 0x00, 0x00, 0x00, 0x00, 0x00, 0x00, 0x00, 0x00, 0x00, 0x00,
	0x00, 0x00, 0x00, 0x00, 0x00, 0x00, 0x00, 0x00, 0x00, 0x00, 0x00, 0x00, 0x00, 0x00, 0x00, 0x00,
	0x00, 0x00, 0x00, 0xff, 0x00, 0x00, 0x30, 0x10, 0x08, 0x00, 0x00, 0x00, 0x00, 0x00, 0x00, 0x00,
	0x00, 0x00, 0x00, 0x00, 0x00, 0x00, 0x00, 0x00, 0x00, 0x00, 0x00, 0x00, 0x38, 0xcc, 0xcc, 0x1c,
	0x6c, 0xcc, 0xcd, 0x76, 0x00, 0x00, 0x00, 0x00, 0x00, 0x00, 0x00, 0x00, 0x00, 0x00, 0xe0, 0x00,
	0x60, 0x00, 0x60, 0x00, 0x6c, 0x00, 0x76, 0x00, 0x63, 0x00, 0x63, 0x00, 0x63, 0x00, 0x63, 0x00,
	0x76, 0x00, 0xec, 0x00, 0x00, 0x00, 0x00, 0x00, 0x00, 0x00, 0x00, 0x00, 0x00, 0x00, 0x00, 0x00,
	0x00, 0x00, 0x38, 0x6c, 0xcc, 0xc0, 0xc0, 0xc0, 0x64, 0x38, 0x00, 0x00, 0x00, 0x00, 0x00, 0x00,
	0x00, 0x00, 0x00, 0x00, 0x0e, 0x00, 0x06, 0x00, 0x06, 0x00, 0x36, 0x00, 0x6e, 0x00, 0xc6, 0x00,
	0xc6, 0x00, 0xc6, 0x00, 0xc6, 0x00, 0x4e, 0x00, 0x37, 0x00, 0x00, 0x00, 0x00, 0x00, 0x00, 0x00,
	0x00, 0x00, 0x00, 0x00, 0x00, 0x00, 0x00, 0x00, 0x38, 0x6c, 0xcc, 0xfc, 0xc0, 0xc0, 0x64, 0x38,
	0x00, 0x00, 0x00, 0x00, 0x00, 0x00, 0x00, 0x18, 0x6c, 0x60, 0xf0, 0x60, 0x60, 0x60, 0x60, 0x60,
	0x60, 0xf0, 0x00, 0x00, 0x00, 0x00, 0x00, 0x00, 0x00, 0x00, 0x00, 0x00, 0x32, 0x4e, 0xcc, 0xcc,
	0xc8, 0x70, 0x40, 0xfc, 0x7e, 0x82, 0x84, 0x78, 0x00, 0x00, 0x00, 0x00, 0x00, 0x00, 0xe0, 0x00,
	0x60, 0x00, 0x60, 0x00, 0x6c, 0x00, 0x76, 0x00, 0x66, 0x00, 0x66, 0x00, 0x66, 0x00, 0x66, 0x00,
	0x66, 0x00, 0xef, 0x00, 0x00, 0x00, 0x00, 0x00, 0x00, 0x00, 0x00, 0x00, 0x00, 0x00, 0x00, 0x60,
	0x60, 0x00, 0xe0, 0x60, 0x60, 0x60, 0x60, 0x60, 0x60, 0xf0, 0x00, 0x00, 0x00, 0x00, 0x00, 0x00,
	0x00, 0x60, 0x60, 0x00, 0xe0, 0x60, 0x60, 0x60, 0x60, 0x60, 0x60, 0x60, 0x60, 0xe0, 0xc0, 0x80,
	0x00, 0x00, 0x00, 0x00, 0x00, 0x00, 0xe0, 0x00, 0x60, 0x00, 0x60, 0x00, 0x6f, 0x00, 0x64, 0x00,
	0x68, 0x00, 0x78, 0x00, 0x7c, 0x00, 0x6e, 0x00, 0x67, 0x00, 0xf7, 0x80, 0x00, 0x00, 0x00, 0x00,
	0x00, 0x00, 0x00, 0x00, 0x00, 0x00, 0x00, 0xe0, 0x60, 0x60, 0x60, 0x60, 0x60, 0x60, 0x60, 0x60,
	0x60, 0xf0, 0x00, 0x00, 0x00, 0x00, 0x00, 0x00, 0x00, 0x00, 0x00, 0x00, 0x00, 0x00, 0x00, 0x00,
	0x00, 0x00, 0xed, 0xc0, 0x77, 0x60, 0x66, 0x60, 0x66, 0x60, 0x66, 0x60, 0x66, 0x60, 0x66, 0x60,
	0xf6, 0xf0, 0x00, 0x00, 0x00, 0x00, 0x00, 0x00, 0x00, 0x00, 0x00, 0x00, 0x00, 0x00, 0x00, 0x00,
	0x00, 0x00, 0x00, 0x00, 0x00, 0x00, 0xec, 0x00, 0x7e, 0x00, 0x66, 0x00, 0x66, 0x00, 0x66, 0x00,
	0x66, 0x00, 0x66, 0x00, 0xf7, 0x00, 0x00, 0x00, 0x00, 0x00, 0x00, 0x00, 0x00, 0x00, 0x00, 0x00,
	0x00, 0x00, 0x00, 0x00, 0x38, 0x6c, 0xc6, 0xc6, 0xc6, 0xc6, 0x6c, 0x38, 0x00, 0x00, 0x00, 0x00,
	0x00, 0x00, 0x00, 0x00, 0x00, 0x00, 0x00, 0x00, 0x00, 0x00, 0x00, 0x00, 0xec, 0x00, 0x76, 0x00,
	0x63, 0x00, 0x63, 0x00, 0x63, 0x00, 0x63, 0x00, 0x76, 0x00, 0x6c, 0x00, 0x60, 0x00, 0x60, 0x00,
	0x60, 0x00, 0xf0, 0x00, 0x00, 0x00, 0x00, 0x00, 0x00, 0x00, 0x00, 0x00, 0x00, 0x00, 0x00, 0x00,
	0x32, 0x00, 0x6e, 0x00, 0xc6, 0x00, 0xc6, 0x00, 0xc6, 0x00, 0xc6, 0x00, 0x6e, 0x00, 0x36, 0x00,
	0x06, 0x00, 0x06, 0x00, 0x06, 0x00, 0x0f, 0x00, 0x00, 0x00, 0x00, 0x00, 0x00, 0x00, 0xec, 0x7c,
	0x60, 0x60, 0x60, 0x60, 0x60, 0xf0, 0x00, 0x00, 0x00, 0x00, 0x00, 0x00, 0x00, 0x00, 0x00, 0x00,
	0x78, 0xc8, 0xe0, 0x70, 0x38, 0x98, 0xd8, 0xb0, 0x00, 0x00, 0x00, 0x00, 0x00, 0x00, 0x00, 0x20,
	0x20, 0x60, 0xf0, 0x60, 0x60, 0x60, 0x60, 0x60, 0x68, 0x30, 0x00, 0x00, 0x00, 0x00, 0x00, 0x00,
	0x00, 0x00, 0x00, 0x00, 0x00, 0x00, 0x00, 0x00, 0x00, 0x00, 0xee, 0x00, 0x66, 0x00, 0x66, 0x00,
	0x66, 0x00, 0x66, 0x00, 0x66, 0x00, 0x6f, 0x00, 0x36, 0x00, 0x00, 0x00, 0x00, 0x00, 0x00, 0x00,
	0x00, 0x00, 0x00, 0x00, 0x00, 0x00, 0x00, 0x00, 0xf7, 0x62, 0x62, 0x64, 0x34, 0x38, 0x18, 0x10,
	0x00, 0x00, 0x00, 0x00, 0x00, 0x00, 0x00, 0x00, 0x00, 0x00, 0x00, 0x00, 0x00, 0x00, 0x00, 0x00,
	0xef, 0x70, 0x66, 0x20, 0x66, 0x20, 0x77, 0x40, 0x37, 0x40, 0x39, 0x80, 0x19, 0x80, 0x11, 0x00,
	0x00, 0x00, 0x00, 0x00, 0x00, 0x00, 0x00, 0x00, 0x00, 0x00, 0x00, 0x00, 0x00, 0x00, 0xf6, 0x74,
	0x38, 0x38, 0x18, 0x3c, 0x4c, 0xee, 0x00, 0x00, 0x00, 0x00, 0x00, 0x00, 0x00, 0x00, 0x00, 0x00,
	0xf7, 0x62, 0x62, 0x34, 0x34, 0x1c, 0x18, 0x18, 0x10, 0x10, 0xe0, 0xc0, 0x00, 0x00, 0x00, 0x00,
	0x00, 0x00, 0xfe, 0x8c, 0x98, 0x18, 0x30, 0x72, 0x62, 0xfe, 0x00, 0x00, 0x00, 0x00, 0x00, 0x00,
	0x00, 0x18, 0x30, 0x30, 0x30, 0x30, 0x20, 0x40, 0x20, 0x30, 0x30, 0x30, 0x30, 0x30, 0x18, 0x00,
	0x00, 0x00, 0x00, 0x40, 0x40, 0x40, 0x40, 0x40, 0x40, 0x40, 0x40, 0x40, 0x40, 0x40, 0x40, 0x40,
	0x40, 0x00, 0x00, 0x00, 0x00, 0x60, 0x30, 0x30, 0x30, 0x30, 0x10, 0x08, 0x10, 0x30, 0x30, 0x30,
	0x30, 0x30, 0x60, 0x00, 0x00, 0x00, 0x00, 0x00, 0x00, 0x00, 0x00, 0x00, 0x00, 0x00, 0x00, 0x00,
	0x30, 0x00, 0x78, 0x80, 0x9f, 0x00, 0x0e, 0x00, 0x00, 0x00, 0x00, 0x00, 0x00, 0x00, 0x00, 0x00,
	0x00, 0x00, 0x00, 0x00, 0x00, 0x00, 0x00, 0x00, 0x00, 0x00, 0x00, 0x1c, 0x66, 0x66, 0x06, 0x06,
	0x04, 0x08, 0x10, 0x00, 0x30, 0x30, 0x00, 0x00, 0x00, 0x00, 0x00, 0x00, 0x00, 0x1c, 0x66, 0x66,
	0x06, 0x06, 0x04, 0x08, 0x10, 0x00, 0x30, 0x30, 0x00, 0x00, 0x00, 0x00, 0x00, 0x00, 0x00, 0x1c,
	0x66, 0x66, 0x06, 0x06, 0x04, 0x08, 0x10, 0x00, 0x30, 0x30, 0x00, 0x00, 0x00, 0x00, 0x00, 0x00,
	0x00, 0x1c, 0x66, 0x66, 0x06, 0x06, 0x04, 0x08, 0x10, 0x00, 0x30, 0x30, 0x00, 0x00, 0x00, 0x00,
	0x00, 0x00, 0x00, 0x1c, 0x66, 0x66, 0x06, 0x06, 0x04, 0x08, 0x10, 0x00, 0x30, 0x30, 0x00, 0x00,
	0x00, 0x00, 0x00, 0x00, 0x00, 0x1c, 0x66, 0x66, 0x06, 0x06, 0x04, 0x08, 0x10, 0x00, 0x30, 0x30,
	0x00, 0x00, 0x00, 0x00, 0x00, 0x00, 0x00, 0x1c, 0x66, 0x66, 0x06, 0x06, 0x04, 0x08, 0x10, 0x00,
	0x30, 0x30, 0x00, 0x00, 0x00, 0x00, 0x00, 0x00, 0x00, 0x1c, 0x66, 0x66, 0x06, 0x06, 0x04, 0x08,
	0x10, 0x00, 0x30, 0x30, 0x00, 0x00, 0x00, 0x00, 0x00, 0x00, 0x00, 0x1c, 0x66, 0x66, 0x06, 0x06,
	0x04, 0x08, 0x10, 0x00, 0x30, 0x30, 0x00, 0x00, 0x00, 0x00, 0x00, 0x00, 0x00, 0x1c, 0x66, 0x66,
	0x06, 0x06, 0x04, 0x08, 0x10, 0x00, 0x30, 0x30, 0x00, 0x00, 0x00, 0x00, 0x00, 0x00, 0x00, 0x1c,
	0x66, 0x66, 0x06, 0x06, 0x04, 0x08, 0x10, 0x00, 0x30, 0x30, 0x00, 0x00, 0x00, 0x00, 0x00, 0x00,
	0x00, 0x1c, 0x66, 0x66, 0x06, 0x06, 0x04, 0x08, 0x10, 0x00, 0x30, 0x30, 0x00, 0x00, 0x00, 0x00,
	0x00, 0x00, 0x00, 0x1c, 0x66, 0x66, 0x06, 0x06, 0x04, 0x08, 0x10, 0x00, 0x30, 0x30, 0x00, 0x00,
	0x00, 0x00, 0x00, 0x00, 0x00, 0x1c, 0x66, 0x66, 0x06, 0x06, 0x04, 0x08, 0x10, 0x00, 0x30, 0x30,
	0x00, 0x00, 0x00, 0x00, 0x00, 0x00, 0x00, 0x1c, 0x66, 0x66, 0x06, 0x06, 0x04, 0x08, 0x10, 0x00,
	0x30, 0x30, 0x00, 0x00, 0x00, 0x00, 0x00, 0x00, 0x00, 0x1c, 0x66, 0x66, 0x06, 0x06, 0x04, 0x08,
	0x10, 0x00, 0x30, 0x30, 0x00, 0x00, 0x00, 0x00, 0x00, 0x00, 0x00, 0x1c, 0x66, 0x66, 0x06, 0x06,
	0x04, 0x08, 0x10, 0x00, 0x30, 0x30, 0x00, 0x00, 0x00, 0x00, 0x00, 0x00, 0x00, 0x1c, 0x66, 0x66,
	0x06, 0x06, 0x04, 0x08, 0x10, 0x00, 0x30, 0x30, 0x00, 0x00, 0x00, 0x00, 0x00, 0x00, 0x00, 0x1c,
	0x66, 0x66, 0x06, 0x06, 0x04, 0x08, 0x10, 0x00, 0x30, 0x30, 0x00, 0x00, 0x00, 0x00, 0x00, 0x00,
	0x00, 0x1c, 0x66, 0x66, 0x06, 0x06, 0x04, 0x08, 0x10, 0x00, 0x30, 0x30, 0x00, 0x00, 0x00, 0x00,
	0x00, 0x00, 0x00, 0x1c, 0x66, 0x66, 0x06, 0x06, 0x04, 0x08, 0x10, 0x00, 0x30, 0x30, 0x00, 0x00,
	0x00, 0x00, 0x00, 0x00, 0x00, 0x1c, 0x66, 0x66, 0x06, 0x06, 0x04, 0x08, 0x10, 0x00, 0x30, 0x30,
	0x00, 0x00, 0x00, 0x00, 0x00, 0x00, 0x00, 0x1c, 0x66, 0x66, 0x06, 0x06, 0x04, 0x08, 0x10, 0x00,
	0x30, 0x30, 0x00, 0x00, 0x00, 0x00, 0x00, 0x00, 0x00, 0x1c, 0x66, 0x66, 0x06, 0x06, 0x04, 0x08,
	0x10, 0x00, 0x30, 0x30, 0x00, 0x00, 0x00, 0x00, 0x00, 0x00, 0x00, 0x1c, 0x66, 0x66, 0x06, 0x06,
	0x04, 0x08, 0x10, 0x00, 0x30, 0x30, 0x00, 0x00, 0x00, 0x00, 0x00, 0x00, 0x00, 0x1c, 0x66, 0x66,
	0x06, 0x06, 0x04, 0x08, 0x10, 0x00, 0x30, 0x30, 0x00, 0x00, 0x00, 0x00, 0x00, 0x00, 0x00, 0x1c,
	0x66, 0x66, 0x06, 0x06, 0x04, 0x08, 0x10, 0x00, 0x30, 0x30, 0x00, 0x00, 0x00, 0x00, 0x00, 0x00,
	0x00, 0x1c, 0x66, 0x66, 0x06, 0x06, 0x04, 0x08, 0x10, 0x00, 0x30, 0x30, 0x00, 0x00, 0x00, 0x00,
	0x00, 0x00, 0x00, 0x1c, 0x66, 0x66, 0x06, 0x06, 0x04, 0x08, 0x10, 0x00, 0x30, 0x30, 0x00, 0x00,
	0x00, 0x00, 0x00, 0x00, 0x00, 0x1c, 0x66, 0x66, 0x06, 0x06, 0x04, 0x08, 0x10, 0x00, 0x30, 0x30,
	0x00, 0x00, 0x00, 0x00, 0x00, 0x00, 0x00, 0x1c, 0x66, 0x66, 0x06, 0x06, 0x04, 0x08, 0x10, 0x00,
	0x30, 0x30, 0x00, 0x00, 0x00, 0x00, 0x00, 0x00, 0x00, 0x1c, 0x66, 0x66, 0x06, 0x06, 0x04, 0x08,
	0x10, 0x00, 0x30, 0x30, 0x00, 0x00, 0x00, 0x00, 0x00, 0x00, 0x00, 0x1c, 0x66, 0x66, 0x06, 0x06,
	0x04, 0x08, 0x10, 0x00, 0x30, 0x30, 0x00, 0x00, 0x00, 0x00, 0x00, 0x00, 0x00, 0x00, 0x00, 0x00,
	0x00, 0x00, 0x00, 0x00, 0x00, 0x00, 0x00, 0x00, 0x00, 0x00, 0x00, 0x00, 0x00, 0x00, 0x00, 0x00,
	0x00, 0x00, 0x30, 0x30, 0x00, 0x00, 0x10, 0x10, 0x10, 0x30, 0x30, 0x30, 0x30, 0x30, 0x00, 0x00,
	0x00, 0x00, 0x02, 0x02, 0x1c, 0x26, 0x66, 0x68, 0x68, 0x70, 0x32, 0x1c, 0x20, 0x20, 0x00, 0x00,
	0x00, 0x00, 0x00, 0x1c, 0x26, 0x26, 0x30, 0x30, 0x7c, 0x30, 0x10, 0x71, 0x9e, 0x6e, 0x00, 0x00,
	0x00, 0x00, 0x00, 0x00, 0x00, 0x00, 0x00, 0x00, 0x5a, 0x3c, 0x66, 0x42, 0x66, 0x3c, 0x5a, 0x00,
	0x00, 0x00, 0x00, 0x00, 0x00, 0x00, 0x00, 0xe3, 0x62, 0x32, 0x34, 0x1c, 0x7e, 0x18, 0x7e, 0x18,
	0x18, 0x7e, 0x00, 0x00, 0x00, 0x00, 0x00, 0x00, 0x40, 0x40, 0x40, 0x40, 0x40, 0x40, 0x00, 0x00,
	0x00, 0x40, 0x40, 0x40, 0x40, 0x40, 0x40, 0x00, 0x00, 0x00, 0x00, 0x1c, 0x26, 0x26, 0x30, 0x18,
	0x3c, 0x4e, 0x66, 0x72, 0x3c, 0x1c, 0x0c, 0x64, 0x64, 0x38, 0x00, 0x00, 0x00, 0xd8, 0xd8, 0x00,
	0x00, 0x00, 0x00, 0x00, 0x00, 0x00, 0x00, 0x00, 0x00, 0x00, 0x00, 0x00, 0x00, 0x00, 0x00, 0x00,
	0x00, 0x00, 0x1e, 0x00, 0x61, 0x80, 0x8e, 0x40, 0x91, 0x40, 0xb0, 0x20, 0xb0, 0x20, 0xb0, 0x20,
	0x91, 0x40, 0x8e, 0x40, 0x61, 0x80, 0x1e, 0x00, 0x00, 0x00, 0x00, 0x00, 0x00, 0x00, 0x00, 0x00,
	0x00, 0x00, 0x00, 0x60, 0x90, 0x70, 0xb0, 0xd8, 0x00, 0xf8, 0x00, 0x00, 0x00, 0x00, 0x00, 0x00,
	0x00, 0x00, 0x00, 0x00, 0x00, 0x00, 0x00, 0x00, 0x00, 0x12, 0x36, 0x6c, 0xd8, 0x6c, 0x36, 0x12,
	0x00, 0x00, 0x00, 0x00, 0x00, 0x00, 0x00, 0x00, 0x00, 0x00, 0x00, 0x00, 0x00, 0x00, 0x00, 0x00,
	0x00, 0x00, 0x7f, 0x00, 0x7f, 0x00, 0x01, 0x00, 0x01, 0x00, 0x01, 0x00, 0x01, 0x00, 0x00, 0x00,
	0x00, 0x00, 0x00, 0x00, 0x00, 0x00, 0x00, 0x00, 0x00, 0x00, 0x00, 0x00, 0x00, 0x00, 0x00, 0x00,
	0x00, 0xf0, 0xf0, 0x00, 0x00, 0x00, 0x00, 0x00, 0x00, 0x00, 0x00, 0x00, 0x00, 0x00, 0x00, 0x00,
	0x0f, 0x00, 0x30, 0xc0, 0x4e, 0x20, 0x49, 0x20, 0x89, 0x10, 0x8e, 0x10, 0x8a, 0x10, 0x49, 0x20,
	0x5d, 0x20, 0x30, 0xc0, 0x0f, 0x00, 0x00, 0x00, 0x00, 0x00, 0x00, 0x00, 0x00, 0x00, 0x00, 0x00,
	0x00, 0x00, 0xf8, 0x00, 0x00, 0x00, 0x00, 0x00, 0x00, 0x00, 0x00, 0x00, 0x00, 0x00, 0x00, 0x00,
	0x00, 0x00, 0x00, 0x30, 0x48, 0x48, 0x48, 0x30, 0x00, 0x00, 0x00, 0x00, 0x00, 0x00, 0x00, 0x00,
	0x00, 0x00, 0x00, 0x00, 0x00, 0x00, 0x00, 0x00, 0x00, 0x00, 0x00, 0x00, 0x08, 0x00, 0x08, 0x00,
	0x7f, 0x00, 0x7f, 0x00, 0x08, 0x00, 0x08, 0x00, 0x00, 0x00, 0x7f, 0x00, 0x7f, 0x00, 0x00, 0x00,
	0x00, 0x00, 0x00, 0x00, 0x00, 0x00, 0x00, 0x00, 0x00, 0x60, 0xf0, 0xb0, 0x20, 0x40, 0xf0, 0xf0,
	0x00, 0x00, 0x00, 0x00, 0x00, 0x00, 0x00, 0x00, 0x00, 0x00, 0x00, 0x60, 0xb0, 0x30, 0x60, 0x30,
	0xb0, 0x60, 0x00, 0x00, 0x00, 0x00, 0x00, 0x00, 0x00, 0x00, 0x00, 0x00, 0x30, 0x20, 0x40, 0x00,
	0x00, 0x00, 0x00, 0x00, 0x00, 0x00, 0x00, 0x00, 0x00, 0x00, 0x00, 0x00, 0x00, 0x00, 0x00, 0x00,
	0x00, 0x00, 0x00, 0x00, 0x00, 0x00, 0x00, 0x00, 0xee, 0x00, 0x66, 0x00, 0x66, 0x00, 0x66, 0x00,
	0x66, 0x00, 0x66, 0x00, 0x6f, 0x00, 0x76, 0x00, 0x40, 0x00, 0x60, 0x00, 0x60, 0x00, 0x00, 0x00,
	0x00, 0x00, 0x00, 0x00, 0x00, 0x00, 0x1f, 0x00, 0x3a, 0x00, 0x7a, 0x00, 0x7a, 0x00, 0x7a, 0x00,
	0x7a, 0x00, 0x3a, 0x00, 0x1a, 0x00, 0x0a, 0x00, 0x0a, 0x00, 0x0a, 0x00, 0x0a, 0x00, 0x0a, 0x00,
	0x0a, 0x00, 0x0a, 0x00, 0x00, 0x00, 0x00, 0x00, 0x00, 0x00, 0x00, 0x00, 0x60, 0x60, 0x00, 0x00,
	0x00, 0x00, 0x00, 0x00, 0x00, 0x00, 0x00, 0x00, 0x00, 0x00, 0x00, 0x00, 0x00, 0x00, 0x00, 0x00,
	0x00, 0x00, 0x00, 0x00, 0x20, 0x30, 0x88, 0x70, 0x00, 0x00, 0x00, 0x30, 0x70, 0x30, 0x30, 0x30,
	0x30, 0x78, 0x00, 0x00, 0x00, 0x00, 0x00, 0x00, 0x00, 0x00, 0x00, 0x00, 0x00, 0x30, 0x48, 0x48,
	0x48, 0x30, 0x00, 0x78, 0x00, 0x00, 0x00, 0x00, 0x00, 0x00, 0x00, 0x00, 0x00, 0x00, 0x00, 0x00,
	0x00, 0x00, 0x00, 0x90, 0xd8, 0x6c, 0x36, 0x6c, 0xd8, 0x90, 0x00, 0x00, 0x00, 0x00, 0x00, 0x00,
	0x00, 0x00, 0x00, 0x00, 0x60, 0x80, 0xe1, 0x00, 0x61, 0x00, 0x62, 0x00, 0x64, 0x40, 0x64, 0xc0,
	0xf9, 0xc0, 0x0a, 0xc0, 0x13, 0xe0, 0x20, 0xc0, 0x20, 0xc0, 0x00, 0x00, 0x00, 0x00, 0x00, 0x00,
	0x00, 0x00, 0x00, 0x00, 0x00, 0x00, 0x00, 0x00, 0x61, 0x00, 0xe1, 0x00, 0x62, 0x00, 0x62, 0x00,
	0x64, 0x00, 0x6b, 0x80, 0xfe, 0xc0, 0x10, 0x80, 0x11, 0x00, 0x23, 0xc0, 0x27, 0xc0, 0x00, 0x00,
	0x00, 0x00, 0x00, 0x00, 0x00, 0x00, 0x00, 0x00, 0x00, 0x00, 0x00, 0x00, 0x60, 0x80, 0xb1, 0x00,
	0x31, 0x00, 0x62, 0x00, 0x34, 0x40, 0xb4, 0xc0, 0x69, 0xc0, 0x0a, 0xc0, 0x13, 0xe0, 0x20, 0xc0,
	0x20, 0xc0, 0x00, 0x00, 0x00, 0x00, 0x00, 0x00, 0x00, 0x00, 0x00, 0x00, 0x00, 0x00, 0x00, 0x00,
	0x0c, 0x0c, 0x00, 0x08, 0x10, 0x20, 0x60, 0x60, 0x66, 0x66, 0x38, 0x00, 0x18, 0x00, 0x04, 0x00,
	0x00, 0x00, 0x04, 0x00, 0x0e, 0x00, 0x0e, 0x00, 0x1b, 0x00, 0x13, 0x00, 0x33, 0x00, 0x21, 0x80,
	0x7f, 0x80, 0x40, 0xc0, 0xc0, 0xc0, 0xe1, 0xe0, 0x00, 0x00, 0x00, 0x00, 0x00, 0x00, 0x00, 0x00,
	0x03, 0x00, 0x04, 0x00, 0x00, 0x00, 0x04, 0x00, 0x0e, 0x00, 0x0e, 0x00, 0x1b, 0x00, 0x13, 0x00,
	0x33, 0x00, 0x21, 0x80, 0x7f, 0x80, 0x40, 0xc0, 0xc0, 0xc0, 0xe1, 0xe0, 0x00, 0x00, 0x00, 0x00,
	0x00, 0x00, 0x00, 0x00, 0x0e, 0x00, 0x11, 0x00, 0x00, 0x00, 0x04, 0x00, 0x0e, 0x00, 0x0e, 0x00,
	0x1b, 0x00, 0x13, 0x00, 0x33, 0x00, 0x21, 0x80, 0x7f, 0x80, 0x40, 0xc0, 0xc0, 0xc0, 0xe1, 0xe0,
	0x00, 0x00, 0x00, 0x00, 0x00, 0x00, 0x00, 0x00, 0x1d, 0x00, 0x2e, 0x00, 0x00, 0x00, 0x04, 0x00,
	0x0e, 0x00, 0x0e, 0x00, 0x1b, 0x00, 0x13, 0x00, 0x33, 0x00, 0x21, 0x80, 0x7f, 0x80, 0x40, 0xc0,
	0xc0, 0xc0, 0xe1, 0xe0, 0x00, 0x00, 0x00, 0x00, 0x00, 0x00, 0x00, 0x00, 0x1b, 0x00, 0x1b, 0x00,
	0x00, 0x00, 0x04, 0x00, 0x0e, 0x00, 0x0e, 0x00, 0x1b, 0x00, 0x13, 0x00, 0x33, 0x00, 0x21, 0x80,
	0x7f, 0x80, 0x40, 0xc0, 0xc0, 0xc0, 0xe1, 0xe0, 0x00, 0x00, 0x00, 0x00, 0x00, 0x00, 0x00, 0x00,
	0x09, 0x00, 0x06, 0x00, 0x00, 0x00, 0x04, 0x00, 0x0e, 0x00, 0x0e, 0x00, 0x1b, 0x00, 0x13, 0x00,
	0x33, 0x00, 0x21, 0x80, 0x7f, 0x80, 0x40, 0xc0, 0xc0, 0xc0, 0xe1, 0xe0, 0x00, 0x00, 0x00, 0x00,
	0x00, 0x00, 0x00, 0x00, 0x00, 0x00, 0x00, 0x00, 0x00, 0x00, 0x07, 0xfc, 0x03, 0x8c, 0x05, 0x84,
	0x05, 0x80, 0x09, 0x90, 0x0f, 0xf0, 0x11, 0x90, 0x11, 0x80, 0x21, 0x82, 0x21, 0x86, 0x73, 0xfe,
	0x00, 0x00, 0x00, 0x00, 0x00, 0x00, 0x00, 0x00, 0x00, 0x00, 0x00, 0x00, 0x00, 0x00, 0x0f, 0x40,
	0x31, 0xc0, 0x20, 0xc0, 0x60, 0x40, 0x60, 0x00, 0x60, 0x00, 0x60, 0x00, 0x60, 0x00, 0x30, 0x40,
	0x39, 0x80, 0x1f, 0x00, 0x04, 0x00, 0x06, 0x00, 0x11, 0x00, 0x0e, 0x00, 0x18, 0x00, 0x04, 0x00,
	0x00, 0x00, 0x7f, 0x80, 0x31, 0x80, 0x30, 0x80, 0x30, 0x00, 0x31, 0x00, 0x3f, 0x00, 0x31, 0x00,
	0x30, 0x00, 0x30, 0x80, 0x31, 0x80, 0x7f, 0x80, 0x00, 0x00, 0x00, 0x00, 0x00, 0x00, 0x00, 0x00,
	0x06, 0x00, 0x08, 0x00, 0x00, 0x00, 0x7f, 0x80, 0x31, 0x80, 0x30, 0x80, 0x30, 0x00, 0x31, 0x00,
	0x3f, 0x00, 0x31, 0x00, 0x30, 0x00, 0x30, 0x80, 0x31, 0x80, 0x7f, 0x80, 0x00, 0x00, 0x00, 0x00,
	0x00, 0x00, 0x00, 0x00, 0x0e, 0x00, 0x11, 0x00, 0x00, 0x00, 0x7f, 0x80, 0x31, 0x80, 0x30, 0x80,
	0x30, 0x00, 0x31, 0x00, 0x3f, 0x00, 0x31, 0x00, 0x30, 0x00, 0x30, 0x80, 0x31, 0x80, 0x7f, 0x80,
	0x00, 0x00, 0x00, 0x00, 0x00, 0x00, 0x00, 0x00, 0x33, 0x00, 0x33, 0x00, 0x00, 0x00, 0x7f, 0x80,
	0x31, 0x80, 0x30, 0x80, 0x30, 0x00, 0x31, 0x00, 0x3f, 0x00, 0x31, 0x00, 0x30, 0x00, 0x30, 0x80,
	0x31, 0x80, 0x7f, 0x80, 0x00, 0x00, 0x00, 0x00, 0x00, 0x00, 0x00, 0x00, 0x60, 0x10, 0x00, 0x78,
	0x30, 0x30, 0x30, 0x30, 0x30, 0x30, 0x30, 0x30, 0x30, 0x78, 0x00, 0x00, 0x00, 0x00, 0x30, 0x40,
	0x00, 0x78, 0x30, 0x30, 0x30, 0x30, 0x30, 0x30, 0x30, 0x30, 0x30, 0x78, 0x00, 0x00, 0x00, 0x00,
	0x70, 0x88, 0x00, 0x78, 0x30, 0x30, 0x30, 0x30, 0x30, 0x30, 0x30, 0x30, 0x30, 0x78, 0x00, 0x00,
	0x00, 0x00, 0xcc, 0xcc, 0x00, 0x78, 0x30, 0x30, 0x30, 0x30, 0x30, 0x30, 0x30, 0x30, 0x30, 0x78,
	0x00, 0x00, 0x00, 0x00, 0x00, 0x00, 0x00, 0x00, 0x00, 0x00, 0x7e, 0x00, 0x33, 0x00, 0x31, 0x80,
	0x30, 0xc0, 0x30, 0xc0, 0x7c, 0xc0, 0x30, 0xc0, 0x30, 0xc0, 0x31, 0x80, 0x33, 0x00, 0x7e, 0x00,
	0x00, 0x00, 0x00, 0x00, 0x00, 0x00, 0x00, 0x00, 0x0e, 0x80, 0x17, 0x00, 0x00, 0x00, 0x78, 0xe0,
	0x38, 0x40, 0x2c, 0x40, 0x2c, 0x40, 0x26, 0x40, 0x23, 0x40, 0x23, 0xc0, 0x21, 0xc0, 0x20, 0xc0,
	0x20, 0xc0, 0x70, 0x40, 0x00, 0x00, 0x00, 0x00, 0x00, 0x00, 0x00, 0x00, 0x0c, 0x00, 0x02, 0x00,
	0x00, 0x00, 0x0f, 0x00, 0x30, 0xc0, 0x20, 0x40, 0x60, 0x60, 0x60, 0x60, 0x60, 0x60, 0x60, 0x60,
	0x60, 0x60, 0x20, 0x40, 0x30, 0xc0, 0x0f, 0x00, 0x00, 0x00, 0x00, 0x00, 0x00, 0x00, 0x00, 0x00,
	0x03, 0x00, 0x04, 0x00, 0x00, 0x00, 0x0f, 0x00, 0x30, 0xc0, 0x20, 0x40, 0x60, 0x60, 0x60, 0x60,
	0x60, 0x60, 0x60, 0x60, 0x60, 0x60, 0x20, 0x40, 0x30, 0xc0, 0x0f, 0x00, 0x00, 0x00, 0x00, 0x00,
	0x00, 0x00, 0x00, 0x00, 0x07, 0x00, 0x08, 0x80, 0x00, 0x00, 0x0f, 0x00, 0x30, 0xc0, 0x20, 0x40,
	0x60, 0x60, 0x60, 0x60, 0x60, 0x60, 0x60, 0x60, 0x60, 0x60, 0x20, 0x40, 0x30, 0xc0, 0x0f, 0x00,
	0x00, 0x00, 0x00, 0x00, 0x00, 0x00, 0x00, 0x00, 0x0e, 0x80, 0x17, 0x00, 0x00, 0x00, 0x0f, 0x00,
	0x30, 0xc0, 0x20, 0x40, 0x60, 0x60, 0x60, 0x60, 0x60, 0x60, 0x60, 0x60, 0x60, 0x60, 0x20, 0x40,
	0x30, 0xc0, 0x0f, 0x00, 0x00, 0x00, 0x00, 0x00, 0x00, 0x00, 0x00, 0x00, 0x19, 0x80, 0x19, 0x80,
	0x00, 0x00, 0x0f, 0x00, 0x30, 0xc0, 0x20, 0x40, 0x60, 0x60, 0x60, 0x60, 0x60, 0x60, 0x60, 0x60,
	0x60, 0x60, 0x20, 0x40, 0x30, 0xc0, 0x0f, 0x00, 0x00, 0x00, 0x00, 0x00, 0x00, 0x00, 0x00, 0x00,
	0x00, 0x00, 0x00, 0x00, 0x00, 0x00, 0x00, 0x00, 0x00, 0x00, 0x00, 0x00, 0x41, 0x00, 0x63, 0x00,
	0x36, 0x00, 0x1c, 0x00, 0x1c, 0x00, 0x36, 0x00, 0x63, 0x00, 0x41, 0x00, 0x00, 0x00, 0x00, 0x00,
	0x00, 0x00, 0x00, 0x00, 0x00, 0x00, 0x00, 0x00, 0x00, 0x20, 0x0f, 0x40, 0x30, 0xc0, 0x20, 0xc0,
	0x61, 0x60, 0x61, 0x60, 0x62, 0x60, 0x64, 0x60, 0x64, 0x60, 0x28, 0x40, 0x30, 0xc0, 0x1f, 0x00,
	0x20, 0x00, 0x00, 0x00, 0x00, 0x00, 0x00, 0x00, 0x0c, 0x00, 0x02, 0x00, 0x00, 0x00, 0x78, 0xe0,
	0x30, 0x40, 0x30, 0x40, 0x30, 0x40, 0x30, 0x40, 0x30, 0x40, 0x30, 0x40, 0x30, 0x40, 0x30, 0x40,
	0x10, 0x80, 0x0f, 0x00, 0x00, 0x00, 0x00, 0x00, 0x00, 0x00, 0x00, 0x00, 0x03, 0x00, 0x04, 0x00,
	0x00, 0x00, 0x78, 0xe0, 0x30, 0x40, 0x30, 0x40, 0x30, 0x40, 0x30, 0x40, 0x30, 0x40, 0x30, 0x40,
	0x30, 0x40, 0x30, 0x40, 0x10, 0x80, 0x0f, 0x00, 0x00, 0x00, 0x00, 0x00, 0x00, 0x00, 0x00, 0x00,
	0x07, 0x00, 0x08, 0x80, 0x00, 0x00, 0x78, 0xe0, 0x30, 0x40, 0x30, 0x40, 0x30, 0x40, 0x30, 0x40,
	0x30, 0x40, 0x30, 0x40, 0x30, 0x40, 0x30, 0x40, 0x10, 0x80, 0x0f, 0x00, 0x00, 0x00, 0x00, 0x00,
	0x00, 0x00, 0x00, 0x00, 0x19, 0x80, 0x19, 0x80, 0x00, 0x00, 0x78, 0xe0, 0x30, 0x40, 0x30, 0x40,
	0x30, 0x40, 0x30, 0x40, 0x30, 0x40, 0x30, 0x40, 0x30, 0x40, 0x30, 0x40, 0x10, 0x80, 0x0f, 0x00,
	0x00, 0x00, 0x00, 0x00, 0x00, 0x00, 0x00, 0x00, 0x03, 0x00, 0x04, 0x00, 0x00, 0x00, 0xf8, 0xe0,
	0x70, 0x40, 0x38, 0x80, 0x18, 0x80, 0x1d, 0x00, 0x0f, 0x00, 0x06, 0x00, 0x06, 0x00, 0x06, 0x00,
	0x06, 0x00, 0x0f, 0x00, 0x00, 0x00, 0x00, 0x00, 0x00, 0x00, 0x00, 0x00, 0x00, 0x00, 0x00, 0x00,
	0x00, 0x00, 0x78, 0x00, 0x30, 0x00, 0x3f, 0x00, 0x33, 0x80, 0x31, 0x80, 0x31, 0x80, 0x33, 0x80,
	0x3f, 0x00, 0x30, 0x00, 0x30, 0x00, 0x78, 0x00, 0x00, 0x00, 0x00, 0x00, 0x00, 0x00, 0x00, 0x00,
	0x00, 0x00, 0x00, 0x00, 0x00, 0x00, 0x18, 0x00, 0x26, 0x00, 0x66, 0x00, 0x66, 0x00, 0x6c, 0x00,
	0x62, 0x00, 0x63, 0x00, 0x63, 0x00, 0x63, 0x00, 0x62, 0x00, 0xec, 0x00, 0x00, 0x00, 0x00, 0x00,
	0x00, 0x00, 0x00, 0x00, 0x00, 0x00, 0x30, 0x10, 0x08, 0x00, 0x38, 0xcc, 0xcc, 0x1c, 0x6c, 0xcc,
	0xcd, 0x76, 0x00, 0x00, 0x00, 0x00, 0x00, 0x00, 0x18, 0x10, 0x20, 0x00, 0x38, 0xcc, 0xcc, 0x1c,
	0x6c, 0xcc, 0xcd, 0x76, 0x00, 0x00, 0x00, 0x00, 0x00, 0x00, 0x10, 0x38, 0x44, 0x00, 0x38, 0xcc,
	0xcc, 0x1c, 0x6c, 0xcc, 0xcd, 0x76, 0x00, 0x00, 0x00, 0x00, 0x00, 0x00, 0x00, 0x34, 0x58, 0x00,
	0x38, 0xcc, 0xcc, 0x1c, 0x6c, 0xcc, 0xcd, 0x76, 0x00, 0x00, 0x00, 0x00, 0x00, 0x00, 0x00, 0x6c,
	0x6c, 0x00, 0x38, 0xcc, 0xcc, 0x1c, 0x6c, 0xcc, 0xcd, 0x76, 0x00, 0x00, 0x00, 0x00, 0x00, 0x10,
	0x28, 0x28, 0x10, 0x00, 0x38, 0xcc, 0xcc, 0x1c, 0x6c, 0xcc, 0xcd, 0x76, 0x00, 0x00, 0x00, 0x00,
	0x00, 0x00, 0x00, 0x00, 0x00, 0x00, 0x00, 0x00, 0x00, 0x00, 0x00, 0x00, 0x19, 0xc0, 0x67, 0x60,
	0x66, 0x60, 0x0f, 0xe0, 0x36, 0x00, 0x66, 0x00, 0x6b, 0x20, 0x31, 0xc0, 0x00, 0x00, 0x00, 0x00,
	0x00, 0x00, 0x00, 0x00, 0x00, 0x00, 0x00, 0x00, 0x00, 0x00, 0x38, 0x6c, 0xcc, 0xc0, 0xc0, 0xc0,
	0x64, 0x38, 0x20, 0x30, 0x88, 0x70, 0x00, 0x00, 0x30, 0x10, 0x08, 0x00, 0x38, 0x6c, 0xcc, 0xfc,
	0xc0, 0xc0, 0x64, 0x38, 0x00, 0x00, 0x00, 0x00, 0x00, 0x00, 0x18, 0x10, 0x20, 0x00, 0x38, 0x6c,
	0xcc, 0xfc, 0xc0, 0xc0, 0x64, 0x38, 0x00, 0x00, 0x00, 0x00, 0x00, 0x00, 0x10, 0x38, 0x44, 0x00,
	0x38, 0x6c, 0xcc, 0xfc, 0xc0, 0xc0, 0x64, 0x38, 0x00, 0x00, 0x00, 0x00, 0x00, 0x00, 0x00, 0x6c,
	0x6c, 0x00, 0x38, 0x6c, 0xcc, 0xfc, 0xc0, 0xc0, 0x64, 0x38, 0x00, 0x00, 0x00, 0x00, 0x00, 0x00,
	0xc0, 0x40, 0x20, 0x00, 0xe0, 0x60, 0x60, 0x60, 0x60, 0x60, 0x60, 0xf0, 0x00, 0x00, 0x00, 0x00,
	0x00, 0x00, 0x30, 0x20, 0x40, 0x00, 0xe0, 0x60, 0x60, 0x60, 0x60, 0x60, 0x60, 0xf0, 0x00, 0x00,
	0x00, 0x00, 0x00, 0x00, 0x40, 0xe0, 0x90, 0x00, 0xe0, 0x60, 0x60, 0x60, 0x60, 0x60, 0x60, 0xf0,
	0x00, 0x00, 0x00, 0x00, 0x00, 0x00, 0x00, 0xb0, 0xb0, 0x00, 0xe0, 0x60, 0x60, 0x60, 0x60, 0x60,
	0x60, 0xf0, 0x00, 0x00, 0x00, 0x00, 0x00, 0x00, 0x00, 0x6c, 0x30, 0xd8, 0x3c, 0x6c, 0xc6, 0xc6,
	0xc6, 0xc6, 0x6c, 0x38, 0x00, 0x00, 0x00, 0x00, 0x00, 0x00, 0x00, 0x00, 0x00, 0x00, 0x34, 0x00,
	0x58, 0x00, 0x00, 0x00, 0xec, 0x00, 0x7e, 0x00, 0x66, 0x00, 0x66, 0x00, 0x66, 0x00, 0x66, 0x00,
	0x66, 0x00, 0xf7, 0x00, 0x00, 0x00, 0x00, 0x00, 0x00, 0x00, 0x00, 0x00, 0x00, 0x00, 0x30, 0x10,
	0x08, 0x00, 0x38, 0x6c, 0xc6, 0xc6, 0xc6, 0xc6, 0x6c, 0x38, 0x00, 0x00, 0x00, 0x00, 0x00, 0x00,
	0x18, 0x10, 0x20, 0x00, 0x38, 0x6c, 0xc6, 0xc6, 0xc6, 0xc6, 0x6c, 0x38, 0x00, 0x00, 0x00, 0x00,
	0x00, 0x00, 0x10, 0x38, 0x44, 0x00, 0x38, 0x6c, 0xc6, 0xc6, 0xc6, 0xc6, 0x6c, 0x38, 0x00, 0x00,
	0x00, 0x00, 0x00, 0x00, 0x00, 0x34, 0x58, 0x00, 0x38, 0x6c, 0xc6, 0xc6, 0xc6, 0xc6, 0x6c, 0x38,
	0x00, 0x00, 0x00, 0x00, 0x00, 0x00, 0x00, 0x6c, 0x6c, 0x00, 0x38, 0x6c, 0xc6, 0xc6, 0xc6, 0xc6,
	0x6c, 0x38, 0x00, 0x00, 0x00, 0x00, 0x00, 0x00, 0x00, 0x00, 0x00, 0x00, 0x00, 0x00, 0x00, 0x00,
	0x00, 0x00, 0x18, 0x00, 0x18, 0x00, 0x00, 0x00, 0xff, 0x00, 0xff, 0x00, 0x00, 0x00, 0x18, 0x00,
	0x18, 0x00, 0x00, 0x00, 0x00, 0x00, 0x00, 0x00, 0x00, 0x00, 0x00, 0x00, 0x00, 0x00, 0x00, 0x02,
	0x3c, 0x6c, 0xce, 0xd6, 0xd6, 0xe6, 0x6c, 0x78, 0x80, 0x00, 0x00, 0x00, 0x00, 0x00, 0x00, 0x00,
	0x30, 0x00, 0x10, 0x00, 0x08, 0x00, 0x00, 0x00, 0xee, 0x00, 0x66, 0x00, 0x66, 0x00, 0x66, 0x00,
	0x66, 0x00, 0x66, 0x00, 0x6f, 0x00, 0x36, 0x00, 0x00, 0x00, 0x00, 0x00, 0x00, 0x00, 0x00, 0x00,
	0x00, 0x00, 0x00, 0x00, 0x0c, 0x00, 0x08, 0x00, 0x10, 0x00, 0x00, 0x00, 0xee, 0x00, 0x66, 0x00,
	0x66, 0x00, 0x66, 0x00, 0x66, 0x00, 0x66, 0x00, 0x6f, 0x00, 0x36, 0x00, 0x00, 0x00, 0x00, 0x00,
	0x00, 0x00, 0x00, 0x00, 0x00, 0x00, 0x00, 0x00, 0x10, 0x00, 0x38, 0x00, 0x44, 0x00, 0x00, 0x00,
	0xee, 0x00, 0x66, 0x00, 0x66, 0x00, 0x66, 0x00, 0x66, 0x00, 0x66, 0x00, 0x6f, 0x00, 0x36, 0x00,
	0x00, 0x00, 0x00, 0x00, 0x00, 0x00, 0x00, 0x00, 0x00, 0x00, 0x00, 0x00, 0x00, 0x00, 0x6c, 0x00,
	0x6c, 0x00, 0x00, 0x00, 0xee, 0x00, 0x66, 0x00, 0x66, 0x00, 0x66, 0x00, 0x66, 0x00, 0x66, 0x00,
	0x6f, 0x00, 0x36, 0x00, 0x00, 0x00, 0x00, 0x00, 0x00, 0x00, 0x00, 0x00, 0x00, 0x00, 0x0c, 0x08,
	0x10, 0x00, 0xf7, 0x62, 0x62, 0x34, 0x34, 0x1c, 0x18, 0x18, 0x10, 0x10, 0xe0, 0xc0, 0x00, 0x00,
	0x00, 0x00, 0x00, 0x00, 0xe0, 0x00, 0x60, 0x00, 0x60, 0x00, 0x6c, 0x00, 0x76, 0x00, 0x63, 0x00,
	0x63, 0x00, 0x63, 0x00, 0x63, 0x00, 0x72, 0x00, 0x6c, 0x00, 0x60, 0x00, 0x60, 0x00, 0x60, 0x00,
	0xf0, 0x00, 0x00, 0x00, 0x00, 0x6c, 0x6c, 0x00, 0xf7, 0x62, 0x62, 0x34, 0x34, 0x1c, 0x18, 0x18,
	0x10, 0x10, 0xe0, 0xc0,
};
static unsigned short o_timB12[] = {
	0, 18, 36, 72, 90, 108, 144, 180, 198, 216, 234, 252,
	288, 306, 324, 342, 360, 378, 396, 414, 432, 450, 468, 486,
	504, 522, 540, 558, 576, 612, 648, 684, 702, 738, 774, 810,
	846, 882, 918, 954, 990, 1026, 1044, 1062, 1098, 1134, 1170, 1206,
	1242, 1278, 1314, 1350, 1386, 1422, 1458, 1494, 1548, 1584, 1620, 1656,
	1674, 1692, 1710, 1746, 1764, 1782, 1800, 1836, 1854, 1890, 1908, 1926,
	1944, 1980, 1998, 2016, 2052, 2070, 2106, 2142, 2160, 2196, 2232, 2250,
	2268, 2286, 2322, 2340, 2376, 2394, 2412, 2430, 2448, 2466, 2484, 2520,
	2538, 2556, 2574, 2592, 2610, 2628, 2646, 2664, 2682, 2700, 2718, 2736,
	2754, 2772, 2790, 2808, 2826, 2844, 2862, 2880, 2898, 2916, 2934, 2952,
	2970, 2988, 3006, 3024, 3042, 3060, 3078, 3096, 3114, 3132, 3150, 3168,
	3186, 3204, 3222, 3240, 3258, 3276, 3312, 3330, 3348, 3384, 3402, 3438,
	3456, 3474, 3510, 3528, 3546, 3564, 3600, 3636, 3654, 3672, 3690, 3708,
	3726, 3762, 3798, 3834, 3852, 3888, 3924, 3960, 3996, 4032, 4068, 4104,
	4140, 4176, 4212, 4248, 4284, 4302, 4320, 4338, 4356, 4392, 4428, 4464,
	4500, 4536, 4572, 4608, 4644, 4680, 4716, 4752, 4788, 4824, 4860, 4896,
	4932, 4950, 4968, 4986, 5004, 5022, 5040, 5076, 5094, 5112, 5130, 5148,
	5166, 5184, 5202, 5220, 5238, 5256, 5292, 5310, 5328, 5346, 5364, 5382,
	5418, 5436, 5472, 5508, 5544, 5580, 5598, 5634,
};
static unsigned char w_timB12[] = {
	5, 6, 9, 8, 8, 16, 14, 5, 6, 6, 8, 9, 4, 5, 4, 5,
	8, 8, 8, 8, 8, 8, 8, 8, 8, 8, 5, 5, 9, 9, 9, 8,
	16, 12, 10, 11, 11, 10, 10, 12, 12, 6, 8, 13, 11, 15, 12, 12,
	10, 12, 12, 9, 11, 12, 12, 17, 12, 12, 11, 6, 5, 6, 9, 8,
	6, 8, 9, 7, 9, 7, 6, 8, 9, 5, 5, 9, 5, 13, 9, 8,
	9, 9, 7, 6, 6, 9, 8, 12, 8, 8, 7, 7, 4, 7, 9, 8,
	8, 8, 8, 8, 8, 8, 8, 8, 8, 8, 8, 8, 8, 8, 8, 8,
	8, 8, 8, 8, 8, 8, 8, 8, 8, 8, 8, 8, 8, 8, 8, 8,
	5, 6, 8, 8, 8, 8, 4, 8, 6, 12, 5, 8, 9, 5, 12, 6,
	7, 9, 5, 5, 6, 9, 9, 4, 6, 5, 6, 8, 12, 12, 12, 8,
	12, 12, 12, 12, 12, 12, 16, 11, 10, 10, 10, 10, 6, 6, 6, 6,
	11, 12, 12, 12, 12, 12, 12, 9, 13, 12, 12, 12, 12, 12, 10, 9,
	8, 8, 8, 8, 8, 8, 12, 7, 7, 7, 7, 7, 5, 5, 5, 5,
	8, 9, 8, 8, 8, 8, 8, 9, 8, 9, 9, 9, 9, 8, 9, 8,
};

#define F_timB12 { "Tms Rmn", 12, 18, 14, 4, 700, 0, 0, 16, 7, 17, 0x20, 0xff, w_timB12, o_timB12, b_timB12 }

/* -Adobe-Courier-Medium-R-Normal--14-100-100-100-M-90-ISO8859-1 courR10.pcf.gz sha256 34b9c1d7c301d11ac014486fedd9a45cdcc1f42d1a53324d6d046a9aa46e5486 */
static unsigned char b_courR10[] = {
	0x00, 0x00, 0x00, 0x00, 0x00, 0x00, 0x00, 0x00, 0x00, 0x00, 0x00, 0x00, 0x00, 0x00, 0x00, 0x00,
	0x00, 0x00, 0x00, 0x00, 0x00, 0x00, 0x00, 0x00, 0x00, 0x00, 0x00, 0x00, 0x00, 0x00, 0x00, 0x00,
	0x10, 0x00, 0x10, 0x00, 0x10, 0x00, 0x10, 0x00, 0x10, 0x00, 0x10, 0x00, 0x00, 0x00, 0x10, 0x00,
	0x10, 0x00, 0x00, 0x00, 0x00, 0x00, 0x00, 0x00, 0x00, 0x00, 0x24, 0x00, 0x24, 0x00, 0x24, 0x00,
	0x24, 0x00, 0x00, 0x00, 0x00, 0x00, 0x00, 0x00, 0x00, 0x00, 0x00, 0x00, 0x00, 0x00, 0x00, 0x00,
	0x00, 0x00, 0x00, 0x00, 0x00, 0x00, 0x00, 0x00, 0x14, 0x00, 0x14, 0x00, 0x14, 0x00, 0x3e, 0x00,
	0x14, 0x00, 0x14, 0x00, 0x3e, 0x00, 0x14, 0x00, 0x14, 0x00, 0x14, 0x00, 0x00, 0x00, 0x00, 0x00,
	0x08, 0x00, 0x08, 0x00, 0x1e, 0x00, 0x22, 0x00, 0x20, 0x00, 0x30, 0x00, 0x0c, 0x00, 0x02, 0x00,
	0x22, 0x00, 0x3c, 0x00, 0x08, 0x00, 0x08, 0x00, 0x08, 0x00, 0x00, 0x00, 0x00, 0x00, 0x60, 0x00,
	0x90, 0x00, 0x90, 0x00, 0x73, 0x00, 0x0c, 0x00, 0x30, 0x00, 0xcc, 0x00, 0x12, 0x00, 0x12, 0x00,
	0x0c, 0x00, 0x00, 0x00, 0x00, 0x00, 0x00, 0x00, 0x00, 0x00, 0x00, 0x00, 0x00, 0x00, 0x1c, 0x00,
	0x20, 0x00, 0x20, 0x00, 0x20, 0x00, 0x54, 0x00, 0x48, 0x00, 0x4c, 0x00, 0x32, 0x00, 0x00, 0x00,
	0x00, 0x00, 0x00, 0x00, 0x00, 0x00, 0x00, 0x00, 0x10, 0x00, 0x10, 0x00, 0x10, 0x00, 0x10, 0x00,
	0x00, 0x00, 0x00, 0x00, 0x00, 0x00, 0x00, 0x00, 0x00, 0x00, 0x00, 0x00, 0x00, 0x00, 0x00, 0x00,
	0x00, 0x00, 0x04, 0x00, 0x08, 0x00, 0x08, 0x00, 0x10, 0x00, 0x10, 0x00, 0x10, 0x00, 0x10, 0x00,
	0x10, 0x00, 0x10, 0x00, 0x08, 0x00, 0x08, 0x00, 0x04, 0x00, 0x00, 0x00, 0x00, 0x00, 0x20, 0x00,
	0x10, 0x00, 0x10, 0x00, 0x08, 0x00, 0x08, 0x00, 0x08, 0x00, 0x08, 0x00, 0x08, 0x00, 0x08, 0x00,
	0x10, 0x00, 0x10, 0x00, 0x20, 0x00, 0x00, 0x00, 0x00, 0x00, 0x00, 0x00, 0x10, 0x00, 0x10, 0x00,
	0x7c, 0x00, 0x10, 0x00, 0x28, 0x00, 0x44, 0x00, 0x00, 0x00, 0x00, 0x00, 0x00, 0x00, 0x00, 0x00,
	0x00, 0x00, 0x00, 0x00, 0x00, 0x00, 0x00, 0x00, 0x00, 0x00, 0x08, 0x00, 0x08, 0x00, 0x08, 0x00,
	0x7f, 0x00, 0x08, 0x00, 0x08, 0x00, 0x08, 0x00, 0x00, 0x00, 0x00, 0x00, 0x00, 0x00, 0x00, 0x00,
	0x00, 0x00, 0x00, 0x00, 0x00, 0x00, 0x00, 0x00, 0x00, 0x00, 0x00, 0x00, 0x00, 0x00, 0x00, 0x00,
	0x00, 0x00, 0x18, 0x00, 0x18, 0x00, 0x30, 0x00, 0x20, 0x00, 0x00, 0x00, 0x00, 0x00, 0x00, 0x00,
	0x00, 0x00, 0x00, 0x00, 0x00, 0x00, 0x00, 0x00, 0x7e, 0x00, 0x00, 0x00, 0x00, 0x00, 0x00, 0x00,
	0x00, 0x00, 0x00, 0x00, 0x00, 0x00, 0x00, 0x00, 0x00, 0x00, 0x00, 0x00, 0x00, 0x00, 0x00, 0x00,
	0x00, 0x00, 0x00, 0x00, 0x00, 0x00, 0x00, 0x00, 0x00, 0x00, 0x18, 0x00, 0x18, 0x00, 0x00, 0x00,
	0x00, 0x00, 0x00, 0x00, 0x00, 0x00, 0x02, 0x00, 0x04, 0x00, 0x04, 0x00, 0x08, 0x00, 0x08, 0x00,
	0x10, 0x00, 0x10, 0x00, 0x20, 0x00, 0x20, 0x00, 0x40, 0x00, 0x40, 0x00, 0x00, 0x00, 0x00, 0x00,
	0x00, 0x00, 0x18, 0x00, 0x24, 0x00, 0x42, 0x00, 0x42, 0x00, 0x42, 0x00, 0x42, 0x00, 0x42, 0x00,
	0x42, 0x00, 0x24, 0x00, 0x18, 0x00, 0x00, 0x00, 0x00, 0x00, 0x00, 0x00, 0x00, 0x00, 0x10, 0x00,
	0x30, 0x00, 0x50, 0x00, 0x10, 0x00, 0x10, 0x00, 0x10, 0x00, 0x10, 0x00, 0x10, 0x00, 0x10, 0x00,
	0x7c, 0x00, 0x00, 0x00, 0x00, 0x00, 0x00, 0x00, 0x00, 0x00, 0x38, 0x00, 0x44, 0x00, 0x44, 0x00,
	0x04, 0x00, 0x08, 0x00, 0x10, 0x00, 0x20, 0x00, 0x40, 0x00, 0x44, 0x00, 0x7c, 0x00, 0x00, 0x00,
	0x00, 0x00, 0x00, 0x00, 0x00, 0x00, 0x1c, 0x00, 0x22, 0x00, 0x02, 0x00, 0x02, 0x00, 0x0c, 0x00,
	0x02, 0x00, 0x02, 0x00, 0x02, 0x00, 0x42, 0x00, 0x3c, 0x00, 0x00, 0x00, 0x00, 0x00, 0x00, 0x00,
	0x00, 0x00, 0x0c, 0x00, 0x14, 0x00, 0x14, 0x00, 0x24, 0x00, 0x24, 0x00, 0x44, 0x00, 0x44, 0x00,
	0x7e, 0x00, 0x04, 0x00, 0x0e, 0x00, 0x00, 0x00, 0x00, 0x00, 0x00, 0x00, 0x00, 0x00, 0x3e, 0x00,
	0x20, 0x00, 0x20, 0x00, 0x20, 0x00, 0x3c, 0x00, 0x02, 0x00, 0x02, 0x00, 0x02, 0x00, 0x42, 0x00,
	0x3c, 0x00, 0x00, 0x00, 0x00, 0x00, 0x00, 0x00, 0x00, 0x00, 0x1c, 0x00, 0x20, 0x00, 0x40, 0x00,
	0x40, 0x00, 0x5c, 0x00, 0x62, 0x00, 0x42, 0x00, 0x42, 0x00, 0x22, 0x00, 0x1c, 0x00, 0x00, 0x00,
	0x00, 0x00, 0x00, 0x00, 0x00, 0x00, 0x7e, 0x00, 0x42, 0x00, 0x02, 0x00, 0x04, 0x00, 0x04, 0x00,
	0x04, 0x00, 0x08, 0x00, 0x08, 0x00, 0x08, 0x00, 0x08, 0x00, 0x00, 0x00, 0x00, 0x00, 0x00, 0x00,
	0x00, 0x00, 0x1c, 0x00, 0x22, 0x00, 0x22, 0x00, 0x22, 0x00, 0x1c, 0x00, 0x22, 0x00, 0x22, 0x00,
	0x22, 0x00, 0x22, 0x00, 0x1c, 0x00, 0x00, 0x00, 0x00, 0x00, 0x00, 0x00, 0x00, 0x00, 0x38, 0x00,
	0x44, 0x00, 0x42, 0x00, 0x42, 0x00, 0x46, 0x00, 0x3a, 0x00, 0x02, 0x00, 0x02, 0x00, 0x04, 0x00,
	0x38, 0x00, 0x00, 0x00, 0x00, 0x00, 0x00, 0x00, 0x00, 0x00, 0x00, 0x00, 0x00, 0x00, 0x00, 0x00,
	0x18, 0x00, 0x18, 0x00, 0x00, 0x00, 0x00, 0x00, 0x00, 0x00, 0x18, 0x00, 0x18, 0x00, 0x00, 0x00,
	0x00, 0x00, 0x00, 0x00, 0x00, 0x00, 0x00, 0x00, 0x00, 0x00, 0x00, 0x00, 0x18, 0x00, 0x18, 0x00,
	0x00, 0x00, 0x00, 0x00, 0x00, 0x00, 0x18, 0x00, 0x18, 0x00, 0x30, 0x00, 0x20, 0x00, 0x00, 0x00,
	0x00, 0x00, 0x00, 0x00, 0x00, 0x00, 0x06, 0x00, 0x18, 0x00, 0x60, 0x00, 0x80, 0x00, 0x60, 0x00,
	0x18, 0x00, 0x06, 0x00, 0x00, 0x00, 0x00, 0x00, 0x00, 0x00, 0x00, 0x00, 0x00, 0x00, 0x00, 0x00,
	0x00, 0x00, 0x00, 0x00, 0x00, 0x00, 0x7f, 0x00, 0x00, 0x00, 0x7f, 0x00, 0x00, 0x00, 0x00, 0x00,
	0x00, 0x00, 0x00, 0x00, 0x00, 0x00, 0x00, 0x00, 0x00, 0x00, 0x00, 0x00, 0x00, 0x00, 0x60, 0x00,
	0x18, 0x00, 0x06, 0x00, 0x01, 0x00, 0x06, 0x00, 0x18, 0x00, 0x60, 0x00, 0x00, 0x00, 0x00, 0x00,
	0x00, 0x00, 0x00, 0x00, 0x00, 0x00, 0x00, 0x00, 0x38, 0x00, 0x44, 0x00, 0x04, 0x00, 0x04, 0x00,
	0x18, 0x00, 0x10, 0x00, 0x00, 0x00, 0x10, 0x00, 0x10, 0x00, 0x00, 0x00, 0x00, 0x00, 0x00, 0x00,
	0x00, 0x00, 0x00, 0x00, 0x1c, 0x00, 0x22, 0x00, 0x42, 0x00, 0x4e, 0x00, 0x52, 0x00, 0x52, 0x00,
	0x4f, 0x00, 0x40, 0x00, 0x20, 0x00, 0x1c, 0x00, 0x00, 0x00, 0x00, 0x00, 0x00, 0x00, 0x00, 0x00,
	0x70, 0x00, 0x10, 0x00, 0x28, 0x00, 0x28, 0x00, 0x44, 0x00, 0x7c, 0x00, 0x82, 0x00, 0x82, 0x00,
	0xef, 0x00, 0x00, 0x00, 0x00, 0x00, 0x00, 0x00, 0x00, 0x00, 0x00, 0x00, 0xfc, 0x00, 0x42, 0x00,
	0x42, 0x00, 0x42, 0x00, 0x7c, 0x00, 0x42, 0x00, 0x42, 0x00, 0x42, 0x00, 0xfc, 0x00, 0x00, 0x00,
	0x00, 0x00, 0x00, 0x00, 0x00, 0x00, 0x00, 0x00, 0x1d, 0x00, 0x23, 0x00, 0x41, 0x00, 0x40, 0x00,
	0x40, 0x00, 0x40, 0x00, 0x40, 0x00, 0x21, 0x00, 0x1e, 0x00, 0x00, 0x00, 0x00, 0x00, 0x00, 0x00,
	0x00, 0x00, 0x00, 0x00, 0xfc, 0x00, 0x42, 0x00, 0x41, 0x00, 0x41, 0x00, 0x41, 0x00, 0x41, 0x00,
	0x41, 0x00, 0x42, 0x00, 0xfc, 0x00, 0x00, 0x00, 0x00, 0x00, 0x00, 0x00, 0x00, 0x00, 0x00, 0x00,
	0x7f, 0x00, 0x21, 0x00, 0x21, 0x00, 0x24, 0x00, 0x3c, 0x00, 0x24, 0x00, 0x21, 0x00, 0x21, 0x00,
	0x7f, 0x00, 0x00, 0x00, 0x00, 0x00, 0x00, 0x00, 0x00, 0x00, 0x00, 0x00, 0x7f, 0x00, 0x21, 0x00,
	0x21, 0x00, 0x24, 0x00, 0x3c, 0x00, 0x24, 0x00, 0x20, 0x00, 0x20, 0x00, 0x78, 0x00, 0x00, 0x00,
	0x00, 0x00, 0x00, 0x00, 0x00, 0x00, 0x00, 0x00, 0x3a, 0x00, 0x46, 0x00, 0x82, 0x00, 0x80, 0x00,
	0x80, 0x00, 0x8f, 0x00, 0x82, 0x00, 0x42, 0x00, 0x3c, 0x00, 0x00, 0x00, 0x00, 0x00, 0x00, 0x00,
	0x00, 0x00, 0x00, 0x00, 0xe7, 0x00, 0x42, 0x00, 0x42, 0x00, 0x42, 0x00, 0x7e, 0x00, 0x42, 0x00,
	0x42, 0x00, 0x42, 0x00, 0xe7, 0x00, 0x00, 0x00, 0x00, 0x00, 0x00, 0x00, 0x00, 0x00, 0x00, 0x00,
	0x3e, 0x00, 0x08, 0x00, 0x08, 0x00, 0x08, 0x00, 0x08, 0x00, 0x08, 0x00, 0x08, 0x00, 0x08, 0x00,
	0x3e, 0x00, 0x00, 0x00, 0x00, 0x00, 0x00, 0x00, 0x00, 0x00, 0x00, 0x00, 0x1f, 0x00, 0x04, 0x00,
	0x04, 0x00, 0x04, 0x00, 0x04, 0x00, 0x44, 0x00, 0x44, 0x00, 0x44, 0x00, 0x38, 0x00, 0x00, 0x00,
	0x00, 0x00, 0x00, 0x00, 0x00, 0x00, 0x00, 0x00, 0xee, 0x00, 0x44, 0x00, 0x48, 0x00, 0x50, 0x00,
	0x70, 0x00, 0x48, 0x00, 0x44, 0x00, 0x44, 0x00, 0xe3, 0x00, 0x00, 0x00, 0x00, 0x00, 0x00, 0x00,
	0x00, 0x00, 0x00, 0x00, 0xf8, 0x00, 0x20, 0x00, 0x20, 0x00, 0x20, 0x00, 0x20, 0x00, 0x21, 0x00,
	0x21, 0x00, 0x21, 0x00, 0xff, 0x00, 0x00, 0x00, 0x00, 0x00, 0x00, 0x00, 0x00, 0x00, 0x00, 0x00,
	0xe3, 0x80, 0x63, 0x00, 0x55, 0x00, 0x55, 0x00, 0x49, 0x00, 0x49, 0x00, 0x41, 0x00, 0x41, 0x00,
	0xe3, 0x80, 0x00, 0x00, 0x00, 0x00, 0x00, 0x00, 0x00, 0x00, 0x00, 0x00, 0xe7, 0x00, 0x62, 0x00,
	0x52, 0x00, 0x52, 0x00, 0x4a, 0x00, 0x4a, 0x00, 0x46, 0x00, 0x46, 0x00, 0xe2, 0x00, 0x00, 0x00,
	0x00, 0x00, 0x00, 0x00, 0x00, 0x00, 0x00, 0x00, 0x3c, 0x00, 0x42, 0x00, 0x81, 0x00, 0x81, 0x00,
	0x81, 0x00, 0x81, 0x00, 0x81, 0x00, 0x42, 0x00, 0x3c, 0x00, 0x00, 0x00, 0x00, 0x00, 0x00, 0x00,
	0x00, 0x00, 0x00, 0x00, 0x7e, 0x00, 0x21, 0x00, 0x21, 0x00, 0x21, 0x00, 0x21, 0x00, 0x3e, 0x00,
	0x20, 0x00, 0x20, 0x00, 0x78, 0x00, 0x00, 0x00, 0x00, 0x00, 0x00, 0x00, 0x00, 0x00, 0x00, 0x00,
	0x3c, 0x00, 0x42, 0x00, 0x81, 0x00, 0x81, 0x00, 0x81, 0x00, 0x81, 0x00, 0x81, 0x00, 0x42, 0x00,
	0x3c, 0x00, 0x31, 0x00, 0x5e, 0x00, 0x00, 0x00, 0x00, 0x00, 0x00, 0x00, 0xfc, 0x00, 0x42, 0x00,
	0x42, 0x00, 0x42, 0x00, 0x44, 0x00, 0x78, 0x00, 0x44, 0x00, 0x42, 0x00, 0xe1, 0x00, 0x00, 0x00,
	0x00, 0x00, 0x00, 0x00, 0x00, 0x00, 0x00, 0x00, 0x3a, 0x00, 0x46, 0x00, 0x42, 0x00, 0x40, 0x00,
	0x3c, 0x00, 0x02, 0x00, 0x42, 0x00, 0x62, 0x00, 0x5c, 0x00, 0x00, 0x00, 0x00, 0x00, 0x00, 0x00,
	0x00, 0x00, 0x00, 0x00, 0x7f, 0x00, 0x49, 0x00, 0x49, 0x00, 0x08, 0x00, 0x08, 0x00, 0x08, 0x00,
	0x08, 0x00, 0x08, 0x00, 0x3e, 0x00, 0x00, 0x00, 0x00, 0x00, 0x00, 0x00, 0x00, 0x00, 0x00, 0x00,
	0xe7, 0x00, 0x42, 0x00, 0x42, 0x00, 0x42, 0x00, 0x42, 0x00, 0x42, 0x00, 0x42, 0x00, 0x42, 0x00,
	0x3c, 0x00, 0x00, 0x00, 0x00, 0x00, 0x00, 0x00, 0x00, 0x00, 0x00, 0x00, 0xe3, 0x80, 0x41, 0x00,
	0x41, 0x00, 0x22, 0x00, 0x22, 0x00, 0x14, 0x00, 0x14, 0x00, 0x08, 0x00, 0x08, 0x00, 0x00, 0x00,
	0x00, 0x00, 0x00, 0x00, 0x00, 0x00, 0x00, 0x00, 0xe3, 0x80, 0x41, 0x00, 0x49, 0x00, 0x49, 0x00,
	0x55, 0x00, 0x55, 0x00, 0x22, 0x00, 0x22, 0x00, 0x22, 0x00, 0x00, 0x00, 0x00, 0x00, 0x00, 0x00,
	0x00, 0x00, 0x00, 0x00, 0xe7, 0x00, 0x42, 0x00, 0x24, 0x00, 0x24, 0x00, 0x18, 0x00, 0x24, 0x00,
	0x24, 0x00, 0x42, 0x00, 0xe7, 0x00, 0x00, 0x00, 0x00, 0x00, 0x00, 0x00, 0x00, 0x00, 0x00, 0x00,
	0xee, 0x00, 0x44, 0x00, 0x44, 0x00, 0x28, 0x00, 0x28, 0x00, 0x10, 0x00, 0x10, 0x00, 0x10, 0x00,
	0x7c, 0x00, 0x00, 0x00, 0x00, 0x00, 0x00, 0x00, 0x00, 0x00, 0x00, 0x00, 0x7e, 0x00, 0x42, 0x00,
	0x44, 0x00, 0x08, 0x00, 0x10, 0x00, 0x10, 0x00, 0x22, 0x00, 0x42, 0x00, 0x7e, 0x00, 0x00, 0x00,
	0x00, 0x00, 0x00, 0x00, 0x00, 0x00, 0x1c, 0x00, 0x10, 0x00, 0x10, 0x00, 0x10, 0x00, 0x10, 0x00,
	0x10, 0x00, 0x10, 0x00, 0x10, 0x00, 0x10, 0x00, 0x10, 0x00, 0x10, 0x00, 0x1c, 0x00, 0x00, 0x00,
	0x00, 0x00, 0x40, 0x00, 0x20, 0x00, 0x20, 0x00, 0x10, 0x00, 0x10, 0x00, 0x08, 0x00, 0x08, 0x00,
	0x04, 0x00, 0x04, 0x00, 0x02, 0x00, 0x02, 0x00, 0x00, 0x00, 0x00, 0x00, 0x00, 0x00, 0x38, 0x00,
	0x08, 0x00, 0x08, 0x00, 0x08, 0x00, 0x08, 0x00, 0x08, 0x00, 0x08, 0x00, 0x08, 0x00, 0x08, 0x00,
	0x08, 0x00, 0x08, 0x00, 0x38, 0x00, 0x00, 0x00, 0x00, 0x00, 0x00, 0x00, 0x08, 0x00, 0x14, 0x00,
	0x14, 0x00, 0x22, 0x00, 0x22, 0x00, 0x00, 0x00, 0x00, 0x00, 0x00, 0x00, 0x00, 0x00, 0x00, 0x00,
	0x00, 0x00, 0x00, 0x00, 0x00, 0x00, 0x00, 0x00, 0x00, 0x00, 0x00, 0x00, 0x00, 0x00, 0x00, 0x00,
	0x00, 0x00, 0x00, 0x00, 0x00, 0x00, 0x00, 0x00, 0x00, 0x00, 0x00, 0x00, 0x00, 0x00, 0xff, 0x80,
	0x00, 0x00, 0x30, 0x00, 0x0c, 0x00, 0x00, 0x00, 0x00, 0x00, 0x00, 0x00, 0x00, 0x00, 0x00, 0x00,
	0x00, 0x00, 0x00, 0x00, 0x00, 0x00, 0x00, 0x00, 0x00, 0x00, 0x00, 0x00, 0x00, 0x00, 0x00, 0x00,
	0x00, 0x00, 0x00, 0x00, 0x3c, 0x00, 0x42, 0x00, 0x02, 0x00, 0x3e, 0x00, 0x42, 0x00, 0x42, 0x00,
	0x3d, 0x00, 0x00, 0x00, 0x00, 0x00, 0x00, 0x00, 0x00, 0x00, 0xc0, 0x00, 0x40, 0x00, 0x40, 0x00,
	0x5c, 0x00, 0x62, 0x00, 0x41, 0x00, 0x41, 0x00, 0x41, 0x00, 0x62, 0x00, 0xdc, 0x00, 0x00, 0x00,
	0x00, 0x00, 0x00, 0x00, 0x00, 0x00, 0x00, 0x00, 0x00, 0x00, 0x00, 0x00, 0x1d, 0x00, 0x23, 0x00,
	0x41, 0x00, 0x40, 0x00, 0x40, 0x00, 0x21, 0x00, 0x1e, 0x00, 0x00, 0x00, 0x00, 0x00, 0x00, 0x00,
	0x00, 0x00, 0x06, 0x00, 0x02, 0x00, 0x02, 0x00, 0x3a, 0x00, 0x46, 0x00, 0x82, 0x00, 0x82, 0x00,
	0x82, 0x00, 0x46, 0x00, 0x3b, 0x00, 0x00, 0x00, 0x00, 0x00, 0x00, 0x00, 0x00, 0x00, 0x00, 0x00,
	0x00, 0x00, 0x00, 0x00, 0x1c, 0x00, 0x22, 0x00, 0x41, 0x00, 0x7f, 0x00, 0x40, 0x00, 0x21, 0x00,
	0x1e, 0x00, 0x00, 0x00, 0x00, 0x00, 0x00, 0x00, 0x00, 0x00, 0x0f, 0x00, 0x10, 0x00, 0x10, 0x00,
	0x7e, 0x00, 0x10, 0x00, 0x10, 0x00, 0x10, 0x00, 0x10, 0x00, 0x10, 0x00, 0x7c, 0x00, 0x00, 0x00,
	0x00, 0x00, 0x00, 0x00, 0x00, 0x00, 0x00, 0x00, 0x00, 0x00, 0x00, 0x00, 0x3b, 0x00, 0x46, 0x00,
	0x82, 0x00, 0x82, 0x00, 0x82, 0x00, 0x46, 0x00, 0x3a, 0x00, 0x02, 0x00, 0x04, 0x00, 0x78, 0x00,
	0x00, 0x00, 0xc0, 0x00, 0x40, 0x00, 0x40, 0x00, 0x5c, 0x00, 0x62, 0x00, 0x42, 0x00, 0x42, 0x00,
	0x42, 0x00, 0x42, 0x00, 0xe7, 0x00, 0x00, 0x00, 0x00, 0x00, 0x00, 0x00, 0x00, 0x00, 0x08, 0x00,
	0x08, 0x00, 0x00, 0x00, 0x38, 0x00, 0x08, 0x00, 0x08, 0x00, 0x08, 0x00, 0x08, 0x00, 0x08, 0x00,
	0x3e, 0x00, 0x00, 0x00, 0x00, 0x00, 0x00, 0x00, 0x00, 0x00, 0x04, 0x00, 0x04, 0x00, 0x00, 0x00,
	0x7c, 0x00, 0x04, 0x00, 0x04, 0x00, 0x04, 0x00, 0x04, 0x00, 0x04, 0x00, 0x04, 0x00, 0x04, 0x00,
	0x08, 0x00, 0x70, 0x00, 0x00, 0x00, 0x60, 0x00, 0x20, 0x00, 0x20, 0x00, 0x27, 0x00, 0x24, 0x00,
	0x28, 0x00, 0x30, 0x00, 0x28, 0x00, 0x24, 0x00, 0x67, 0x00, 0x00, 0x00, 0x00, 0x00, 0x00, 0x00,
	0x00, 0x00, 0x38, 0x00, 0x08, 0x00, 0x08, 0x00, 0x08, 0x00, 0x08, 0x00, 0x08, 0x00, 0x08, 0x00,
	0x08, 0x00, 0x08, 0x00, 0x3e, 0x00, 0x00, 0x00, 0x00, 0x00, 0x00, 0x00, 0x00, 0x00, 0x00, 0x00,
	0x00, 0x00, 0x00, 0x00, 0xdb, 0x00, 0x6d, 0x00, 0x49, 0x00, 0x49, 0x00, 0x49, 0x00, 0x49, 0x00,
	0xed, 0x80, 0x00, 0x00, 0x00, 0x00, 0x00, 0x00, 0x00, 0x00, 0x00, 0x00, 0x00, 0x00, 0x00, 0x00,
	0xdc, 0x00, 0x62, 0x00, 0x42, 0x00, 0x42, 0x00, 0x42, 0x00, 0x42, 0x00, 0xe7, 0x00, 0x00, 0x00,
	0x00, 0x00, 0x00, 0x00, 0x00, 0x00, 0x00, 0x00, 0x00, 0x00, 0x00, 0x00, 0x3c, 0x00, 0x42, 0x00,
	0x81, 0x00, 0x81, 0x00, 0x81, 0x00, 0x42, 0x00, 0x3c, 0x00, 0x00, 0x00, 0x00, 0x00, 0x00, 0x00,
	0x00, 0x00, 0x00, 0x00, 0x00, 0x00, 0x00, 0x00, 0xdc, 0x00, 0x62, 0x00, 0x41, 0x00, 0x41, 0x00,
	0x41, 0x00, 0x62, 0x00, 0x5c, 0x00, 0x40, 0x00, 0x40, 0x00, 0xf0, 0x00, 0x00, 0x00, 0x00, 0x00,
	0x00, 0x00, 0x00, 0x00, 0x3b, 0x00, 0x46, 0x00, 0x82, 0x00, 0x82, 0x00, 0x82, 0x00, 0x46, 0x00,
	0x3a, 0x00, 0x02, 0x00, 0x02, 0x00, 0x0f, 0x00, 0x00, 0x00, 0x00, 0x00, 0x00, 0x00, 0x00, 0x00,
	0x66, 0x00, 0x29, 0x00, 0x30, 0x00, 0x20, 0x00, 0x20, 0x00, 0x20, 0x00, 0x7c, 0x00, 0x00, 0x00,
	0x00, 0x00, 0x00, 0x00, 0x00, 0x00, 0x00, 0x00, 0x00, 0x00, 0x00, 0x00, 0x3e, 0x00, 0x42, 0x00,
	0x40, 0x00, 0x3c, 0x00, 0x02, 0x00, 0x42, 0x00, 0x7c, 0x00, 0x00, 0x00, 0x00, 0x00, 0x00, 0x00,
	0x00, 0x00, 0x00, 0x00, 0x20, 0x00, 0x20, 0x00, 0xfc, 0x00, 0x20, 0x00, 0x20, 0x00, 0x20, 0x00,
	0x20, 0x00, 0x22, 0x00, 0x1c, 0x00, 0x00, 0x00, 0x00, 0x00, 0x00, 0x00, 0x00, 0x00, 0x00, 0x00,
	0x00, 0x00, 0x00, 0x00, 0xc6, 0x00, 0x42, 0x00, 0x42, 0x00, 0x42, 0x00, 0x42, 0x00, 0x46, 0x00,
	0x3b, 0x00, 0x00, 0x00, 0x00, 0x00, 0x00, 0x00, 0x00, 0x00, 0x00, 0x00, 0x00, 0x00, 0x00, 0x00,
	0xe7, 0x00, 0x42, 0x00, 0x42, 0x00, 0x24, 0x00, 0x24, 0x00, 0x18, 0x00, 0x18, 0x00, 0x00, 0x00,
	0x00, 0x00, 0x00, 0x00, 0x00, 0x00, 0x00, 0x00, 0x00, 0x00, 0x00, 0x00, 0xe3, 0x80, 0x41, 0x00,
	0x49, 0x00, 0x49, 0x00, 0x2a, 0x00, 0x36, 0x00, 0x22, 0x00, 0x00, 0x00, 0x00, 0x00, 0x00, 0x00,
	0x00, 0x00, 0x00, 0x00, 0x00, 0x00, 0x00, 0x00, 0xee, 0x00, 0x44, 0x00, 0x28, 0x00, 0x10, 0x00,
	0x28, 0x00, 0x44, 0x00, 0xee, 0x00, 0x00, 0x00, 0x00, 0x00, 0x00, 0x00, 0x00, 0x00, 0x00, 0x00,
	0x00, 0x00, 0x00, 0x00, 0xe7, 0x00, 0x42, 0x00, 0x42, 0x00, 0x24, 0x00, 0x24, 0x00, 0x18, 0x00,
	0x08, 0x00, 0x10, 0x00, 0x10, 0x00, 0x78, 0x00, 0x00, 0x00, 0x00, 0x00, 0x00, 0x00, 0x00, 0x00,
	0x3e, 0x00, 0x22, 0x00, 0x04, 0x00, 0x08, 0x00, 0x10, 0x00, 0x22, 0x00, 0x3e, 0x00, 0x00, 0x00,
	0x00, 0x00, 0x00, 0x00, 0x00, 0x00, 0x08, 0x00, 0x10, 0x00, 0x10, 0x00, 0x10, 0x00, 0x10, 0x00,
	0x20, 0x00, 0x10, 0x00, 0x10, 0x00, 0x10, 0x00, 0x10, 0x00, 0x10, 0x00, 0x08, 0x00, 0x00, 0x00,
	0x00, 0x00, 0x00, 0x00, 0x10, 0x00, 0x10, 0x00, 0x10, 0x00, 0x10, 0x00, 0x10, 0x00, 0x10, 0x00,
	0x10, 0x00, 0x10, 0x00, 0x10, 0x00, 0x10, 0x00, 0x10, 0x00, 0x00, 0x00, 0x00, 0x00, 0x20, 0x00,
	0x10, 0x00, 0x10, 0x00, 0x10, 0x00, 0x10, 0x00, 0x08, 0x00, 0x10, 0x00, 0x10, 0x00, 0x10, 0x00,
	0x10, 0x00, 0x10, 0x00, 0x20, 0x00, 0x00, 0x00, 0x00, 0x00, 0x00, 0x00, 0x00, 0x00, 0x00, 0x00,
	0x00, 0x00, 0x00, 0x00, 0x32, 0x00, 0x4c, 0x00, 0x00, 0x00, 0x00, 0x00, 0x00, 0x00, 0x00, 0x00,
	0x00, 0x00, 0x00, 0x00, 0x00, 0x00, 0x00, 0x00, 0x38, 0x00, 0x44, 0x00, 0x04, 0x00, 0x04, 0x00,
	0x18, 0x00, 0x10, 0x00, 0x00, 0x00, 0x10, 0x00, 0x10, 0x00, 0x00, 0x00, 0x00, 0x00, 0x00, 0x00,
	0x00, 0x00, 0x00, 0x00, 0x38, 0x00, 0x44, 0x00, 0x04, 0x00, 0x04, 0x00, 0x18, 0x00, 0x10, 0x00,
	0x00, 0x00, 0x10, 0x00, 0x10, 0x00, 0x00, 0x00, 0x00, 0x00, 0x00, 0x00, 0x00, 0x00, 0x00, 0x00,
	0x38, 0x00, 0x44, 0x00, 0x04, 0x00, 0x04, 0x00, 0x18, 0x00, 0x10, 0x00, 0x00, 0x00, 0x10, 0x00,
	0x10, 0x00, 0x00, 0x00, 0x00, 0x00, 0x00, 0x00, 0x00, 0x00, 0x00, 0x00, 0x38, 0x00, 0x44, 0x00,
	0x04, 0x00, 0x04, 0x00, 0x18, 0x00, 0x10, 0x00, 0x00, 0x00, 0x10, 0x00, 0x10, 0x00, 0x00, 0x00,
	0x00, 0x00, 0x00, 0x00, 0x00, 0x00, 0x00, 0x00, 0x38, 0x00, 0x44, 0x00, 0x04, 0x00, 0x04, 0x00,
	0x18, 0x00, 0x10, 0x00, 0x00, 0x00, 0x10, 0x00, 0x10, 0x00, 0x00, 0x00, 0x00, 0x00, 0x00, 0x00,
	0x00, 0x00, 0x00, 0x00, 0x38, 0x00, 0x44, 0x00, 0x04, 0x00, 0x04, 0x00, 0x18, 0x00, 0x10, 0x00,
	0x00, 0x00, 0x10, 0x00, 0x10, 0x00, 0x00, 0x00, 0x00, 0x00, 0x00, 0x00, 0x00, 0x00, 0x00, 0x00,
	0x38, 0x00, 0x44, 0x00, 0x04, 0x00, 0x04, 0x00, 0x18, 0x00, 0x10, 0x00, 0x00, 0x00, 0x10, 0x00,
	0x10, 0x00, 0x00, 0x00, 0x00, 0x00, 0x00, 0x00, 0x00, 0x00, 0x00, 0x00, 0x38, 0x00, 0x44, 0x00,
	0x04, 0x00, 0x04, 0x00, 0x18, 0x00, 0x10, 0x00, 0x00, 0x00, 0x10, 0x00, 0x10, 0x00, 0x00, 0x00,
	0x00, 0x00, 0x00, 0x00, 0x00, 0x00, 0x00, 0x00, 0x38, 0x00, 0x44, 0x00, 0x04, 0x00, 0x04, 0x00,
	0x18, 0x00, 0x10, 0x00, 0x00, 0x00, 0x10, 0x00, 0x10, 0x00, 0x00, 0x00, 0x00, 0x00, 0x00, 0x00,
	0x00, 0x00, 0x00, 0x00, 0x38, 0x00, 0x44, 0x00, 0x04, 0x00, 0x04, 0x00, 0x18, 0x00, 0x10, 0x00,
	0x00, 0x00, 0x10, 0x00, 0x10, 0x00, 0x00, 0x00, 0x00, 0x00, 0x00, 0x00, 0x00, 0x00, 0x00, 0x00,
	0x38, 0x00, 0x44, 0x00, 0x04, 0x00, 0x04, 0x00, 0x18, 0x00, 0x10, 0x00, 0x00, 0x00, 0x10, 0x00,
	0x10, 0x00, 0x00, 0x00, 0x00, 0x00, 0x00, 0x00, 0x00, 0x00, 0x00, 0x00, 0x38, 0x00, 0x44, 0x00,
	0x04, 0x00, 0x04, 0x00, 0x18, 0x00, 0x10, 0x00, 0x00, 0x00, 0x10, 0x00, 0x10, 0x00, 0x00, 0x00,
	0x00, 0x00, 0x00, 0x00, 0x00, 0x00, 0x00, 0x00, 0x38, 0x00, 0x44, 0x00, 0x04, 0x00, 0x04, 0x00,
	0x18, 0x00, 0x10, 0x00, 0x00, 0x00, 0x10, 0x00, 0x10, 0x00, 0x00, 0x00, 0x00, 0x00, 0x00, 0x00,
	0x00, 0x00, 0x00, 0x00, 0x38, 0x00, 0x44, 0x00, 0x04, 0x00, 0x04, 0x00, 0x18, 0x00, 0x10, 0x00,
	0x00, 0x00, 0x10, 0x00, 0x10, 0x00, 0x00, 0x00, 0x00, 0x00, 0x00, 0x00, 0x00, 0x00, 0x00, 0x00,
	0x38, 0x00, 0x44, 0x00, 0x04, 0x00, 0x04, 0x00, 0x18, 0x00, 0x10, 0x00, 0x00, 0x00, 0x10, 0x00,
	0x10, 0x00, 0x00, 0x00, 0x00, 0x00, 0x00, 0x00, 0x00, 0x00, 0x00, 0x00, 0x38, 0x00, 0x44, 0x00,
	0x04, 0x00, 0x04, 0x00, 0x18, 0x00, 0x10, 0x00, 0x00, 0x00, 0x10, 0x00, 0x10, 0x00, 0x00, 0x00,
	0x00, 0x00, 0x00, 0x00, 0x00, 0x00, 0x00, 0x00, 0x38, 0x00, 0x44, 0x00, 0x04, 0x00, 0x04, 0x00,
	0x18, 0x00, 0x10, 0x00, 0x00, 0x00, 0x10, 0x00, 0x10, 0x00, 0x00, 0x00, 0x00, 0x00, 0x00, 0x00,
	0x00, 0x00, 0x00, 0x00, 0x38, 0x00, 0x44, 0x00, 0x04, 0x00, 0x04, 0x00, 0x18, 0x00, 0x10, 0x00,
	0x00, 0x00, 0x10, 0x00, 0x10, 0x00, 0x00, 0x00, 0x00, 0x00, 0x00, 0x00, 0x00, 0x00, 0x00, 0x00,
	0x38, 0x00, 0x44, 0x00, 0x04, 0x00, 0x04, 0x00, 0x18, 0x00, 0x10, 0x00, 0x00, 0x00, 0x10, 0x00,
	0x10, 0x00, 0x00, 0x00, 0x00, 0x00, 0x00, 0x00, 0x00, 0x00, 0x00, 0x00, 0x38, 0x00, 0x44, 0x00,
	0x04, 0x00, 0x04, 0x00, 0x18, 0x00, 0x10, 0x00, 0x00, 0x00, 0x10, 0x00, 0x10, 0x00, 0x00, 0x00,
	0x00, 0x00, 0x00, 0x00, 0x00, 0x00, 0x00, 0x00, 0x38, 0x00, 0x44, 0x00, 0x04, 0x00, 0x04, 0x00,
	0x18, 0x00, 0x10, 0x00, 0x00, 0x00, 0x10, 0x00, 0x10, 0x00, 0x00, 0x00, 0x00, 0x00, 0x00, 0x00,
	0x00, 0x00, 0x00, 0x00, 0x38, 0x00, 0x44, 0x00, 0x04, 0x00, 0x04, 0x00, 0x18, 0x00, 0x10, 0x00,
	0x00, 0x00, 0x10, 0x00, 0x10, 0x00, 0x00, 0x00, 0x00, 0x00, 0x00, 0x00, 0x00, 0x00, 0x00, 0x00,
	0x38, 0x00, 0x44, 0x00, 0x04, 0x00, 0x04, 0x00, 0x18, 0x00, 0x10, 0x00, 0x00, 0x00, 0x10, 0x00,
	0x10, 0x00, 0x00, 0x00, 0x00, 0x00, 0x00, 0x00, 0x00, 0x00, 0x00, 0x00, 0x38, 0x00, 0x44, 0x00,
	0x04, 0x00, 0x04, 0x00, 0x18, 0x00, 0x10, 0x00, 0x00, 0x00, 0x10, 0x00, 0x10, 0x00, 0x00, 0x00,
	0x00, 0x00, 0x00, 0x00, 0x00, 0x00, 0x00, 0x00, 0x38, 0x00, 0x44, 0x00, 0x04, 0x00, 0x04, 0x00,
	0x18, 0x00, 0x10, 0x00, 0x00, 0x00, 0x10, 0x00, 0x10, 0x00, 0x00, 0x00, 0x00, 0x00, 0x00, 0x00,
	0x00, 0x00, 0x00, 0x00, 0x38, 0x00, 0x44, 0x00, 0x04, 0x00, 0x04, 0x00, 0x18, 0x00, 0x10, 0x00,
	0x00, 0x00, 0x10, 0x00, 0x10, 0x00, 0x00, 0x00, 0x00, 0x00, 0x00, 0x00, 0x00, 0x00, 0x00, 0x00,
	0x38, 0x00, 0x44, 0x00, 0x04, 0x00, 0x04, 0x00, 0x18, 0x00, 0x10, 0x00, 0x00, 0x00, 0x10, 0x00,
	0x10, 0x00, 0x00, 0x00, 0x00, 0x00, 0x00, 0x00, 0x00, 0x00, 0x00, 0x00, 0x38, 0x00, 0x44, 0x00,
	0x04, 0x00, 0x04, 0x00, 0x18, 0x00, 0x10, 0x00, 0x00, 0x00, 0x10, 0x00, 0x10, 0x00, 0x00, 0x00,
	0x00, 0x00, 0x00, 0x00, 0x00, 0x00, 0x00, 0x00, 0x38, 0x00, 0x44, 0x00, 0x04, 0x00, 0x04, 0x00,
	0x18, 0x00, 0x10, 0x00, 0x00, 0x00, 0x10, 0x00, 0x10, 0x00, 0x00, 0x00, 0x00, 0x00, 0x00, 0x00,
	0x00, 0x00, 0x00, 0x00, 0x38, 0x00, 0x44, 0x00, 0x04, 0x00, 0x04, 0x00, 0x18, 0x00, 0x10, 0x00,
	0x00, 0x00, 0x10, 0x00, 0x10, 0x00, 0x00, 0x00, 0x00, 0x00, 0x00, 0x00, 0x00, 0x00, 0x00, 0x00,
	0x38, 0x00, 0x44, 0x00, 0x04, 0x00, 0x04, 0x00, 0x18, 0x00, 0x10, 0x00, 0x00, 0x00, 0x10, 0x00,
	0x10, 0x00, 0x00, 0x00, 0x00, 0x00, 0x00, 0x00, 0x00, 0x00, 0x00, 0x00, 0x38, 0x00, 0x44, 0x00,
	0x04, 0x00, 0x04, 0x00, 0x18, 0x00, 0x10, 0x00, 0x00, 0x00, 0x10, 0x00, 0x10, 0x00, 0x00, 0x00,
	0x00, 0x00, 0x00, 0x00, 0x00, 0x00, 0x00, 0x00, 0x38, 0x00, 0x44, 0x00, 0x04, 0x00, 0x04, 0x00,
	0x18, 0x00, 0x10, 0x00, 0x00, 0x00, 0x10, 0x00, 0x10, 0x00, 0x00, 0x00, 0x00, 0x00, 0x00, 0x00,
	0x00, 0x00, 0x00, 0x00, 0x00, 0x00, 0x00, 0x00, 0x00, 0x00, 0x00, 0x00, 0x00, 0x00, 0x00, 0x00,
	0x00, 0x00, 0x00, 0x00, 0x00, 0x00, 0x00, 0x00, 0x00, 0x00, 0x00, 0x00, 0x00, 0x00, 0x00, 0x00,
	0x00, 0x00, 0x00, 0x00, 0x08, 0x00, 0x08, 0x00, 0x00, 0x00, 0x08, 0x00, 0x08, 0x00, 0x08, 0x00,
	0x08, 0x00, 0x08, 0x00, 0x08, 0x00, 0x00, 0x00, 0x00, 0x00, 0x00, 0x00, 0x08, 0x00, 0x08, 0x00,
	0x1e, 0x00, 0x22, 0x00, 0x20, 0x00, 0x22, 0x00, 0x1c, 0x00, 0x08, 0x00, 0x08, 0x00, 0x00, 0x00,
	0x00, 0x00, 0x00, 0x00, 0x00, 0x00, 0x00, 0x00, 0x0c, 0x00, 0x12, 0x00, 0x10, 0x00, 0x10, 0x00,
	0x3c, 0x00, 0x10, 0x00, 0x10, 0x00, 0x21, 0x00, 0x7e, 0x00, 0x00, 0x00, 0x00, 0x00, 0x00, 0x00,
	0x00, 0x00, 0x00, 0x00, 0x00, 0x00, 0x00, 0x00, 0x5a, 0x00, 0x24, 0x00, 0x42, 0x00, 0x42, 0x00,
	0x24, 0x00, 0x5a, 0x00, 0x00, 0x00, 0x00, 0x00, 0x00, 0x00, 0x00, 0x00, 0x00, 0x00, 0x00, 0x00,
	0x77, 0x00, 0x22, 0x00, 0x22, 0x00, 0x14, 0x00, 0x3e, 0x00, 0x08, 0x00, 0x3e, 0x00, 0x08, 0x00,
	0x1c, 0x00, 0x00, 0x00, 0x00, 0x00, 0x00, 0x00, 0x00, 0x00, 0x00, 0x00, 0x10, 0x00, 0x10, 0x00,
	0x10, 0x00, 0x10, 0x00, 0x00, 0x00, 0x00, 0x00, 0x10, 0x00, 0x10, 0x00, 0x10, 0x00, 0x10, 0x00,
	0x10, 0x00, 0x00, 0x00, 0x00, 0x00, 0x00, 0x00, 0x1e, 0x00, 0x22, 0x00, 0x20, 0x00, 0x78, 0x00,
	0x44, 0x00, 0x22, 0x00, 0x1e, 0x00, 0x04, 0x00, 0x44, 0x00, 0x78, 0x00, 0x00, 0x00, 0x00, 0x00,
	0x00, 0x00, 0x00, 0x00, 0x36, 0x00, 0x00, 0x00, 0x00, 0x00, 0x00, 0x00, 0x00, 0x00, 0x00, 0x00,
	0x00, 0x00, 0x00, 0x00, 0x00, 0x00, 0x00, 0x00, 0x00, 0x00, 0x00, 0x00, 0x00, 0x00, 0x00, 0x00,
	0x3c, 0x00, 0x42, 0x00, 0x99, 0x00, 0xa5, 0x00, 0xa1, 0x00, 0xa5, 0x00, 0x99, 0x00, 0x42, 0x00,
	0x3c, 0x00, 0x00, 0x00, 0x00, 0x00, 0x00, 0x00, 0x00, 0x00, 0x00, 0x00, 0x30, 0x00, 0x08, 0x00,
	0x38, 0x00, 0x2c, 0x00, 0x00, 0x00, 0x3c, 0x00, 0x00, 0x00, 0x00, 0x00, 0x00, 0x00, 0x00, 0x00,
	0x00, 0x00, 0x00, 0x00, 0x00, 0x00, 0x00, 0x00, 0x00, 0x00, 0x00, 0x00, 0x11, 0x00, 0x22, 0x00,
	0x44, 0x00, 0xcc, 0x00, 0x44, 0x00, 0x22, 0x00, 0x11, 0x00, 0x00, 0x00, 0x00, 0x00, 0x00, 0x00,
	0x00, 0x00, 0x00, 0x00, 0x00, 0x00, 0x00, 0x00, 0x00, 0x00, 0x7f, 0x00, 0x01, 0x00, 0x01, 0x00,
	0x00, 0x00, 0x00, 0x00, 0x00, 0x00, 0x00, 0x00, 0x00, 0x00, 0x00, 0x00, 0x00, 0x00, 0x00, 0x00,
	0x00, 0x00, 0x00, 0x00, 0x00, 0x00, 0x00, 0x00, 0x7e, 0x00, 0x00, 0x00, 0x00, 0x00, 0x00, 0x00,
	0x00, 0x00, 0x00, 0x00, 0x00, 0x00, 0x00, 0x00, 0x00, 0x00, 0x00, 0x00, 0x3c, 0x00, 0x42, 0x00,
	0xb9, 0x00, 0xa5, 0x00, 0xb9, 0x00, 0xa9, 0x00, 0xa5, 0x00, 0x42, 0x00, 0x3c, 0x00, 0x00, 0x00,
	0x00, 0x00, 0x00, 0x00, 0x00, 0x00, 0x00, 0x00, 0x3c, 0x00, 0x00, 0x00, 0x00, 0x00, 0x00, 0x00,
	0x00, 0x00, 0x00, 0x00, 0x00, 0x00, 0x00, 0x00, 0x00, 0x00, 0x00, 0x00, 0x00, 0x00, 0x00, 0x00,
	0x00, 0x00, 0x18, 0x00, 0x24, 0x00, 0x24, 0x00, 0x18, 0x00, 0x00, 0x00, 0x00, 0x00, 0x00, 0x00,
	0x00, 0x00, 0x00, 0x00, 0x00, 0x00, 0x00, 0x00, 0x00, 0x00, 0x00, 0x00, 0x00, 0x00, 0x00, 0x00,
	0x00, 0x00, 0x08, 0x00, 0x08, 0x00, 0x7f, 0x00, 0x08, 0x00, 0x08, 0x00, 0x00, 0x00, 0x7f, 0x00,
	0x00, 0x00, 0x00, 0x00, 0x00, 0x00, 0x00, 0x00, 0x00, 0x00, 0x18, 0x00, 0x24, 0x00, 0x04, 0x00,
	0x08, 0x00, 0x10, 0x00, 0x3c, 0x00, 0x00, 0x00, 0x00, 0x00, 0x00, 0x00, 0x00, 0x00, 0x00, 0x00,
	0x00, 0x00, 0x00, 0x00, 0x00, 0x00, 0x18, 0x00, 0x24, 0x00, 0x18, 0x00, 0x04, 0x00, 0x24, 0x00,
	0x18, 0x00, 0x00, 0x00, 0x00, 0x00, 0x00, 0x00, 0x00, 0x00, 0x00, 0x00, 0x00, 0x00, 0x00, 0x00,
	0x00, 0x00, 0x0c, 0x00, 0x30, 0x00, 0x00, 0x00, 0x00, 0x00, 0x00, 0x00, 0x00, 0x00, 0x00, 0x00,
	0x00, 0x00, 0x00, 0x00, 0x00, 0x00, 0x00, 0x00, 0x00, 0x00, 0x00, 0x00, 0x00, 0x00, 0x00, 0x00,
	0x00, 0x00, 0x00, 0x00, 0xc6, 0x00, 0x42, 0x00, 0x42, 0x00, 0x42, 0x00, 0x42, 0x00, 0x46, 0x00,
	0x7b, 0x00, 0x40, 0x00, 0x40, 0x00, 0x40, 0x00, 0x00, 0x00, 0x00, 0x00, 0x3f, 0x00, 0x4a, 0x00,
	0x4a, 0x00, 0x4a, 0x00, 0x3a, 0x00, 0x0a, 0x00, 0x0a, 0x00, 0x0a, 0x00, 0x0a, 0x00, 0x1f, 0x00,
	0x00, 0x00, 0x00, 0x00, 0x00, 0x00, 0x00, 0x00, 0x00, 0x00, 0x00, 0x00, 0x00, 0x00, 0x00, 0x00,
	0x18, 0x00, 0x18, 0x00, 0x00, 0x00, 0x00, 0x00, 0x00, 0x00, 0x00, 0x00, 0x00, 0x00, 0x00, 0x00,
	0x00, 0x00, 0x00, 0x00, 0x00, 0x00, 0x00, 0x00, 0x00, 0x00, 0x00, 0x00, 0x00, 0x00, 0x00, 0x00,
	0x00, 0x00, 0x00, 0x00, 0x00, 0x00, 0x10, 0x00, 0x08, 0x00, 0x38, 0x00, 0x00, 0x00, 0x08, 0x00,
	0x18, 0x00, 0x08, 0x00, 0x08, 0x00, 0x08, 0x00, 0x1c, 0x00, 0x00, 0x00, 0x00, 0x00, 0x00, 0x00,
	0x00, 0x00, 0x00, 0x00, 0x00, 0x00, 0x00, 0x00, 0x00, 0x00, 0x00, 0x00, 0x18, 0x00, 0x24, 0x00,
	0x24, 0x00, 0x18, 0x00, 0x00, 0x00, 0x3c, 0x00, 0x00, 0x00, 0x00, 0x00, 0x00, 0x00, 0x00, 0x00,
	0x00, 0x00, 0x00, 0x00, 0x00, 0x00, 0x00, 0x00, 0x00, 0x00, 0x00, 0x00, 0x88, 0x00, 0x44, 0x00,
	0x22, 0x00, 0x33, 0x00, 0x22, 0x00, 0x44, 0x00, 0x88, 0x00, 0x00, 0x00, 0x00, 0x00, 0x00, 0x00,
	0x00, 0x00, 0x80, 0x00, 0x82, 0x00, 0x84, 0x00, 0x88, 0x00, 0x89, 0x00, 0xd3, 0x00, 0x25, 0x00,
	0x29, 0x00, 0x4f, 0x80, 0x81, 0x00, 0x00, 0x00, 0x00, 0x00, 0x00, 0x00, 0x00, 0x00, 0x80, 0x00,
	0x82, 0x00, 0x84, 0x00, 0x88, 0x00, 0x8b, 0x00, 0xd4, 0x80, 0x20, 0x80, 0x21, 0x00, 0x42, 0x00,
	0x87, 0x80, 0x00, 0x00, 0x00, 0x00, 0x00, 0x00, 0x00, 0x00, 0xc0, 0x00, 0xa2, 0x00, 0xc4, 0x00,
	0x28, 0x00, 0xa9, 0x00, 0xd3, 0x00, 0x25, 0x00, 0x29, 0x00, 0x4f, 0x80, 0x81, 0x00, 0x00, 0x00,
	0x00, 0x00, 0x00, 0x00, 0x00, 0x00, 0x00, 0x00, 0x00, 0x00, 0x00, 0x00, 0x08, 0x00, 0x08, 0x00,
	0x00, 0x00, 0x08, 0x00, 0x18, 0x00, 0x20, 0x00, 0x20, 0x00, 0x22, 0x00, 0x1c, 0x00, 0x00, 0x00,
	0x0c, 0x00, 0x00, 0x00, 0x38, 0x00, 0x08, 0x00, 0x14, 0x00, 0x14, 0x00, 0x22, 0x00, 0x3e, 0x00,
	0x41, 0x00, 0x41, 0x00, 0xf7, 0x80, 0x00, 0x00, 0x00, 0x00, 0x00, 0x00, 0x30, 0x00, 0x00, 0x00,
	0x38, 0x00, 0x08, 0x00, 0x14, 0x00, 0x14, 0x00, 0x22, 0x00, 0x3e, 0x00, 0x41, 0x00, 0x41, 0x00,
	0xf7, 0x80, 0x00, 0x00, 0x00, 0x00, 0x00, 0x00, 0x14, 0x00, 0x00, 0x00, 0x38, 0x00, 0x08, 0x00,
	0x14, 0x00, 0x14, 0x00, 0x22, 0x00, 0x3e, 0x00, 0x41, 0x00, 0x41, 0x00, 0xf7, 0x80, 0x00, 0x00,
	0x00, 0x00, 0x00, 0x00, 0x2c, 0x00, 0x00, 0x00, 0x38, 0x00, 0x08, 0x00, 0x14, 0x00, 0x14, 0x00,
	0x22, 0x00, 0x3e, 0x00, 0x41, 0x00, 0x41, 0x00, 0xf7, 0x80, 0x00, 0x00, 0x00, 0x00, 0x00, 0x00,
	0x36, 0x00, 0x00, 0x00, 0x38, 0x00, 0x08, 0x00, 0x14, 0x00, 0x14, 0x00, 0x22, 0x00, 0x3e, 0x00,
	0x41, 0x00, 0x41, 0x00, 0xf7, 0x80, 0x00, 0x00, 0x00, 0x00, 0x00, 0x00, 0x24, 0x00, 0x18, 0x00,
	0x38, 0x00, 0x08, 0x00, 0x14, 0x00, 0x14, 0x00, 0x22, 0x00, 0x3e, 0x00, 0x41, 0x00, 0x41, 0x00,
	0xf7, 0x80, 0x00, 0x00, 0x00, 0x00, 0x00, 0x00, 0x00, 0x00, 0x00, 0x00, 0x3f, 0x00, 0x19, 0x00,
	0x28, 0x00, 0x29, 0x00, 0x4f, 0x00, 0x79, 0x00, 0x88, 0x00, 0x89, 0x00, 0xdf, 0x00, 0x00, 0x00,
	0x00, 0x00, 0x00, 0x00, 0x00, 0x00, 0x00, 0x00, 0x1d, 0x00, 0x23, 0x00, 0x41, 0x00, 0x40, 0x00,
	0x40, 0x00, 0x40, 0x00, 0x40, 0x00, 0x21, 0x00, 0x1e, 0x00, 0x08, 0x00, 0x04, 0x00, 0x1c, 0x00,
	0x0c, 0x00, 0x00, 0x00, 0x7f, 0x00, 0x21, 0x00, 0x21, 0x00, 0x24, 0x00, 0x3c, 0x00, 0x24, 0x00,
	0x21, 0x00, 0x21, 0x00, 0x7f, 0x00, 0x00, 0x00, 0x00, 0x00, 0x00, 0x00, 0x18, 0x00, 0x00, 0x00,
	0x7f, 0x00, 0x21, 0x00, 0x21, 0x00, 0x24, 0x00, 0x3c, 0x00, 0x24, 0x00, 0x21, 0x00, 0x21, 0x00,
	0x7f, 0x00, 0x00, 0x00, 0x00, 0x00, 0x00, 0x00, 0x14, 0x00, 0x00, 0x00, 0x7f, 0x00, 0x21, 0x00,
	0x21, 0x00, 0x24, 0x00, 0x3c, 0x00, 0x24, 0x00, 0x21, 0x00, 0x21, 0x00, 0x7f, 0x00, 0x00, 0x00,
	0x00, 0x00, 0x00, 0x00, 0x36, 0x00, 0x00, 0x00, 0x7f, 0x00, 0x21, 0x00, 0x21, 0x00, 0x24, 0x00,
	0x3c, 0x00, 0x24, 0x00, 0x21, 0x00, 0x21, 0x00, 0x7f, 0x00, 0x00, 0x00, 0x00, 0x00, 0x00, 0x00,
	0x0c, 0x00, 0x00, 0x00, 0x3e, 0x00, 0x08, 0x00, 0x08, 0x00, 0x08, 0x00, 0x08, 0x00, 0x08, 0x00,
	0x08, 0x00, 0x08, 0x00, 0x3e, 0x00, 0x00, 0x00, 0x00, 0x00, 0x00, 0x00, 0x18, 0x00, 0x00, 0x00,
	0x3e, 0x00, 0x08, 0x00, 0x08, 0x00, 0x08, 0x00, 0x08, 0x00, 0x08, 0x00, 0x08, 0x00, 0x08, 0x00,
	0x3e, 0x00, 0x00, 0x00, 0x00, 0x00, 0x00, 0x00, 0x14, 0x00, 0x00, 0x00, 0x3e, 0x00, 0x08, 0x00,
	0x08, 0x00, 0x08, 0x00, 0x08, 0x00, 0x08, 0x00, 0x08, 0x00, 0x08, 0x00, 0x3e, 0x00, 0x00, 0x00,
	0x00, 0x00, 0x00, 0x00, 0x36, 0x00, 0x00, 0x00, 0x3e, 0x00, 0x08, 0x00, 0x08, 0x00, 0x08, 0x00,
	0x08, 0x00, 0x08, 0x00, 0x08, 0x00, 0x08, 0x00, 0x3e, 0x00, 0x00, 0x00, 0x00, 0x00, 0x00, 0x00,
	0x00, 0x00, 0x00, 0x00, 0xfc, 0x00, 0x42, 0x00, 0x41, 0x00, 0x41, 0x00, 0xf1, 0x00, 0x41, 0x00,
	0x41, 0x00, 0x42, 0x00, 0xfc, 0x00, 0x00, 0x00, 0x00, 0x00, 0x00, 0x00, 0x2c, 0x00, 0x00, 0x00,
	0xe7, 0x00, 0x62, 0x00, 0x52, 0x00, 0x52, 0x00, 0x4a, 0x00, 0x4a, 0x00, 0x46, 0x00, 0x46, 0x00,
	0xe2, 0x00, 0x00, 0x00, 0x00, 0x00, 0x00, 0x00, 0x0c, 0x00, 0x00, 0x00, 0x3c, 0x00, 0x42, 0x00,
	0x81, 0x00, 0x81, 0x00, 0x81, 0x00, 0x81, 0x00, 0x81, 0x00, 0x42, 0x00, 0x3c, 0x00, 0x00, 0x00,
	0x00, 0x00, 0x00, 0x00, 0x30, 0x00, 0x00, 0x00, 0x3c, 0x00, 0x42, 0x00, 0x81, 0x00, 0x81, 0x00,
	0x81, 0x00, 0x81, 0x00, 0x81, 0x00, 0x42, 0x00, 0x3c, 0x00, 0x00, 0x00, 0x00, 0x00, 0x00, 0x00,
	0x28, 0x00, 0x00, 0x00, 0x3c, 0x00, 0x42, 0x00, 0x81, 0x00, 0x81, 0x00, 0x81, 0x00, 0x81, 0x00,
	0x81, 0x00, 0x42, 0x00, 0x3c, 0x00, 0x00, 0x00, 0x00, 0x00, 0x00, 0x00, 0x2c, 0x00, 0x00, 0x00,
	0x3c, 0x00, 0x42, 0x00, 0x81, 0x00, 0x81, 0x00, 0x81, 0x00, 0x81, 0x00, 0x81, 0x00, 0x42, 0x00,
	0x3c, 0x00, 0x00, 0x00, 0x00, 0x00, 0x00, 0x00, 0x66, 0x00, 0x00, 0x00, 0x3c, 0x00, 0x42, 0x00,
	0x81, 0x00, 0x81, 0x00, 0x81, 0x00, 0x81, 0x00, 0x81, 0x00, 0x42, 0x00, 0x3c, 0x00, 0x00, 0x00,
	0x00, 0x00, 0x00, 0x00, 0x00, 0x00, 0x00, 0x00, 0x00, 0x00, 0x41, 0x00, 0x22, 0x00, 0x14, 0x00,
	0x08, 0x00, 0x14, 0x00, 0x22, 0x00, 0x41, 0x00, 0x00, 0x00, 0x00, 0x00, 0x00, 0x00, 0x00, 0x00,
	0x00, 0x00, 0x00, 0x00, 0x3d, 0x00, 0x42, 0x00, 0x85, 0x00, 0x89, 0x00, 0x91, 0x00, 0xa1, 0x00,
	0x41, 0x00, 0xc2, 0x00, 0xbc, 0x00, 0x00, 0x00, 0x00, 0x00, 0x00, 0x00, 0x0c, 0x00, 0x00, 0x00,
	0xe7, 0x00, 0x42, 0x00, 0x42, 0x00, 0x42, 0x00, 0x42, 0x00, 0x42, 0x00, 0x42, 0x00, 0x42, 0x00,
	0x3c, 0x00, 0x00, 0x00, 0x00, 0x00, 0x00, 0x00, 0x30, 0x00, 0x00, 0x00, 0xe7, 0x00, 0x42, 0x00,
	0x42, 0x00, 0x42, 0x00, 0x42, 0x00, 0x42, 0x00, 0x42, 0x00, 0x42, 0x00, 0x3c, 0x00, 0x00, 0x00,
	0x00, 0x00, 0x00, 0x00, 0x28, 0x00, 0x00, 0x00, 0xe7, 0x00, 0x42, 0x00, 0x42, 0x00, 0x42, 0x00,
	0x42, 0x00, 0x42, 0x00, 0x42, 0x00, 0x42, 0x00, 0x3c, 0x00, 0x00, 0x00, 0x00, 0x00, 0x00, 0x00,
	0x66, 0x00, 0x00, 0x00, 0xe7, 0x00, 0x42, 0x00, 0x42, 0x00, 0x42, 0x00, 0x42, 0x00, 0x42, 0x00,
	0x42, 0x00, 0x42, 0x00, 0x3c, 0x00, 0x00, 0x00, 0x00, 0x00, 0x00, 0x00, 0x18, 0x00, 0x00, 0x00,
	0x77, 0x00, 0x22, 0x00, 0x22, 0x00, 0x14, 0x00, 0x14, 0x00, 0x08, 0x00, 0x08, 0x00, 0x08, 0x00,
	0x3e, 0x00, 0x00, 0x00, 0x00, 0x00, 0x00, 0x00, 0x00, 0x00, 0x00, 0x00, 0xe0, 0x00, 0x40, 0x00,
	0x7c, 0x00, 0x42, 0x00, 0x42, 0x00, 0x42, 0x00, 0x7c, 0x00, 0x40, 0x00, 0xe0, 0x00, 0x00, 0x00,
	0x00, 0x00, 0x00, 0x00, 0x00, 0x00, 0x00, 0x00, 0x38, 0x00, 0x44, 0x00, 0x44, 0x00, 0x58, 0x00,
	0x44, 0x00, 0x42, 0x00, 0x42, 0x00, 0x52, 0x00, 0xcc, 0x00, 0x00, 0x00, 0x00, 0x00, 0x00, 0x00,
	0x00, 0x00, 0x30, 0x00, 0x0c, 0x00, 0x00, 0x00, 0x3c, 0x00, 0x42, 0x00, 0x02, 0x00, 0x3e, 0x00,
	0x42, 0x00, 0x46, 0x00, 0x3b, 0x00, 0x00, 0x00, 0x00, 0x00, 0x00, 0x00, 0x00, 0x00, 0x0c, 0x00,
	0x30, 0x00, 0x00, 0x00, 0x3c, 0x00, 0x42, 0x00, 0x02, 0x00, 0x3e, 0x00, 0x42, 0x00, 0x46, 0x00,
	0x3b, 0x00, 0x00, 0x00, 0x00, 0x00, 0x00, 0x00, 0x00, 0x00, 0x08, 0x00, 0x14, 0x00, 0x00, 0x00,
	0x3c, 0x00, 0x42, 0x00, 0x02, 0x00, 0x3e, 0x00, 0x42, 0x00, 0x46, 0x00, 0x3b, 0x00, 0x00, 0x00,
	0x00, 0x00, 0x00, 0x00, 0x00, 0x00, 0x1a, 0x00, 0x2c, 0x00, 0x00, 0x00, 0x3c, 0x00, 0x42, 0x00,
	0x02, 0x00, 0x3e, 0x00, 0x42, 0x00, 0x46, 0x00, 0x3b, 0x00, 0x00, 0x00, 0x00, 0x00, 0x00, 0x00,
	0x00, 0x00, 0x00, 0x00, 0x36, 0x00, 0x00, 0x00, 0x3c, 0x00, 0x42, 0x00, 0x02, 0x00, 0x3e, 0x00,
	0x42, 0x00, 0x46, 0x00, 0x3b, 0x00, 0x00, 0x00, 0x00, 0x00, 0x00, 0x00, 0x00, 0x00, 0x18, 0x00,
	0x24, 0x00, 0x18, 0x00, 0x3c, 0x00, 0x42, 0x00, 0x02, 0x00, 0x3e, 0x00, 0x42, 0x00, 0x46, 0x00,
	0x3b, 0x00, 0x00, 0x00, 0x00, 0x00, 0x00, 0x00, 0x00, 0x00, 0x00, 0x00, 0x00, 0x00, 0x00, 0x00,
	0x76, 0x00, 0x89, 0x00, 0x09, 0x00, 0x7f, 0x00, 0x88, 0x00, 0x89, 0x00, 0x76, 0x00, 0x00, 0x00,
	0x00, 0x00, 0x00, 0x00, 0x00, 0x00, 0x00, 0x00, 0x00, 0x00, 0x00, 0x00, 0x1d, 0x00, 0x23, 0x00,
	0x41, 0x00, 0x40, 0x00, 0x40, 0x00, 0x21, 0x00, 0x1e, 0x00, 0x08, 0x00, 0x04, 0x00, 0x1c, 0x00,
	0x00, 0x00, 0x30, 0x00, 0x0c, 0x00, 0x00, 0x00, 0x1c, 0x00, 0x22, 0x00, 0x41, 0x00, 0x7f, 0x00,
	0x40, 0x00, 0x21, 0x00, 0x1e, 0x00, 0x00, 0x00, 0x00, 0x00, 0x00, 0x00, 0x00, 0x00, 0x06, 0x00,
	0x18, 0x00, 0x00, 0x00, 0x1c, 0x00, 0x22, 0x00, 0x41, 0x00, 0x7f, 0x00, 0x40, 0x00, 0x21, 0x00,
	0x1e, 0x00, 0x00, 0x00, 0x00, 0x00, 0x00, 0x00, 0x00, 0x00, 0x08, 0x00, 0x14, 0x00, 0x00, 0x00,
	0x1c, 0x00, 0x22, 0x00, 0x41, 0x00, 0x7f, 0x00, 0x40, 0x00, 0x21, 0x00, 0x1e, 0x00, 0x00, 0x00,
	0x00, 0x00, 0x00, 0x00, 0x00, 0x00, 0x00, 0x00, 0x36, 0x00, 0x00, 0x00, 0x1c, 0x00, 0x22, 0x00,
	0x41, 0x00, 0x7f, 0x00, 0x40, 0x00, 0x21, 0x00, 0x1e, 0x00, 0x00, 0x00, 0x00, 0x00, 0x00, 0x00,
	0x00, 0x00, 0x30, 0x00, 0x0c, 0x00, 0x00, 0x00, 0x38, 0x00, 0x08, 0x00, 0x08, 0x00, 0x08, 0x00,
	0x08, 0x00, 0x08, 0x00, 0x3e, 0x00, 0x00, 0x00, 0x00, 0x00, 0x00, 0x00, 0x00, 0x00, 0x0c, 0x00,
	0x30, 0x00, 0x00, 0x00, 0x38, 0x00, 0x08, 0x00, 0x08, 0x00, 0x08, 0x00, 0x08, 0x00, 0x08, 0x00,
	0x3e, 0x00, 0x00, 0x00, 0x00, 0x00, 0x00, 0x00, 0x00, 0x00, 0x08, 0x00, 0x14, 0x00, 0x00, 0x00,
	0x38, 0x00, 0x08, 0x00, 0x08, 0x00, 0x08, 0x00, 0x08, 0x00, 0x08, 0x00, 0x3e, 0x00, 0x00, 0x00,
	0x00, 0x00, 0x00, 0x00, 0x00, 0x00, 0x00, 0x00, 0x36, 0x00, 0x00, 0x00, 0x38, 0x00, 0x08, 0x00,
	0x08, 0x00, 0x08, 0x00, 0x08, 0x00, 0x08, 0x00, 0x3e, 0x00, 0x00, 0x00, 0x00, 0x00, 0x00, 0x00,
	0xe4, 0x00, 0x18, 0x00, 0x28, 0x00, 0x44, 0x00, 0x3c, 0x00, 0x42, 0x00, 0x81, 0x00, 0x81, 0x00,
	0x81, 0x00, 0x42, 0x00, 0x3c, 0x00, 0x00, 0x00, 0x00, 0x00, 0x00, 0x00, 0x00, 0x00, 0x1a, 0x00,
	0x2c, 0x00, 0x00, 0x00, 0xdc, 0x00, 0x62, 0x00, 0x42, 0x00, 0x42, 0x00, 0x42, 0x00, 0x42, 0x00,
	0xe7, 0x00, 0x00, 0x00, 0x00, 0x00, 0x00, 0x00, 0x00, 0x00, 0x30, 0x00, 0x0c, 0x00, 0x00, 0x00,
	0x3c, 0x00, 0x42, 0x00, 0x81, 0x00, 0x81, 0x00, 0x81, 0x00, 0x42, 0x00, 0x3c, 0x00, 0x00, 0x00,
	0x00, 0x00, 0x00, 0x00, 0x00, 0x00, 0x0c, 0x00, 0x30, 0x00, 0x00, 0x00, 0x3c, 0x00, 0x42, 0x00,
	0x81, 0x00, 0x81, 0x00, 0x81, 0x00, 0x42, 0x00, 0x3c, 0x00, 0x00, 0x00, 0x00, 0x00, 0x00, 0x00,
	0x00, 0x00, 0x10, 0x00, 0x28, 0x00, 0x00, 0x00, 0x3c, 0x00, 0x42, 0x00, 0x81, 0x00, 0x81, 0x00,
	0x81, 0x00, 0x42, 0x00, 0x3c, 0x00, 0x00, 0x00, 0x00, 0x00, 0x00, 0x00, 0x00, 0x00, 0x1a, 0x00,
	0x2c, 0x00, 0x00, 0x00, 0x3c, 0x00, 0x42, 0x00, 0x81, 0x00, 0x81, 0x00, 0x81, 0x00, 0x42, 0x00,
	0x3c, 0x00, 0x00, 0x00, 0x00, 0x00, 0x00, 0x00, 0x00, 0x00, 0x00, 0x00, 0x6c, 0x00, 0x00, 0x00,
	0x3c, 0x00, 0x42, 0x00, 0x81, 0x00, 0x81, 0x00, 0x81, 0x00, 0x42, 0x00, 0x3c, 0x00, 0x00, 0x00,
	0x00, 0x00, 0x00, 0x00, 0x00, 0x00, 0x00, 0x00, 0x00, 0x00, 0x18, 0x00, 0x18, 0x00, 0x00, 0x00,
	0xff, 0x00, 0x00, 0x00, 0x18, 0x00, 0x18, 0x00, 0x00, 0x00, 0x00, 0x00, 0x00, 0x00, 0x00, 0x00,
	0x00, 0x00, 0x00, 0x00, 0x00, 0x00, 0x00, 0x00, 0x3d, 0x00, 0x46, 0x00, 0x89, 0x00, 0x91, 0x00,
	0xa1, 0x00, 0x42, 0x00, 0xbc, 0x00, 0x00, 0x00, 0x00, 0x00, 0x00, 0x00, 0x00, 0x00, 0x30, 0x00,
	0x0c, 0x00, 0x00, 0x00, 0xc6, 0x00, 0x42, 0x00, 0x42, 0x00, 0x42, 0x00, 0x42, 0x00, 0x46, 0x00,
	0x3b, 0x00, 0x00, 0x00, 0x00, 0x00, 0x00, 0x00, 0x00, 0x00, 0x0c, 0x00, 0x30, 0x00, 0x00, 0x00,
	0xc6, 0x00, 0x42, 0x00, 0x42, 0x00, 0x42, 0x00, 0x42, 0x00, 0x46, 0x00, 0x3b, 0x00, 0x00, 0x00,
	0x00, 0x00, 0x00, 0x00, 0x00, 0x00, 0x10, 0x00, 0x28, 0x00, 0x00, 0x00, 0xc6, 0x00, 0x42, 0x00,
	0x42, 0x00, 0x42, 0x00, 0x42, 0x00, 0x46, 0x00, 0x3b, 0x00, 0x00, 0x00, 0x00, 0x00, 0x00, 0x00,
	0x00, 0x00, 0x00, 0x00, 0x6c, 0x00, 0x00, 0x00, 0xc6, 0x00, 0x42, 0x00, 0x42, 0x00, 0x42, 0x00,
	0x42, 0x00, 0x46, 0x00, 0x3b, 0x00, 0x00, 0x00, 0x00, 0x00, 0x00, 0x00, 0x00, 0x00, 0x06, 0x00,
	0x18, 0x00, 0x00, 0x00, 0xe7, 0x00, 0x42, 0x00, 0x42, 0x00, 0x24, 0x00, 0x24, 0x00, 0x18, 0x00,
	0x08, 0x00, 0x10, 0x00, 0x10, 0x00, 0x78, 0x00, 0x00, 0x00, 0x00, 0x00, 0xc0, 0x00, 0x40, 0x00,
	0x5c, 0x00, 0x62, 0x00, 0x41, 0x00, 0x41, 0x00, 0x41, 0x00, 0x62, 0x00, 0x5c, 0x00, 0x40, 0x00,
	0x40, 0x00, 0xf0, 0x00, 0x00, 0x00, 0x00, 0x00, 0x36, 0x00, 0x00, 0x00, 0xe7, 0x00, 0x42, 0x00,
	0x42, 0x00, 0x24, 0x00, 0x24, 0x00, 0x18, 0x00, 0x08, 0x00, 0x10, 0x00, 0x10, 0x00, 0x78, 0x00,
};
static unsigned short o_courR10[] = {
	0, 28, 56, 84, 112, 140, 168, 196, 224, 252, 280, 308,
	336, 364, 392, 420, 448, 476, 504, 532, 560, 588, 616, 644,
	672, 700, 728, 756, 784, 812, 840, 868, 896, 924, 952, 980,
	1008, 1036, 1064, 1092, 1120, 1148, 1176, 1204, 1232, 1260, 1288, 1316,
	1344, 1372, 1400, 1428, 1456, 1484, 1512, 1540, 1568, 1596, 1624, 1652,
	1680, 1708, 1736, 1764, 1792, 1820, 1848, 1876, 1904, 1932, 1960, 1988,
	2016, 2044, 2072, 2100, 2128, 2156, 2184, 2212, 2240, 2268, 2296, 2324,
	2352, 2380, 2408, 2436, 2464, 2492, 2520, 2548, 2576, 2604, 2632, 2660,
	2688, 2716, 2744, 2772, 2800, 2828, 2856, 2884, 2912, 2940, 2968, 2996,
	3024, 3052, 3080, 3108, 3136, 3164, 3192, 3220, 3248, 3276, 3304, 3332,
	3360, 3388, 3416, 3444, 3472, 3500, 3528, 3556, 3584, 3612, 3640, 3668,
	3696, 3724, 3752, 3780, 3808, 3836, 3864, 3892, 3920, 3948, 3976, 4004,
	4032, 4060, 4088, 4116, 4144, 4172, 4200, 4228, 4256, 4284, 4312, 4340,
	4368, 4396, 4424, 4452, 4480, 4508, 4536, 4564, 4592, 4620, 4648, 4676,
	4704, 4732, 4760, 4788, 4816, 4844, 4872, 4900, 4928, 4956, 4984, 5012,
	5040, 5068, 5096, 5124, 5152, 5180, 5208, 5236, 5264, 5292, 5320, 5348,
	5376, 5404, 5432, 5460, 5488, 5516, 5544, 5572, 5600, 5628, 5656, 5684,
	5712, 5740, 5768, 5796, 5824, 5852, 5880, 5908, 5936, 5964, 5992, 6020,
	6048, 6076, 6104, 6132, 6160, 6188, 6216, 6244,
};
static unsigned char w_courR10[] = {
	9, 9, 9, 9, 9, 9, 9, 9, 9, 9, 9, 9, 9, 9, 9, 9,
	9, 9, 9, 9, 9, 9, 9, 9, 9, 9, 9, 9, 9, 9, 9, 9,
	9, 9, 9, 9, 9, 9, 9, 9, 9, 9, 9, 9, 9, 9, 9, 9,
	9, 9, 9, 9, 9, 9, 9, 9, 9, 9, 9, 9, 9, 9, 9, 9,
	9, 9, 9, 9, 9, 9, 9, 9, 9, 9, 9, 9, 9, 9, 9, 9,
	9, 9, 9, 9, 9, 9, 9, 9, 9, 9, 9, 9, 9, 9, 9, 9,
	9, 9, 9, 9, 9, 9, 9, 9, 9, 9, 9, 9, 9, 9, 9, 9,
	9, 9, 9, 9, 9, 9, 9, 9, 9, 9, 9, 9, 9, 9, 9, 9,
	9, 9, 9, 9, 9, 9, 9, 9, 9, 9, 9, 9, 9, 9, 9, 9,
	9, 9, 9, 9, 9, 9, 9, 9, 9, 9, 9, 9, 9, 9, 9, 9,
	9, 9, 9, 9, 9, 9, 9, 9, 9, 9, 9, 9, 9, 9, 9, 9,
	9, 9, 9, 9, 9, 9, 9, 9, 9, 9, 9, 9, 9, 9, 9, 9,
	9, 9, 9, 9, 9, 9, 9, 9, 9, 9, 9, 9, 9, 9, 9, 9,
	9, 9, 9, 9, 9, 9, 9, 9, 9, 9, 9, 9, 9, 9, 9, 9,
};

#define F_courR10 { "Courier", 10, 14, 11, 3, 400, 0, 1, 48, 9, 9, 0x20, 0xff, w_courR10, o_courR10, b_courR10 }

/* -Adobe-Courier-Medium-R-Normal--17-120-100-100-M-100-ISO8859-1 courR12.pcf.gz sha256 acba3371237fefb8abfbc02553923e288ecd4b159dbf83e32740b8e8eae42fe3 */
static unsigned char b_courR12[] = {
	0x00, 0x00, 0x00, 0x00, 0x00, 0x00, 0x00, 0x00, 0x00, 0x00, 0x00, 0x00, 0x00, 0x00, 0x00, 0x00,
	0x00, 0x00, 0x00, 0x00, 0x00, 0x00, 0x00, 0x00, 0x00, 0x00, 0x00, 0x00, 0x00, 0x00, 0x00, 0x00,
	0x08, 0x00, 0x08, 0x00, 0x08, 0x00, 0x08, 0x00, 0x08, 0x00, 0x08, 0x00, 0x08, 0x00, 0x08, 0x00,
	0x00, 0x00, 0x08, 0x00, 0x08, 0x00, 0x00, 0x00, 0x00, 0x00, 0x00, 0x00, 0x00, 0x00, 0x12, 0x00,
	0x12, 0x00, 0x12, 0x00, 0x12, 0x00, 0x12, 0x00, 0x00, 0x00, 0x00, 0x00, 0x00, 0x00, 0x00, 0x00,
	0x00, 0x00, 0x00, 0x00, 0x00, 0x00, 0x00, 0x00, 0x00, 0x00, 0x00, 0x00, 0x14, 0x00, 0x14, 0x00,
	0x14, 0x00, 0x14, 0x00, 0x7f, 0x00, 0x14, 0x00, 0x14, 0x00, 0x7f, 0x00, 0x14, 0x00, 0x14, 0x00,
	0x14, 0x00, 0x14, 0x00, 0x00, 0x00, 0x00, 0x00, 0x08, 0x00, 0x08, 0x00, 0x1e, 0x00, 0x22, 0x00,
	0x20, 0x00, 0x20, 0x00, 0x1c, 0x00, 0x02, 0x00, 0x02, 0x00, 0x22, 0x00, 0x3c, 0x00, 0x08, 0x00,
	0x08, 0x00, 0x00, 0x00, 0x00, 0x00, 0x00, 0x00, 0x38, 0x00, 0x44, 0x00, 0x44, 0x00, 0x38, 0x00,
	0x03, 0x00, 0x1c, 0x00, 0x60, 0x00, 0x0e, 0x00, 0x11, 0x00, 0x11, 0x00, 0x0e, 0x00, 0x00, 0x00,
	0x00, 0x00, 0x00, 0x00, 0x00, 0x00, 0x00, 0x00, 0x00, 0x00, 0x18, 0x00, 0x24, 0x00, 0x20, 0x00,
	0x10, 0x00, 0x32, 0x00, 0x4a, 0x00, 0x44, 0x00, 0x44, 0x00, 0x3a, 0x00, 0x00, 0x00, 0x00, 0x00,
	0x00, 0x00, 0x00, 0x00, 0x08, 0x00, 0x08, 0x00, 0x08, 0x00, 0x08, 0x00, 0x08, 0x00, 0x00, 0x00,
	0x00, 0x00, 0x00, 0x00, 0x00, 0x00, 0x00, 0x00, 0x00, 0x00, 0x00, 0x00, 0x00, 0x00, 0x00, 0x00,
	0x00, 0x00, 0x02, 0x00, 0x04, 0x00, 0x04, 0x00, 0x04, 0x00, 0x08, 0x00, 0x08, 0x00, 0x08, 0x00,
	0x08, 0x00, 0x08, 0x00, 0x04, 0x00, 0x04, 0x00, 0x04, 0x00, 0x02, 0x00, 0x00, 0x00, 0x00, 0x00,
	0x20, 0x00, 0x10, 0x00, 0x10, 0x00, 0x10, 0x00, 0x08, 0x00, 0x08, 0x00, 0x08, 0x00, 0x08, 0x00,
	0x08, 0x00, 0x10, 0x00, 0x10, 0x00, 0x10, 0x00, 0x20, 0x00, 0x00, 0x00, 0x00, 0x00, 0x08, 0x00,
	0x08, 0x00, 0x7f, 0x00, 0x1c, 0x00, 0x14, 0x00, 0x22, 0x00, 0x00, 0x00, 0x00, 0x00, 0x00, 0x00,
	0x00, 0x00, 0x00, 0x00, 0x00, 0x00, 0x00, 0x00, 0x00, 0x00, 0x00, 0x00, 0x00, 0x00, 0x00, 0x00,
	0x08, 0x00, 0x08, 0x00, 0x08, 0x00, 0x08, 0x00, 0x7f, 0x00, 0x08, 0x00, 0x08, 0x00, 0x08, 0x00,
	0x08, 0x00, 0x00, 0x00, 0x00, 0x00, 0x00, 0x00, 0x00, 0x00, 0x00, 0x00, 0x00, 0x00, 0x00, 0x00,
	0x00, 0x00, 0x00, 0x00, 0x00, 0x00, 0x00, 0x00, 0x00, 0x00, 0x00, 0x00, 0x18, 0x00, 0x18, 0x00,
	0x10, 0x00, 0x20, 0x00, 0x00, 0x00, 0x00, 0x00, 0x00, 0x00, 0x00, 0x00, 0x00, 0x00, 0x00, 0x00,
	0x00, 0x00, 0x00, 0x00, 0x7f, 0x00, 0x00, 0x00, 0x00, 0x00, 0x00, 0x00, 0x00, 0x00, 0x00, 0x00,
	0x00, 0x00, 0x00, 0x00, 0x00, 0x00, 0x00, 0x00, 0x00, 0x00, 0x00, 0x00, 0x00, 0x00, 0x00, 0x00,
	0x00, 0x00, 0x00, 0x00, 0x00, 0x00, 0x00, 0x00, 0x18, 0x00, 0x18, 0x00, 0x00, 0x00, 0x00, 0x00,
	0x00, 0x00, 0x00, 0x00, 0x01, 0x00, 0x01, 0x00, 0x02, 0x00, 0x02, 0x00, 0x04, 0x00, 0x04, 0x00,
	0x04, 0x00, 0x08, 0x00, 0x08, 0x00, 0x10, 0x00, 0x10, 0x00, 0x20, 0x00, 0x20, 0x00, 0x00, 0x00,
	0x00, 0x00, 0x1c, 0x00, 0x22, 0x00, 0x22, 0x00, 0x41, 0x00, 0x41, 0x00, 0x41, 0x00, 0x41, 0x00,
	0x41, 0x00, 0x22, 0x00, 0x22, 0x00, 0x1c, 0x00, 0x00, 0x00, 0x00, 0x00, 0x00, 0x00, 0x00, 0x00,
	0x08, 0x00, 0x18, 0x00, 0x68, 0x00, 0x08, 0x00, 0x08, 0x00, 0x08, 0x00, 0x08, 0x00, 0x08, 0x00,
	0x08, 0x00, 0x08, 0x00, 0x7f, 0x00, 0x00, 0x00, 0x00, 0x00, 0x00, 0x00, 0x00, 0x00, 0x1c, 0x00,
	0x22, 0x00, 0x41, 0x00, 0x01, 0x00, 0x01, 0x00, 0x02, 0x00, 0x04, 0x00, 0x08, 0x00, 0x10, 0x00,
	0x21, 0x00, 0x7f, 0x00, 0x00, 0x00, 0x00, 0x00, 0x00, 0x00, 0x00, 0x00, 0x1c, 0x00, 0x22, 0x00,
	0x41, 0x00, 0x02, 0x00, 0x0c, 0x00, 0x02, 0x00, 0x01, 0x00, 0x01, 0x00, 0x41, 0x00, 0x22, 0x00,
	0x1c, 0x00, 0x00, 0x00, 0x00, 0x00, 0x00, 0x00, 0x00, 0x00, 0x06, 0x00, 0x06, 0x00, 0x0a, 0x00,
	0x12, 0x00, 0x12, 0x00, 0x22, 0x00, 0x42, 0x00, 0x7f, 0x00, 0x02, 0x00, 0x02, 0x00, 0x0f, 0x00,
	0x00, 0x00, 0x00, 0x00, 0x00, 0x00, 0x00, 0x00, 0x3f, 0x00, 0x20, 0x00, 0x20, 0x00, 0x20, 0x00,
	0x3c, 0x00, 0x22, 0x00, 0x01, 0x00, 0x01, 0x00, 0x41, 0x00, 0x22, 0x00, 0x1c, 0x00, 0x00, 0x00,
	0x00, 0x00, 0x00, 0x00, 0x00, 0x00, 0x07, 0x00, 0x18, 0x00, 0x10, 0x00, 0x20, 0x00, 0x2e, 0x00,
	0x31, 0x00, 0x20, 0x80, 0x20, 0x80, 0x20, 0x80, 0x11, 0x00, 0x0e, 0x00, 0x00, 0x00, 0x00, 0x00,
	0x00, 0x00, 0x00, 0x00, 0x7e, 0x00, 0x42, 0x00, 0x02, 0x00, 0x04, 0x00, 0x04, 0x00, 0x04, 0x00,
	0x08, 0x00, 0x08, 0x00, 0x08, 0x00, 0x10, 0x00, 0x10, 0x00, 0x00, 0x00, 0x00, 0x00, 0x00, 0x00,
	0x00, 0x00, 0x0c, 0x00, 0x12, 0x00, 0x21, 0x00, 0x21, 0x00, 0x1e, 0x00, 0x12, 0x00, 0x21, 0x00,
	0x21, 0x00, 0x21, 0x00, 0x12, 0x00, 0x0c, 0x00, 0x00, 0x00, 0x00, 0x00, 0x00, 0x00, 0x00, 0x00,
	0x1c, 0x00, 0x22, 0x00, 0x41, 0x00, 0x41, 0x00, 0x23, 0x00, 0x1d, 0x00, 0x01, 0x00, 0x01, 0x00,
	0x02, 0x00, 0x06, 0x00, 0x38, 0x00, 0x00, 0x00, 0x00, 0x00, 0x00, 0x00, 0x00, 0x00, 0x00, 0x00,
	0x00, 0x00, 0x00, 0x00, 0x00, 0x00, 0x18, 0x00, 0x18, 0x00, 0x00, 0x00, 0x00, 0x00, 0x00, 0x00,
	0x18, 0x00, 0x18, 0x00, 0x00, 0x00, 0x00, 0x00, 0x00, 0x00, 0x00, 0x00, 0x00, 0x00, 0x00, 0x00,
	0x00, 0x00, 0x00, 0x00, 0x18, 0x00, 0x18, 0x00, 0x00, 0x00, 0x00, 0x00, 0x00, 0x00, 0x18, 0x00,
	0x18, 0x00, 0x10, 0x00, 0x20, 0x00, 0x00, 0x00, 0x00, 0x00, 0x00, 0x00, 0x00, 0x00, 0x00, 0x80,
	0x03, 0x00, 0x0c, 0x00, 0x30, 0x00, 0x40, 0x00, 0x30, 0x00, 0x0c, 0x00, 0x03, 0x00, 0x00, 0x80,
	0x00, 0x00, 0x00, 0x00, 0x00, 0x00, 0x00, 0x00, 0x00, 0x00, 0x00, 0x00, 0x00, 0x00, 0x00, 0x00,
	0x7f, 0x80, 0x00, 0x00, 0x00, 0x00, 0x7f, 0x80, 0x00, 0x00, 0x00, 0x00, 0x00, 0x00, 0x00, 0x00,
	0x00, 0x00, 0x00, 0x00, 0x00, 0x00, 0x00, 0x00, 0x00, 0x00, 0x40, 0x00, 0x30, 0x00, 0x0c, 0x00,
	0x03, 0x00, 0x00, 0x80, 0x03, 0x00, 0x0c, 0x00, 0x30, 0x00, 0x40, 0x00, 0x00, 0x00, 0x00, 0x00,
	0x00, 0x00, 0x00, 0x00, 0x00, 0x00, 0x1e, 0x00, 0x21, 0x00, 0x21, 0x00, 0x01, 0x00, 0x06, 0x00,
	0x08, 0x00, 0x08, 0x00, 0x00, 0x00, 0x08, 0x00, 0x08, 0x00, 0x00, 0x00, 0x00, 0x00, 0x00, 0x00,
	0x00, 0x00, 0x3e, 0x00, 0x41, 0x00, 0x41, 0x00, 0x80, 0x80, 0x9c, 0x80, 0xa4, 0x80, 0xa4, 0x80,
	0xa4, 0x80, 0x9f, 0x00, 0x40, 0x00, 0x41, 0x00, 0x3e, 0x00, 0x00, 0x00, 0x00, 0x00, 0x00, 0x00,
	0x00, 0x00, 0x78, 0x00, 0x14, 0x00, 0x14, 0x00, 0x22, 0x00, 0x22, 0x00, 0x22, 0x00, 0x3e, 0x00,
	0x41, 0x00, 0x41, 0x00, 0xe3, 0x80, 0x00, 0x00, 0x00, 0x00, 0x00, 0x00, 0x00, 0x00, 0x00, 0x00,
	0x7e, 0x00, 0x21, 0x00, 0x20, 0x80, 0x21, 0x00, 0x3e, 0x00, 0x21, 0x00, 0x20, 0x80, 0x20, 0x80,
	0x21, 0x00, 0x7e, 0x00, 0x00, 0x00, 0x00, 0x00, 0x00, 0x00, 0x00, 0x00, 0x00, 0x00, 0x0e, 0x80,
	0x31, 0x80, 0x20, 0x80, 0x40, 0x00, 0x40, 0x00, 0x40, 0x00, 0x40, 0x00, 0x20, 0x80, 0x31, 0x80,
	0x0e, 0x00, 0x00, 0x00, 0x00, 0x00, 0x00, 0x00, 0x00, 0x00, 0x00, 0x00, 0x7c, 0x00, 0x23, 0x00,
	0x21, 0x00, 0x20, 0x80, 0x20, 0x80, 0x20, 0x80, 0x20, 0x80, 0x21, 0x00, 0x23, 0x00, 0x7c, 0x00,
	0x00, 0x00, 0x00, 0x00, 0x00, 0x00, 0x00, 0x00, 0x00, 0x00, 0x7f, 0x00, 0x21, 0x00, 0x21, 0x00,
	0x24, 0x00, 0x3c, 0x00, 0x24, 0x00, 0x20, 0x00, 0x21, 0x00, 0x21, 0x00, 0x7f, 0x00, 0x00, 0x00,
	0x00, 0x00, 0x00, 0x00, 0x00, 0x00, 0x00, 0x00, 0x7f, 0x00, 0x21, 0x00, 0x21, 0x00, 0x24, 0x00,
	0x3c, 0x00, 0x24, 0x00, 0x20, 0x00, 0x20, 0x00, 0x20, 0x00, 0x78, 0x00, 0x00, 0x00, 0x00, 0x00,
	0x00, 0x00, 0x00, 0x00, 0x00, 0x00, 0x0e, 0x80, 0x31, 0x80, 0x20, 0x80, 0x40, 0x00, 0x40, 0x00,
	0x43, 0xc0, 0x40, 0x80, 0x20, 0x80, 0x30, 0x80, 0x0f, 0x00, 0x00, 0x00, 0x00, 0x00, 0x00, 0x00,
	0x00, 0x00, 0x00, 0x00, 0x73, 0x80, 0x21, 0x00, 0x21, 0x00, 0x21, 0x00, 0x3f, 0x00, 0x21, 0x00,
	0x21, 0x00, 0x21, 0x00, 0x21, 0x00, 0x73, 0x80, 0x00, 0x00, 0x00, 0x00, 0x00, 0x00, 0x00, 0x00,
	0x00, 0x00, 0x7f, 0x00, 0x08, 0x00, 0x08, 0x00, 0x08, 0x00, 0x08, 0x00, 0x08, 0x00, 0x08, 0x00,
	0x08, 0x00, 0x08, 0x00, 0x7f, 0x00, 0x00, 0x00, 0x00, 0x00, 0x00, 0x00, 0x00, 0x00, 0x00, 0x00,
	0x1f, 0x80, 0x02, 0x00, 0x02, 0x00, 0x02, 0x00, 0x02, 0x00, 0x02, 0x00, 0x42, 0x00, 0x42, 0x00,
	0x42, 0x00, 0x3c, 0x00, 0x00, 0x00, 0x00, 0x00, 0x00, 0x00, 0x00, 0x00, 0x00, 0x00, 0x7b, 0x80,
	0x21, 0x00, 0x22, 0x00, 0x24, 0x00, 0x28, 0x00, 0x3c, 0x00, 0x22, 0x00, 0x22, 0x00, 0x21, 0x00,
	0x79, 0x80, 0x00, 0x00, 0x00, 0x00, 0x00, 0x00, 0x00, 0x00, 0x00, 0x00, 0x7c, 0x00, 0x10, 0x00,
	0x10, 0x00, 0x10, 0x00, 0x10, 0x00, 0x10, 0x00, 0x10, 0x80, 0x10, 0x80, 0x10, 0x80, 0x7f, 0x80,
	0x00, 0x00, 0x00, 0x00, 0x00, 0x00, 0x00, 0x00, 0x00, 0x00, 0xc1, 0x80, 0x63, 0x00, 0x63, 0x00,
	0x55, 0x00, 0x55, 0x00, 0x49, 0x00, 0x49, 0x00, 0x41, 0x00, 0x41, 0x00, 0xe3, 0x80, 0x00, 0x00,
	0x00, 0x00, 0x00, 0x00, 0x00, 0x00, 0x00, 0x00, 0xe7, 0x80, 0x61, 0x00, 0x51, 0x00, 0x51, 0x00,
	0x49, 0x00, 0x49, 0x00, 0x45, 0x00, 0x45, 0x00, 0x43, 0x00, 0xf3, 0x00, 0x00, 0x00, 0x00, 0x00,
	0x00, 0x00, 0x00, 0x00, 0x00, 0x00, 0x1e, 0x00, 0x21, 0x00, 0x21, 0x00, 0x40, 0x80, 0x40, 0x80,
	0x40, 0x80, 0x40, 0x80, 0x21, 0x00, 0x21, 0x00, 0x1e, 0x00, 0x00, 0x00, 0x00, 0x00, 0x00, 0x00,
	0x00, 0x00, 0x00, 0x00, 0x7e, 0x00, 0x21, 0x00, 0x20, 0x80, 0x20, 0x80, 0x21, 0x00, 0x3e, 0x00,
	0x20, 0x00, 0x20, 0x00, 0x20, 0x00, 0x7c, 0x00, 0x00, 0x00, 0x00, 0x00, 0x00, 0x00, 0x00, 0x00,
	0x00, 0x00, 0x1e, 0x00, 0x21, 0x00, 0x21, 0x00, 0x40, 0x80, 0x40, 0x80, 0x40, 0x80, 0x40, 0x80,
	0x21, 0x00, 0x21, 0x00, 0x1e, 0x00, 0x08, 0x80, 0x17, 0x00, 0x00, 0x00, 0x00, 0x00, 0x00, 0x00,
	0x7c, 0x00, 0x22, 0x00, 0x21, 0x00, 0x21, 0x00, 0x22, 0x00, 0x3c, 0x00, 0x22, 0x00, 0x21, 0x00,
	0x21, 0x00, 0x79, 0x80, 0x00, 0x00, 0x00, 0x00, 0x00, 0x00, 0x00, 0x00, 0x00, 0x00, 0x1d, 0x00,
	0x23, 0x00, 0x41, 0x00, 0x40, 0x00, 0x38, 0x00, 0x06, 0x00, 0x01, 0x00, 0x41, 0x00, 0x62, 0x00,
	0x5c, 0x00, 0x00, 0x00, 0x00, 0x00, 0x00, 0x00, 0x00, 0x00, 0x00, 0x00, 0x7f, 0x00, 0x49, 0x00,
	0x49, 0x00, 0x49, 0x00, 0x08, 0x00, 0x08, 0x00, 0x08, 0x00, 0x08, 0x00, 0x08, 0x00, 0x3e, 0x00,
	0x00, 0x00, 0x00, 0x00, 0x00, 0x00, 0x00, 0x00, 0x00, 0x00, 0xf7, 0x80, 0x41, 0x00, 0x41, 0x00,
	0x41, 0x00, 0x41, 0x00, 0x41, 0x00, 0x41, 0x00, 0x41, 0x00, 0x22, 0x00, 0x1c, 0x00, 0x00, 0x00,
	0x00, 0x00, 0x00, 0x00, 0x00, 0x00, 0x00, 0x00, 0xe3, 0x80, 0x41, 0x00, 0x41, 0x00, 0x22, 0x00,
	0x22, 0x00, 0x22, 0x00, 0x14, 0x00, 0x14, 0x00, 0x08, 0x00, 0x08, 0x00, 0x00, 0x00, 0x00, 0x00,
	0x00, 0x00, 0x00, 0x00, 0x00, 0x00, 0xf7, 0x80, 0x41, 0x00, 0x49, 0x00, 0x49, 0x00, 0x55, 0x00,
	0x55, 0x00, 0x55, 0x00, 0x22, 0x00, 0x22, 0x00, 0x22, 0x00, 0x00, 0x00, 0x00, 0x00, 0x00, 0x00,
	0x00, 0x00, 0x00, 0x00, 0xe3, 0x80, 0x41, 0x00, 0x22, 0x00, 0x14, 0x00, 0x08, 0x00, 0x08, 0x00,
	0x14, 0x00, 0x22, 0x00, 0x41, 0x00, 0xe3, 0x80, 0x00, 0x00, 0x00, 0x00, 0x00, 0x00, 0x00, 0x00,
	0x00, 0x00, 0xe3, 0x80, 0x41, 0x00, 0x22, 0x00, 0x22, 0x00, 0x14, 0x00, 0x08, 0x00, 0x08, 0x00,
	0x08, 0x00, 0x08, 0x00, 0x3e, 0x00, 0x00, 0x00, 0x00, 0x00, 0x00, 0x00, 0x00, 0x00, 0x00, 0x00,
	0x7f, 0x00, 0x41, 0x00, 0x42, 0x00, 0x04, 0x00, 0x08, 0x00, 0x08, 0x00, 0x10, 0x00, 0x21, 0x00,
	0x41, 0x00, 0x7f, 0x00, 0x00, 0x00, 0x00, 0x00, 0x00, 0x00, 0x00, 0x00, 0x0e, 0x00, 0x08, 0x00,
	0x08, 0x00, 0x08, 0x00, 0x08, 0x00, 0x08, 0x00, 0x08, 0x00, 0x08, 0x00, 0x08, 0x00, 0x08, 0x00,
	0x08, 0x00, 0x08, 0x00, 0x0e, 0x00, 0x00, 0x00, 0x00, 0x00, 0x20, 0x00, 0x20, 0x00, 0x10, 0x00,
	0x10, 0x00, 0x08, 0x00, 0x08, 0x00, 0x08, 0x00, 0x04, 0x00, 0x04, 0x00, 0x02, 0x00, 0x02, 0x00,
	0x01, 0x00, 0x01, 0x00, 0x00, 0x00, 0x00, 0x00, 0x38, 0x00, 0x08, 0x00, 0x08, 0x00, 0x08, 0x00,
	0x08, 0x00, 0x08, 0x00, 0x08, 0x00, 0x08, 0x00, 0x08, 0x00, 0x08, 0x00, 0x08, 0x00, 0x08, 0x00,
	0x38, 0x00, 0x00, 0x00, 0x00, 0x00, 0x08, 0x00, 0x14, 0x00, 0x22, 0x00, 0x41, 0x00, 0x00, 0x00,
	0x00, 0x00, 0x00, 0x00, 0x00, 0x00, 0x00, 0x00, 0x00, 0x00, 0x00, 0x00, 0x00, 0x00, 0x00, 0x00,
	0x00, 0x00, 0x00, 0x00, 0x00, 0x00, 0x00, 0x00, 0x00, 0x00, 0x00, 0x00, 0x00, 0x00, 0x00, 0x00,
	0x00, 0x00, 0x00, 0x00, 0x00, 0x00, 0x00, 0x00, 0x00, 0x00, 0x00, 0x00, 0x00, 0x00, 0xff, 0xc0,
	0x00, 0x00, 0x20, 0x00, 0x10, 0x00, 0x08, 0x00, 0x00, 0x00, 0x00, 0x00, 0x00, 0x00, 0x00, 0x00,
	0x00, 0x00, 0x00, 0x00, 0x00, 0x00, 0x00, 0x00, 0x00, 0x00, 0x00, 0x00, 0x00, 0x00, 0x00, 0x00,
	0x00, 0x00, 0x00, 0x00, 0x00, 0x00, 0x00, 0x00, 0x1c, 0x00, 0x22, 0x00, 0x02, 0x00, 0x3e, 0x00,
	0x42, 0x00, 0x42, 0x00, 0x3d, 0x00, 0x00, 0x00, 0x00, 0x00, 0x00, 0x00, 0x00, 0x00, 0x00, 0x00,
	0xc0, 0x00, 0x40, 0x00, 0x40, 0x00, 0x5c, 0x00, 0x62, 0x00, 0x41, 0x00, 0x41, 0x00, 0x41, 0x00,
	0x62, 0x00, 0xdc, 0x00, 0x00, 0x00, 0x00, 0x00, 0x00, 0x00, 0x00, 0x00, 0x00, 0x00, 0x00, 0x00,
	0x00, 0x00, 0x00, 0x00, 0x1d, 0x00, 0x23, 0x00, 0x41, 0x00, 0x40, 0x00, 0x40, 0x00, 0x21, 0x00,
	0x1e, 0x00, 0x00, 0x00, 0x00, 0x00, 0x00, 0x00, 0x00, 0x00, 0x00, 0x00, 0x03, 0x00, 0x01, 0x00,
	0x01, 0x00, 0x1d, 0x00, 0x23, 0x00, 0x41, 0x00, 0x41, 0x00, 0x41, 0x00, 0x23, 0x00, 0x1d, 0x80,
	0x00, 0x00, 0x00, 0x00, 0x00, 0x00, 0x00, 0x00, 0x00, 0x00, 0x00, 0x00, 0x00, 0x00, 0x00, 0x00,
	0x1c, 0x00, 0x22, 0x00, 0x41, 0x00, 0x7f, 0x00, 0x40, 0x00, 0x21, 0x00, 0x1e, 0x00, 0x00, 0x00,
	0x00, 0x00, 0x00, 0x00, 0x00, 0x00, 0x00, 0x00, 0x07, 0x00, 0x08, 0x80, 0x08, 0x00, 0x3f, 0x00,
	0x08, 0x00, 0x08, 0x00, 0x08, 0x00, 0x08, 0x00, 0x08, 0x00, 0x3f, 0x00, 0x00, 0x00, 0x00, 0x00,
	0x00, 0x00, 0x00, 0x00, 0x00, 0x00, 0x00, 0x00, 0x00, 0x00, 0x00, 0x00, 0x1d, 0x80, 0x23, 0x00,
	0x41, 0x00, 0x41, 0x00, 0x41, 0x00, 0x23, 0x00, 0x1d, 0x00, 0x01, 0x00, 0x01, 0x00, 0x1e, 0x00,
	0x00, 0x00, 0x00, 0x00, 0x60, 0x00, 0x20, 0x00, 0x20, 0x00, 0x2e, 0x00, 0x31, 0x00, 0x21, 0x00,
	0x21, 0x00, 0x21, 0x00, 0x21, 0x00, 0x73, 0x80, 0x00, 0x00, 0x00, 0x00, 0x00, 0x00, 0x00, 0x00,
	0x00, 0x00, 0x08, 0x00, 0x08, 0x00, 0x00, 0x00, 0x38, 0x00, 0x08, 0x00, 0x08, 0x00, 0x08, 0x00,
	0x08, 0x00, 0x08, 0x00, 0x7f, 0x00, 0x00, 0x00, 0x00, 0x00, 0x00, 0x00, 0x00, 0x00, 0x00, 0x00,
	0x04, 0x00, 0x04, 0x00, 0x00, 0x00, 0x3e, 0x00, 0x02, 0x00, 0x02, 0x00, 0x02, 0x00, 0x02, 0x00,
	0x02, 0x00, 0x02, 0x00, 0x02, 0x00, 0x02, 0x00, 0x3c, 0x00, 0x00, 0x00, 0x00, 0x00, 0x60, 0x00,
	0x20, 0x00, 0x20, 0x00, 0x27, 0x80, 0x22, 0x00, 0x24, 0x00, 0x38, 0x00, 0x24, 0x00, 0x22, 0x00,
	0x67, 0x80, 0x00, 0x00, 0x00, 0x00, 0x00, 0x00, 0x00, 0x00, 0x00, 0x00, 0x38, 0x00, 0x08, 0x00,
	0x08, 0x00, 0x08, 0x00, 0x08, 0x00, 0x08, 0x00, 0x08, 0x00, 0x08, 0x00, 0x08, 0x00, 0x7f, 0x00,
	0x00, 0x00, 0x00, 0x00, 0x00, 0x00, 0x00, 0x00, 0x00, 0x00, 0x00, 0x00, 0x00, 0x00, 0x00, 0x00,
	0xdb, 0x00, 0x6d, 0x00, 0x49, 0x00, 0x49, 0x00, 0x49, 0x00, 0x49, 0x00, 0xed, 0x80, 0x00, 0x00,
	0x00, 0x00, 0x00, 0x00, 0x00, 0x00, 0x00, 0x00, 0x00, 0x00, 0x00, 0x00, 0x00, 0x00, 0x6e, 0x00,
	0x31, 0x00, 0x21, 0x00, 0x21, 0x00, 0x21, 0x00, 0x21, 0x00, 0x73, 0x80, 0x00, 0x00, 0x00, 0x00,
	0x00, 0x00, 0x00, 0x00, 0x00, 0x00, 0x00, 0x00, 0x00, 0x00, 0x00, 0x00, 0x1c, 0x00, 0x22, 0x00,
	0x41, 0x00, 0x41, 0x00, 0x41, 0x00, 0x22, 0x00, 0x1c, 0x00, 0x00, 0x00, 0x00, 0x00, 0x00, 0x00,
	0x00, 0x00, 0x00, 0x00, 0x00, 0x00, 0x00, 0x00, 0x00, 0x00, 0x6e, 0x00, 0x31, 0x00, 0x20, 0x80,
	0x20, 0x80, 0x20, 0x80, 0x31, 0x00, 0x2e, 0x00, 0x20, 0x00, 0x20, 0x00, 0x78, 0x00, 0x00, 0x00,
	0x00, 0x00, 0x00, 0x00, 0x00, 0x00, 0x00, 0x00, 0x1d, 0x80, 0x23, 0x00, 0x41, 0x00, 0x41, 0x00,
	0x41, 0x00, 0x23, 0x00, 0x1d, 0x00, 0x01, 0x00, 0x01, 0x00, 0x07, 0x80, 0x00, 0x00, 0x00, 0x00,
	0x00, 0x00, 0x00, 0x00, 0x00, 0x00, 0x77, 0x00, 0x18, 0x80, 0x10, 0x00, 0x10, 0x00, 0x10, 0x00,
	0x10, 0x00, 0x7e, 0x00, 0x00, 0x00, 0x00, 0x00, 0x00, 0x00, 0x00, 0x00, 0x00, 0x00, 0x00, 0x00,
	0x00, 0x00, 0x00, 0x00, 0x1f, 0x00, 0x21, 0x00, 0x20, 0x00, 0x1e, 0x00, 0x01, 0x00, 0x21, 0x00,
	0x3e, 0x00, 0x00, 0x00, 0x00, 0x00, 0x00, 0x00, 0x00, 0x00, 0x00, 0x00, 0x00, 0x00, 0x20, 0x00,
	0x20, 0x00, 0xfe, 0x00, 0x20, 0x00, 0x20, 0x00, 0x20, 0x00, 0x20, 0x00, 0x21, 0x00, 0x1e, 0x00,
	0x00, 0x00, 0x00, 0x00, 0x00, 0x00, 0x00, 0x00, 0x00, 0x00, 0x00, 0x00, 0x00, 0x00, 0x00, 0x00,
	0x63, 0x00, 0x21, 0x00, 0x21, 0x00, 0x21, 0x00, 0x21, 0x00, 0x23, 0x00, 0x1d, 0x80, 0x00, 0x00,
	0x00, 0x00, 0x00, 0x00, 0x00, 0x00, 0x00, 0x00, 0x00, 0x00, 0x00, 0x00, 0x00, 0x00, 0xf7, 0x80,
	0x41, 0x00, 0x22, 0x00, 0x22, 0x00, 0x14, 0x00, 0x14, 0x00, 0x08, 0x00, 0x00, 0x00, 0x00, 0x00,
	0x00, 0x00, 0x00, 0x00, 0x00, 0x00, 0x00, 0x00, 0x00, 0x00, 0x00, 0x00, 0xe3, 0x80, 0x41, 0x00,
	0x49, 0x00, 0x2a, 0x00, 0x2a, 0x00, 0x36, 0x00, 0x22, 0x00, 0x00, 0x00, 0x00, 0x00, 0x00, 0x00,
	0x00, 0x00, 0x00, 0x00, 0x00, 0x00, 0x00, 0x00, 0x00, 0x00, 0x77, 0x00, 0x22, 0x00, 0x14, 0x00,
	0x08, 0x00, 0x14, 0x00, 0x22, 0x00, 0x77, 0x00, 0x00, 0x00, 0x00, 0x00, 0x00, 0x00, 0x00, 0x00,
	0x00, 0x00, 0x00, 0x00, 0x00, 0x00, 0x00, 0x00, 0xe3, 0x80, 0x41, 0x00, 0x22, 0x00, 0x22, 0x00,
	0x14, 0x00, 0x14, 0x00, 0x08, 0x00, 0x08, 0x00, 0x10, 0x00, 0x78, 0x00, 0x00, 0x00, 0x00, 0x00,
	0x00, 0x00, 0x00, 0x00, 0x00, 0x00, 0x3f, 0x00, 0x22, 0x00, 0x04, 0x00, 0x08, 0x00, 0x10, 0x00,
	0x21, 0x00, 0x3f, 0x00, 0x00, 0x00, 0x00, 0x00, 0x00, 0x00, 0x00, 0x00, 0x04, 0x00, 0x08, 0x00,
	0x08, 0x00, 0x08, 0x00, 0x08, 0x00, 0x08, 0x00, 0x10, 0x00, 0x08, 0x00, 0x08, 0x00, 0x08, 0x00,
	0x08, 0x00, 0x08, 0x00, 0x04, 0x00, 0x00, 0x00, 0x00, 0x00, 0x00, 0x00, 0x08, 0x00, 0x08, 0x00,
	0x08, 0x00, 0x08, 0x00, 0x08, 0x00, 0x08, 0x00, 0x08, 0x00, 0x08, 0x00, 0x08, 0x00, 0x08, 0x00,
	0x08, 0x00, 0x08, 0x00, 0x00, 0x00, 0x00, 0x00, 0x10, 0x00, 0x08, 0x00, 0x08, 0x00, 0x08, 0x00,
	0x08, 0x00, 0x08, 0x00, 0x04, 0x00, 0x08, 0x00, 0x08, 0x00, 0x08, 0x00, 0x08, 0x00, 0x08, 0x00,
	0x10, 0x00, 0x00, 0x00, 0x00, 0x00, 0x00, 0x00, 0x00, 0x00, 0x00, 0x00, 0x00, 0x00, 0x00, 0x00,
	0x30, 0x00, 0x49, 0x00, 0x06, 0x00, 0x00, 0x00, 0x00, 0x00, 0x00, 0x00, 0x00, 0x00, 0x00, 0x00,
	0x00, 0x00, 0x00, 0x00, 0x00, 0x00, 0x1e, 0x00, 0x21, 0x00, 0x21, 0x00, 0x01, 0x00, 0x06, 0x00,
	0x08, 0x00, 0x08, 0x00, 0x00, 0x00, 0x08, 0x00, 0x08, 0x00, 0x00, 0x00, 0x00, 0x00, 0x00, 0x00,
	0x00, 0x00, 0x00, 0x00, 0x1e, 0x00, 0x21, 0x00, 0x21, 0x00, 0x01, 0x00, 0x06, 0x00, 0x08, 0x00,
	0x08, 0x00, 0x00, 0x00, 0x08, 0x00, 0x08, 0x00, 0x00, 0x00, 0x00, 0x00, 0x00, 0x00, 0x00, 0x00,
	0x00, 0x00, 0x1e, 0x00, 0x21, 0x00, 0x21, 0x00, 0x01, 0x00, 0x06, 0x00, 0x08, 0x00, 0x08, 0x00,
	0x00, 0x00, 0x08, 0x00, 0x08, 0x00, 0x00, 0x00, 0x00, 0x00, 0x00, 0x00, 0x00, 0x00, 0x00, 0x00,
	0x1e, 0x00, 0x21, 0x00, 0x21, 0x00, 0x01, 0x00, 0x06, 0x00, 0x08, 0x00, 0x08, 0x00, 0x00, 0x00,
	0x08, 0x00, 0x08, 0x00, 0x00, 0x00, 0x00, 0x00, 0x00, 0x00, 0x00, 0x00, 0x00, 0x00, 0x1e, 0x00,
	0x21, 0x00, 0x21, 0x00, 0x01, 0x00, 0x06, 0x00, 0x08, 0x00, 0x08, 0x00, 0x00, 0x00, 0x08, 0x00,
	0x08, 0x00, 0x00, 0x00, 0x00, 0x00, 0x00, 0x00, 0x00, 0x00, 0x00, 0x00, 0x1e, 0x00, 0x21, 0x00,
	0x21, 0x00, 0x01, 0x00, 0x06, 0x00, 0x08, 0x00, 0x08, 0x00, 0x00, 0x00, 0x08, 0x00, 0x08, 0x00,
	0x00, 0x00, 0x00, 0x00, 0x00, 0x00, 0x00, 0x00, 0x00, 0x00, 0x1e, 0x00, 0x21, 0x00, 0x21, 0x00,
	0x01, 0x00, 0x06, 0x00, 0x08, 0x00, 0x08, 0x00, 0x00, 0x00, 0x08, 0x00, 0x08, 0x00, 0x00, 0x00,
	0x00, 0x00, 0x00, 0x00, 0x00, 0x00, 0x00, 0x00, 0x1e, 0x00, 0x21, 0x00, 0x21, 0x00, 0x01, 0x00,
	0x06, 0x00, 0x08, 0x00, 0x08, 0x00, 0x00, 0x00, 0x08, 0x00, 0x08, 0x00, 0x00, 0x00, 0x00, 0x00,
	0x00, 0x00, 0x00, 0x00, 0x00, 0x00, 0x1e, 0x00, 0x21, 0x00, 0x21, 0x00, 0x01, 0x00, 0x06, 0x00,
	0x08, 0x00, 0x08, 0x00, 0x00, 0x00, 0x08, 0x00, 0x08, 0x00, 0x00, 0x00, 0x00, 0x00, 0x00, 0x00,
	0x00, 0x00, 0x00, 0x00, 0x1e, 0x00, 0x21, 0x00, 0x21, 0x00, 0x01, 0x00, 0x06, 0x00, 0x08, 0x00,
	0x08, 0x00, 0x00, 0x00, 0x08, 0x00, 0x08, 0x00, 0x00, 0x00, 0x00, 0x00, 0x00, 0x00, 0x00, 0x00,
	0x00, 0x00, 0x1e, 0x00, 0x21, 0x00, 0x21, 0x00, 0x01, 0x00, 0x06, 0x00, 0x08, 0x00, 0x08, 0x00,
	0x00, 0x00, 0x08, 0x00, 0x08, 0x00, 0x00, 0x00, 0x00, 0x00, 0x00, 0x00, 0x00, 0x00, 0x00, 0x00,
	0x1e, 0x00, 0x21, 0x00, 0x21, 0x00, 0x01, 0x00, 0x06, 0x00, 0x08, 0x00, 0x08, 0x00, 0x00, 0x00,
	0x08, 0x00, 0x08, 0x00, 0x00, 0x00, 0x00, 0x00, 0x00, 0x00, 0x00, 0x00, 0x00, 0x00, 0x1e, 0x00,
	0x21, 0x00, 0x21, 0x00, 0x01, 0x00, 0x06, 0x00, 0x08, 0x00, 0x08, 0x00, 0x00, 0x00, 0x08, 0x00,
	0x08, 0x00, 0x00, 0x00, 0x00, 0x00, 0x00, 0x00, 0x00, 0x00, 0x00, 0x00, 0x1e, 0x00, 0x21, 0x00,
	0x21, 0x00, 0x01, 0x00, 0x06, 0x00, 0x08, 0x00, 0x08, 0x00, 0x00, 0x00, 0x08, 0x00, 0x08, 0x00,
	0x00, 0x00, 0x00, 0x00, 0x00, 0x00, 0x00, 0x00, 0x00, 0x00, 0x1e, 0x00, 0x21, 0x00, 0x21, 0x00,
	0x01, 0x00, 0x06, 0x00, 0x08, 0x00, 0x08, 0x00, 0x00, 0x00, 0x08, 0x00, 0x08, 0x00, 0x00, 0x00,
	0x00, 0x00, 0x00, 0x00, 0x00, 0x00, 0x00, 0x00, 0x1e, 0x00, 0x21, 0x00, 0x21, 0x00, 0x01, 0x00,
	0x06, 0x00, 0x08, 0x00, 0x08, 0x00, 0x00, 0x00, 0x08, 0x00, 0x08, 0x00, 0x00, 0x00, 0x00, 0x00,
	0x00, 0x00, 0x00, 0x00, 0x00, 0x00, 0x1e, 0x00, 0x21, 0x00, 0x21, 0x00, 0x01, 0x00, 0x06, 0x00,
	0x08, 0x00, 0x08, 0x00, 0x00, 0x00, 0x08, 0x00, 0x08, 0x00, 0x00, 0x00, 0x00, 0x00, 0x00, 0x00,
	0x00, 0x00, 0x00, 0x00, 0x1e, 0x00, 0x21, 0x00, 0x21, 0x00, 0x01, 0x00, 0x06, 0x00, 0x08, 0x00,
	0x08, 0x00, 0x00, 0x00, 0x08, 0x00, 0x08, 0x00, 0x00, 0x00, 0x00, 0x00, 0x00, 0x00, 0x00, 0x00,
	0x00, 0x00, 0x1e, 0x00, 0x21, 0x00, 0x21, 0x00, 0x01, 0x00, 0x06, 0x00, 0x08, 0x00, 0x08, 0x00,
	0x00, 0x00, 0x08, 0x00, 0x08, 0x00, 0x00, 0x00, 0x00, 0x00, 0x00, 0x00, 0x00, 0x00, 0x00, 0x00,
	0x1e, 0x00, 0x21, 0x00, 0x21, 0x00, 0x01, 0x00, 0x06, 0x00, 0x08, 0x00, 0x08, 0x00, 0x00, 0x00,
	0x08, 0x00, 0x08, 0x00, 0x00, 0x00, 0x00, 0x00, 0x00, 0x00, 0x00, 0x00, 0x00, 0x00, 0x1e, 0x00,
	0x21, 0x00, 0x21, 0x00, 0x01, 0x00, 0x06, 0x00, 0x08, 0x00, 0x08, 0x00, 0x00, 0x00, 0x08, 0x00,
	0x08, 0x00, 0x00, 0x00, 0x00, 0x00, 0x00, 0x00, 0x00, 0x00, 0x00, 0x00, 0x1e, 0x00, 0x21, 0x00,
	0x21, 0x00, 0x01, 0x00, 0x06, 0x00, 0x08, 0x00, 0x08, 0x00, 0x00, 0x00, 0x08, 0x00, 0x08, 0x00,
	0x00, 0x00, 0x00, 0x00, 0x00, 0x00, 0x00, 0x00, 0x00, 0x00, 0x1e, 0x00, 0x21, 0x00, 0x21, 0x00,
	0x01, 0x00, 0x06, 0x00, 0x08, 0x00, 0x08, 0x00, 0x00, 0x00, 0x08, 0x00, 0x08, 0x00, 0x00, 0x00,
	0x00, 0x00, 0x00, 0x00, 0x00, 0x00, 0x00, 0x00, 0x1e, 0x00, 0x21, 0x00, 0x21, 0x00, 0x01, 0x00,
	0x06, 0x00, 0x08, 0x00, 0x08, 0x00, 0x00, 0x00, 0x08, 0x00, 0x08, 0x00, 0x00, 0x00, 0x00, 0x00,
	0x00, 0x00, 0x00, 0x00, 0x00, 0x00, 0x1e, 0x00, 0x21, 0x00, 0x21, 0x00, 0x01, 0x00, 0x06, 0x00,
	0x08, 0x00, 0x08, 0x00, 0x00, 0x00, 0x08, 0x00, 0x08, 0x00, 0x00, 0x00, 0x00, 0x00, 0x00, 0x00,
	0x00, 0x00, 0x00, 0x00, 0x1e, 0x00, 0x21, 0x00, 0x21, 0x00, 0x01, 0x00, 0x06, 0x00, 0x08, 0x00,
	0x08, 0x00, 0x00, 0x00, 0x08, 0x00, 0x08, 0x00, 0x00, 0x00, 0x00, 0x00, 0x00, 0x00, 0x00, 0x00,
	0x00, 0x00, 0x1e, 0x00, 0x21, 0x00, 0x21, 0x00, 0x01, 0x00, 0x06, 0x00, 0x08, 0x00, 0x08, 0x00,
	0x00, 0x00, 0x08, 0x00, 0x08, 0x00, 0x00, 0x00, 0x00, 0x00, 0x00, 0x00, 0x00, 0x00, 0x00, 0x00,
	0x1e, 0x00, 0x21, 0x00, 0x21, 0x00, 0x01, 0x00, 0x06, 0x00, 0x08, 0x00, 0x08, 0x00, 0x00, 0x00,
	0x08, 0x00, 0x08, 0x00, 0x00, 0x00, 0x00, 0x00, 0x00, 0x00, 0x00, 0x00, 0x00, 0x00, 0x1e, 0x00,
	0x21, 0x00, 0x21, 0x00, 0x01, 0x00, 0x06, 0x00, 0x08, 0x00, 0x08, 0x00, 0x00, 0x00, 0x08, 0x00,
	0x08, 0x00, 0x00, 0x00, 0x00, 0x00, 0x00, 0x00, 0x00, 0x00, 0x00, 0x00, 0x1e, 0x00, 0x21, 0x00,
	0x21, 0x00, 0x01, 0x00, 0x06, 0x00, 0x08, 0x00, 0x08, 0x00, 0x00, 0x00, 0x08, 0x00, 0x08, 0x00,
	0x00, 0x00, 0x00, 0x00, 0x00, 0x00, 0x00, 0x00, 0x00, 0x00, 0x1e, 0x00, 0x21, 0x00, 0x21, 0x00,
	0x01, 0x00, 0x06, 0x00, 0x08, 0x00, 0x08, 0x00, 0x00, 0x00, 0x08, 0x00, 0x08, 0x00, 0x00, 0x00,
	0x00, 0x00, 0x00, 0x00, 0x00, 0x00, 0x00, 0x00, 0x1e, 0x00, 0x21, 0x00, 0x21, 0x00, 0x01, 0x00,
	0x06, 0x00, 0x08, 0x00, 0x08, 0x00, 0x00, 0x00, 0x08, 0x00, 0x08, 0x00, 0x00, 0x00, 0x00, 0x00,
	0x00, 0x00, 0x00, 0x00, 0x00, 0x00, 0x1e, 0x00, 0x21, 0x00, 0x21, 0x00, 0x01, 0x00, 0x06, 0x00,
	0x08, 0x00, 0x08, 0x00, 0x00, 0x00, 0x08, 0x00, 0x08, 0x00, 0x00, 0x00, 0x00, 0x00, 0x00, 0x00,
	0x00, 0x00, 0x00, 0x00, 0x00, 0x00, 0x00, 0x00, 0x00, 0x00, 0x00, 0x00, 0x00, 0x00, 0x00, 0x00,
	0x00, 0x00, 0x00, 0x00, 0x00, 0x00, 0x00, 0x00, 0x00, 0x00, 0x00, 0x00, 0x00, 0x00, 0x00, 0x00,
	0x00, 0x00, 0x00, 0x00, 0x00, 0x00, 0x00, 0x00, 0x08, 0x00, 0x08, 0x00, 0x00, 0x00, 0x08, 0x00,
	0x08, 0x00, 0x08, 0x00, 0x08, 0x00, 0x08, 0x00, 0x08, 0x00, 0x08, 0x00, 0x00, 0x00, 0x00, 0x00,
	0x08, 0x00, 0x08, 0x00, 0x1e, 0x00, 0x22, 0x00, 0x20, 0x00, 0x20, 0x00, 0x22, 0x00, 0x1c, 0x00,
	0x08, 0x00, 0x08, 0x00, 0x00, 0x00, 0x00, 0x00, 0x00, 0x00, 0x00, 0x00, 0x00, 0x00, 0x0e, 0x00,
	0x11, 0x00, 0x10, 0x00, 0x10, 0x00, 0x7c, 0x00, 0x10, 0x00, 0x10, 0x00, 0x10, 0x00, 0x20, 0x80,
	0x7f, 0x80, 0x00, 0x00, 0x00, 0x00, 0x00, 0x00, 0x00, 0x00, 0x00, 0x00, 0x00, 0x00, 0x00, 0x00,
	0x41, 0x00, 0x3e, 0x00, 0x22, 0x00, 0x22, 0x00, 0x22, 0x00, 0x3e, 0x00, 0x41, 0x00, 0x00, 0x00,
	0x00, 0x00, 0x00, 0x00, 0x00, 0x00, 0x00, 0x00, 0x00, 0x00, 0xe3, 0x80, 0x41, 0x00, 0x22, 0x00,
	0x22, 0x00, 0x14, 0x00, 0x3e, 0x00, 0x08, 0x00, 0x3e, 0x00, 0x08, 0x00, 0x3e, 0x00, 0x00, 0x00,
	0x00, 0x00, 0x00, 0x00, 0x00, 0x00, 0x00, 0x00, 0x08, 0x00, 0x08, 0x00, 0x08, 0x00, 0x08, 0x00,
	0x08, 0x00, 0x00, 0x00, 0x00, 0x00, 0x08, 0x00, 0x08, 0x00, 0x08, 0x00, 0x08, 0x00, 0x08, 0x00,
	0x00, 0x00, 0x00, 0x00, 0x1f, 0x00, 0x21, 0x00, 0x21, 0x00, 0x70, 0x00, 0x8c, 0x00, 0x83, 0x00,
	0x60, 0x80, 0x18, 0x80, 0x07, 0x00, 0x42, 0x00, 0x42, 0x00, 0x7c, 0x00, 0x00, 0x00, 0x00, 0x00,
	0x00, 0x00, 0x00, 0x00, 0x12, 0x00, 0x12, 0x00, 0x00, 0x00, 0x00, 0x00, 0x00, 0x00, 0x00, 0x00,
	0x00, 0x00, 0x00, 0x00, 0x00, 0x00, 0x00, 0x00, 0x00, 0x00, 0x00, 0x00, 0x00, 0x00, 0x00, 0x00,
	0x00, 0x00, 0x1e, 0x00, 0x21, 0x00, 0x40, 0x80, 0x8e, 0x40, 0x90, 0x40, 0x90, 0x40, 0x8e, 0x40,
	0x40, 0x80, 0x21, 0x00, 0x1e, 0x00, 0x00, 0x00, 0x00, 0x00, 0x00, 0x00, 0x00, 0x00, 0x00, 0x00,
	0x1c, 0x00, 0x02, 0x00, 0x1e, 0x00, 0x22, 0x00, 0x1e, 0x00, 0x00, 0x00, 0x3e, 0x00, 0x00, 0x00,
	0x00, 0x00, 0x00, 0x00, 0x00, 0x00, 0x00, 0x00, 0x00, 0x00, 0x00, 0x00, 0x00, 0x00, 0x00, 0x00,
	0x00, 0x00, 0x00, 0x00, 0x09, 0x00, 0x12, 0x00, 0x24, 0x00, 0x48, 0x00, 0x24, 0x00, 0x12, 0x00,
	0x09, 0x00, 0x00, 0x00, 0x00, 0x00, 0x00, 0x00, 0x00, 0x00, 0x00, 0x00, 0x00, 0x00, 0x00, 0x00,
	0x00, 0x00, 0x00, 0x00, 0x7f, 0x00, 0x01, 0x00, 0x01, 0x00, 0x01, 0x00, 0x00, 0x00, 0x00, 0x00,
	0x00, 0x00, 0x00, 0x00, 0x00, 0x00, 0x00, 0x00, 0x00, 0x00, 0x00, 0x00, 0x00, 0x00, 0x00, 0x00,
	0x00, 0x00, 0x00, 0x00, 0x7f, 0x00, 0x00, 0x00, 0x00, 0x00, 0x00, 0x00, 0x00, 0x00, 0x00, 0x00,
	0x00, 0x00, 0x00, 0x00, 0x00, 0x00, 0x00, 0x00, 0x1e, 0x00, 0x21, 0x00, 0x40, 0x80, 0x9c, 0x40,
	0x92, 0x40, 0x9c, 0x40, 0x92, 0x40, 0x40, 0x80, 0x21, 0x00, 0x1e, 0x00, 0x00, 0x00, 0x00, 0x00,
	0x00, 0x00, 0x00, 0x00, 0x00, 0x00, 0x00, 0x00, 0x3e, 0x00, 0x00, 0x00, 0x00, 0x00, 0x00, 0x00,
	0x00, 0x00, 0x00, 0x00, 0x00, 0x00, 0x00, 0x00, 0x00, 0x00, 0x00, 0x00, 0x00, 0x00, 0x00, 0x00,
	0x00, 0x00, 0x1c, 0x00, 0x22, 0x00, 0x22, 0x00, 0x22, 0x00, 0x1c, 0x00, 0x00, 0x00, 0x00, 0x00,
	0x00, 0x00, 0x00, 0x00, 0x00, 0x00, 0x00, 0x00, 0x00, 0x00, 0x00, 0x00, 0x00, 0x00, 0x00, 0x00,
	0x00, 0x00, 0x00, 0x00, 0x08, 0x00, 0x08, 0x00, 0x08, 0x00, 0x7f, 0x00, 0x08, 0x00, 0x08, 0x00,
	0x08, 0x00, 0x00, 0x00, 0x7f, 0x00, 0x00, 0x00, 0x00, 0x00, 0x00, 0x00, 0x00, 0x00, 0x18, 0x00,
	0x24, 0x00, 0x08, 0x00, 0x10, 0x00, 0x24, 0x00, 0x3c, 0x00, 0x00, 0x00, 0x00, 0x00, 0x00, 0x00,
	0x00, 0x00, 0x00, 0x00, 0x00, 0x00, 0x00, 0x00, 0x00, 0x00, 0x00, 0x00, 0x0c, 0x00, 0x12, 0x00,
	0x04, 0x00, 0x02, 0x00, 0x12, 0x00, 0x0c, 0x00, 0x00, 0x00, 0x00, 0x00, 0x00, 0x00, 0x00, 0x00,
	0x00, 0x00, 0x00, 0x00, 0x00, 0x00, 0x00, 0x00, 0x00, 0x00, 0x02, 0x00, 0x04, 0x00, 0x08, 0x00,
	0x00, 0x00, 0x00, 0x00, 0x00, 0x00, 0x00, 0x00, 0x00, 0x00, 0x00, 0x00, 0x00, 0x00, 0x00, 0x00,
	0x00, 0x00, 0x00, 0x00, 0x00, 0x00, 0x00, 0x00, 0x00, 0x00, 0x00, 0x00, 0x00, 0x00, 0x00, 0x00,
	0x63, 0x00, 0x21, 0x00, 0x21, 0x00, 0x21, 0x00, 0x21, 0x00, 0x23, 0x00, 0x3d, 0x80, 0x20, 0x00,
	0x20, 0x00, 0x20, 0x00, 0x00, 0x00, 0x1f, 0x00, 0x2a, 0x00, 0x4a, 0x00, 0x4a, 0x00, 0x4a, 0x00,
	0x2a, 0x00, 0x1a, 0x00, 0x0a, 0x00, 0x0a, 0x00, 0x0a, 0x00, 0x0a, 0x00, 0x1f, 0x00, 0x00, 0x00,
	0x00, 0x00, 0x00, 0x00, 0x00, 0x00, 0x00, 0x00, 0x00, 0x00, 0x00, 0x00, 0x00, 0x00, 0x0c, 0x00,
	0x0c, 0x00, 0x00, 0x00, 0x00, 0x00, 0x00, 0x00, 0x00, 0x00, 0x00, 0x00, 0x00, 0x00, 0x00, 0x00,
	0x00, 0x00, 0x00, 0x00, 0x00, 0x00, 0x00, 0x00, 0x00, 0x00, 0x00, 0x00, 0x00, 0x00, 0x00, 0x00,
	0x00, 0x00, 0x00, 0x00, 0x00, 0x00, 0x08, 0x00, 0x08, 0x00, 0x04, 0x00, 0x1c, 0x00, 0x00, 0x00,
	0x08, 0x00, 0x38, 0x00, 0x08, 0x00, 0x08, 0x00, 0x08, 0x00, 0x3e, 0x00, 0x00, 0x00, 0x00, 0x00,
	0x00, 0x00, 0x00, 0x00, 0x00, 0x00, 0x00, 0x00, 0x00, 0x00, 0x00, 0x00, 0x00, 0x00, 0x00, 0x00,
	0x1c, 0x00, 0x22, 0x00, 0x22, 0x00, 0x22, 0x00, 0x1c, 0x00, 0x00, 0x00, 0x3e, 0x00, 0x00, 0x00,
	0x00, 0x00, 0x00, 0x00, 0x00, 0x00, 0x00, 0x00, 0x00, 0x00, 0x00, 0x00, 0x00, 0x00, 0x00, 0x00,
	0x00, 0x00, 0x00, 0x00, 0x48, 0x00, 0x24, 0x00, 0x12, 0x00, 0x09, 0x00, 0x12, 0x00, 0x24, 0x00,
	0x48, 0x00, 0x00, 0x00, 0x00, 0x00, 0x00, 0x00, 0x00, 0x00, 0x20, 0x00, 0xe0, 0x40, 0x20, 0x80,
	0x21, 0x00, 0x22, 0x00, 0xfc, 0x80, 0x09, 0x80, 0x12, 0x80, 0x24, 0x80, 0x47, 0xc0, 0x00, 0x80,
	0x00, 0x00, 0x00, 0x00, 0x00, 0x00, 0x00, 0x00, 0x20, 0x00, 0xe0, 0x40, 0x20, 0x80, 0x21, 0x00,
	0x22, 0x00, 0xfd, 0x80, 0x0a, 0x40, 0x10, 0x80, 0x21, 0x00, 0x42, 0x40, 0x03, 0xc0, 0x00, 0x00,
	0x00, 0x00, 0x00, 0x00, 0x00, 0x00, 0x60, 0x00, 0x90, 0x40, 0x20, 0x80, 0x11, 0x00, 0x92, 0x00,
	0x64, 0x80, 0x09, 0x80, 0x12, 0x80, 0x24, 0x80, 0x47, 0xc0, 0x00, 0x80, 0x00, 0x00, 0x00, 0x00,
	0x00, 0x00, 0x00, 0x00, 0x00, 0x00, 0x00, 0x00, 0x00, 0x00, 0x00, 0x00, 0x08, 0x00, 0x08, 0x00,
	0x00, 0x00, 0x08, 0x00, 0x08, 0x00, 0x30, 0x00, 0x40, 0x00, 0x42, 0x00, 0x42, 0x00, 0x3c, 0x00,
	0x08, 0x00, 0x00, 0x00, 0x78, 0x00, 0x14, 0x00, 0x14, 0x00, 0x22, 0x00, 0x22, 0x00, 0x22, 0x00,
	0x3e, 0x00, 0x41, 0x00, 0x41, 0x00, 0xe3, 0x80, 0x00, 0x00, 0x00, 0x00, 0x00, 0x00, 0x10, 0x00,
	0x00, 0x00, 0x78, 0x00, 0x14, 0x00, 0x14, 0x00, 0x22, 0x00, 0x22, 0x00, 0x22, 0x00, 0x3e, 0x00,
	0x41, 0x00, 0x41, 0x00, 0xe3, 0x80, 0x00, 0x00, 0x00, 0x00, 0x00, 0x00, 0x22, 0x00, 0x00, 0x00,
	0x78, 0x00, 0x14, 0x00, 0x14, 0x00, 0x22, 0x00, 0x22, 0x00, 0x22, 0x00, 0x3e, 0x00, 0x41, 0x00,
	0x41, 0x00, 0xe3, 0x80, 0x00, 0x00, 0x00, 0x00, 0x00, 0x00, 0x4c, 0x00, 0x00, 0x00, 0x78, 0x00,
	0x14, 0x00, 0x14, 0x00, 0x22, 0x00, 0x22, 0x00, 0x22, 0x00, 0x3e, 0x00, 0x41, 0x00, 0x41, 0x00,
	0xe3, 0x80, 0x00, 0x00, 0x00, 0x00, 0x00, 0x00, 0x24, 0x00, 0x00, 0x00, 0x78, 0x00, 0x14, 0x00,
	0x14, 0x00, 0x22, 0x00, 0x22, 0x00, 0x22, 0x00, 0x3e, 0x00, 0x41, 0x00, 0x41, 0x00, 0xe3, 0x80,
	0x00, 0x00, 0x00, 0x00, 0x00, 0x00, 0x24, 0x00, 0x18, 0x00, 0x78, 0x00, 0x14, 0x00, 0x14, 0x00,
	0x22, 0x00, 0x22, 0x00, 0x22, 0x00, 0x3e, 0x00, 0x41, 0x00, 0x41, 0x00, 0xe3, 0x80, 0x00, 0x00,
	0x00, 0x00, 0x00, 0x00, 0x00, 0x00, 0x00, 0x00, 0x7f, 0x80, 0x28, 0x80, 0x28, 0x80, 0x4a, 0x00,
	0x4e, 0x00, 0x7a, 0x00, 0x48, 0x80, 0x88, 0x80, 0x88, 0x80, 0xdf, 0x80, 0x00, 0x00, 0x00, 0x00,
	0x00, 0x00, 0x00, 0x00, 0x00, 0x00, 0x0e, 0x80, 0x31, 0x80, 0x20, 0x80, 0x40, 0x00, 0x40, 0x00,
	0x40, 0x00, 0x40, 0x00, 0x20, 0x80, 0x31, 0x80, 0x0e, 0x00, 0x08, 0x00, 0x04, 0x00, 0x1c, 0x00,
	0x04, 0x00, 0x00, 0x00, 0x7f, 0x00, 0x21, 0x00, 0x21, 0x00, 0x24, 0x00, 0x3c, 0x00, 0x24, 0x00,
	0x20, 0x00, 0x21, 0x00, 0x21, 0x00, 0x7f, 0x00, 0x00, 0x00, 0x00, 0x00, 0x00, 0x00, 0x08, 0x00,
	0x00, 0x00, 0x7f, 0x00, 0x21, 0x00, 0x21, 0x00, 0x24, 0x00, 0x3c, 0x00, 0x24, 0x00, 0x20, 0x00,
	0x21, 0x00, 0x21, 0x00, 0x7f, 0x00, 0x00, 0x00, 0x00, 0x00, 0x00, 0x00, 0x22, 0x00, 0x00, 0x00,
	0x7f, 0x00, 0x21, 0x00, 0x21, 0x00, 0x24, 0x00, 0x3c, 0x00, 0x24, 0x00, 0x20, 0x00, 0x21, 0x00,
	0x21, 0x00, 0x7f, 0x00, 0x00, 0x00, 0x00, 0x00, 0x00, 0x00, 0x12, 0x00, 0x00, 0x00, 0x7f, 0x00,
	0x21, 0x00, 0x21, 0x00, 0x24, 0x00, 0x3c, 0x00, 0x24, 0x00, 0x20, 0x00, 0x21, 0x00, 0x21, 0x00,
	0x7f, 0x00, 0x00, 0x00, 0x00, 0x00, 0x00, 0x00, 0x04, 0x00, 0x00, 0x00, 0x7f, 0x00, 0x08, 0x00,
	0x08, 0x00, 0x08, 0x00, 0x08, 0x00, 0x08, 0x00, 0x08, 0x00, 0x08, 0x00, 0x08, 0x00, 0x7f, 0x00,
	0x00, 0x00, 0x00, 0x00, 0x00, 0x00, 0x10, 0x00, 0x00, 0x00, 0x7f, 0x00, 0x08, 0x00, 0x08, 0x00,
	0x08, 0x00, 0x08, 0x00, 0x08, 0x00, 0x08, 0x00, 0x08, 0x00, 0x08, 0x00, 0x7f, 0x00, 0x00, 0x00,
	0x00, 0x00, 0x00, 0x00, 0x22, 0x00, 0x00, 0x00, 0x7f, 0x00, 0x08, 0x00, 0x08, 0x00, 0x08, 0x00,
	0x08, 0x00, 0x08, 0x00, 0x08, 0x00, 0x08, 0x00, 0x08, 0x00, 0x7f, 0x00, 0x00, 0x00, 0x00, 0x00,
	0x00, 0x00, 0x22, 0x00, 0x00, 0x00, 0x7f, 0x00, 0x08, 0x00, 0x08, 0x00, 0x08, 0x00, 0x08, 0x00,
	0x08, 0x00, 0x08, 0x00, 0x08, 0x00, 0x08, 0x00, 0x7f, 0x00, 0x00, 0x00, 0x00, 0x00, 0x00, 0x00,
	0x00, 0x00, 0x00, 0x00, 0x7c, 0x00, 0x23, 0x00, 0x21, 0x00, 0x20, 0x80, 0x78, 0x80, 0x20, 0x80,
	0x20, 0x80, 0x21, 0x00, 0x23, 0x00, 0x7c, 0x00, 0x00, 0x00, 0x00, 0x00, 0x00, 0x00, 0x26, 0x00,
	0x00, 0x00, 0xe7, 0x80, 0x61, 0x00, 0x51, 0x00, 0x51, 0x00, 0x49, 0x00, 0x49, 0x00, 0x45, 0x00,
	0x45, 0x00, 0x43, 0x00, 0xf3, 0x00, 0x00, 0x00, 0x00, 0x00, 0x00, 0x00, 0x04, 0x00, 0x00, 0x00,
	0x1e, 0x00, 0x21, 0x00, 0x21, 0x00, 0x40, 0x80, 0x40, 0x80, 0x40, 0x80, 0x40, 0x80, 0x21, 0x00,
	0x21, 0x00, 0x1e, 0x00, 0x00, 0x00, 0x00, 0x00, 0x00, 0x00, 0x08, 0x00, 0x00, 0x00, 0x1e, 0x00,
	0x21, 0x00, 0x21, 0x00, 0x40, 0x80, 0x40, 0x80, 0x40, 0x80, 0x40, 0x80, 0x21, 0x00, 0x21, 0x00,
	0x1e, 0x00, 0x00, 0x00, 0x00, 0x00, 0x00, 0x00, 0x11, 0x00, 0x00, 0x00, 0x1e, 0x00, 0x21, 0x00,
	0x21, 0x00, 0x40, 0x80, 0x40, 0x80, 0x40, 0x80, 0x40, 0x80, 0x21, 0x00, 0x21, 0x00, 0x1e, 0x00,
	0x00, 0x00, 0x00, 0x00, 0x00, 0x00, 0x26, 0x00, 0x00, 0x00, 0x1e, 0x00, 0x21, 0x00, 0x21, 0x00,
	0x40, 0x80, 0x40, 0x80, 0x40, 0x80, 0x40, 0x80, 0x21, 0x00, 0x21, 0x00, 0x1e, 0x00, 0x00, 0x00,
	0x00, 0x00, 0x00, 0x00, 0x12, 0x00, 0x00, 0x00, 0x1e, 0x00, 0x21, 0x00, 0x21, 0x00, 0x40, 0x80,
	0x40, 0x80, 0x40, 0x80, 0x40, 0x80, 0x21, 0x00, 0x21, 0x00, 0x1e, 0x00, 0x00, 0x00, 0x00, 0x00,
	0x00, 0x00, 0x00, 0x00, 0x00, 0x00, 0x00, 0x00, 0x00, 0x00, 0x41, 0x00, 0x22, 0x00, 0x14, 0x00,
	0x08, 0x00, 0x14, 0x00, 0x22, 0x00, 0x41, 0x00, 0x00, 0x00, 0x00, 0x00, 0x00, 0x00, 0x00, 0x00,
	0x00, 0x00, 0x00, 0x00, 0x1e, 0x80, 0x21, 0x00, 0x21, 0x00, 0x42, 0x80, 0x44, 0x80, 0x48, 0x80,
	0x50, 0x80, 0x21, 0x00, 0x21, 0x00, 0x5e, 0x00, 0x00, 0x00, 0x00, 0x00, 0x00, 0x00, 0x04, 0x00,
	0x00, 0x00, 0xf7, 0x80, 0x41, 0x00, 0x41, 0x00, 0x41, 0x00, 0x41, 0x00, 0x41, 0x00, 0x41, 0x00,
	0x41, 0x00, 0x22, 0x00, 0x1c, 0x00, 0x00, 0x00, 0x00, 0x00, 0x00, 0x00, 0x08, 0x00, 0x00, 0x00,
	0xf7, 0x80, 0x41, 0x00, 0x41, 0x00, 0x41, 0x00, 0x41, 0x00, 0x41, 0x00, 0x41, 0x00, 0x41, 0x00,
	0x22, 0x00, 0x1c, 0x00, 0x00, 0x00, 0x00, 0x00, 0x00, 0x00, 0x22, 0x00, 0x00, 0x00, 0xf7, 0x80,
	0x41, 0x00, 0x41, 0x00, 0x41, 0x00, 0x41, 0x00, 0x41, 0x00, 0x41, 0x00, 0x41, 0x00, 0x22, 0x00,
	0x1c, 0x00, 0x00, 0x00, 0x00, 0x00, 0x00, 0x00, 0x22, 0x00, 0x00, 0x00, 0xf7, 0x80, 0x41, 0x00,
	0x41, 0x00, 0x41, 0x00, 0x41, 0x00, 0x41, 0x00, 0x41, 0x00, 0x41, 0x00, 0x22, 0x00, 0x1c, 0x00,
	0x00, 0x00, 0x00, 0x00, 0x00, 0x00, 0x08, 0x00, 0x00, 0x00, 0xe3, 0x80, 0x41, 0x00, 0x22, 0x00,
	0x22, 0x00, 0x14, 0x00, 0x08, 0x00, 0x08, 0x00, 0x08, 0x00, 0x08, 0x00, 0x3e, 0x00, 0x00, 0x00,
	0x00, 0x00, 0x00, 0x00, 0x00, 0x00, 0x00, 0x00, 0x70, 0x00, 0x20, 0x00, 0x3e, 0x00, 0x21, 0x00,
	0x20, 0x80, 0x21, 0x00, 0x3e, 0x00, 0x20, 0x00, 0x20, 0x00, 0x70, 0x00, 0x00, 0x00, 0x00, 0x00,
	0x00, 0x00, 0x00, 0x00, 0x1c, 0x00, 0x22, 0x00, 0x22, 0x00, 0x24, 0x00, 0x2c, 0x00, 0x22, 0x00,
	0x21, 0x00, 0x21, 0x00, 0x21, 0x00, 0x29, 0x00, 0x66, 0x00, 0x00, 0x00, 0x00, 0x00, 0x00, 0x00,
	0x00, 0x00, 0x10, 0x00, 0x08, 0x00, 0x04, 0x00, 0x00, 0x00, 0x1c, 0x00, 0x22, 0x00, 0x02, 0x00,
	0x3e, 0x00, 0x42, 0x00, 0x42, 0x00, 0x3d, 0x00, 0x00, 0x00, 0x00, 0x00, 0x00, 0x00, 0x00, 0x00,
	0x02, 0x00, 0x04, 0x00, 0x08, 0x00, 0x00, 0x00, 0x1c, 0x00, 0x22, 0x00, 0x02, 0x00, 0x3e, 0x00,
	0x42, 0x00, 0x42, 0x00, 0x3d, 0x00, 0x00, 0x00, 0x00, 0x00, 0x00, 0x00, 0x00, 0x00, 0x08, 0x00,
	0x14, 0x00, 0x22, 0x00, 0x00, 0x00, 0x1c, 0x00, 0x22, 0x00, 0x02, 0x00, 0x3e, 0x00, 0x42, 0x00,
	0x42, 0x00, 0x3d, 0x00, 0x00, 0x00, 0x00, 0x00, 0x00, 0x00, 0x00, 0x00, 0x00, 0x00, 0x19, 0x00,
	0x26, 0x00, 0x00, 0x00, 0x1c, 0x00, 0x22, 0x00, 0x02, 0x00, 0x3e, 0x00, 0x42, 0x00, 0x42, 0x00,
	0x3d, 0x00, 0x00, 0x00, 0x00, 0x00, 0x00, 0x00, 0x00, 0x00, 0x00, 0x00, 0x12, 0x00, 0x12, 0x00,
	0x00, 0x00, 0x1c, 0x00, 0x22, 0x00, 0x02, 0x00, 0x3e, 0x00, 0x42, 0x00, 0x42, 0x00, 0x3d, 0x00,
	0x00, 0x00, 0x00, 0x00, 0x00, 0x00, 0x0c, 0x00, 0x12, 0x00, 0x12, 0x00, 0x0c, 0x00, 0x00, 0x00,
	0x1c, 0x00, 0x22, 0x00, 0x02, 0x00, 0x3e, 0x00, 0x42, 0x00, 0x42, 0x00, 0x3d, 0x00, 0x00, 0x00,
	0x00, 0x00, 0x00, 0x00, 0x00, 0x00, 0x00, 0x00, 0x00, 0x00, 0x00, 0x00, 0x00, 0x00, 0x37, 0x00,
	0x48, 0x80, 0x08, 0x80, 0x7f, 0x80, 0x88, 0x00, 0x88, 0x80, 0x77, 0x00, 0x00, 0x00, 0x00, 0x00,
	0x00, 0x00, 0x00, 0x00, 0x00, 0x00, 0x00, 0x00, 0x00, 0x00, 0x00, 0x00, 0x1d, 0x00, 0x23, 0x00,
	0x41, 0x00, 0x40, 0x00, 0x40, 0x00, 0x21, 0x00, 0x1e, 0x00, 0x08, 0x00, 0x04, 0x00, 0x1c, 0x00,
	0x00, 0x00, 0x10, 0x00, 0x08, 0x00, 0x04, 0x00, 0x00, 0x00, 0x1c, 0x00, 0x22, 0x00, 0x41, 0x00,
	0x7f, 0x00, 0x40, 0x00, 0x21, 0x00, 0x1e, 0x00, 0x00, 0x00, 0x00, 0x00, 0x00, 0x00, 0x00, 0x00,
	0x02, 0x00, 0x04, 0x00, 0x08, 0x00, 0x00, 0x00, 0x1c, 0x00, 0x22, 0x00, 0x41, 0x00, 0x7f, 0x00,
	0x40, 0x00, 0x21, 0x00, 0x1e, 0x00, 0x00, 0x00, 0x00, 0x00, 0x00, 0x00, 0x00, 0x00, 0x08, 0x00,
	0x14, 0x00, 0x22, 0x00, 0x00, 0x00, 0x1c, 0x00, 0x22, 0x00, 0x41, 0x00, 0x7f, 0x00, 0x40, 0x00,
	0x21, 0x00, 0x1e, 0x00, 0x00, 0x00, 0x00, 0x00, 0x00, 0x00, 0x00, 0x00, 0x00, 0x00, 0x12, 0x00,
	0x12, 0x00, 0x00, 0x00, 0x1c, 0x00, 0x22, 0x00, 0x41, 0x00, 0x7f, 0x00, 0x40, 0x00, 0x21, 0x00,
	0x1e, 0x00, 0x00, 0x00, 0x00, 0x00, 0x00, 0x00, 0x00, 0x00, 0x10, 0x00, 0x08, 0x00, 0x04, 0x00,
	0x00, 0x00, 0x38, 0x00, 0x08, 0x00, 0x08, 0x00, 0x08, 0x00, 0x08, 0x00, 0x08, 0x00, 0x7f, 0x00,
	0x00, 0x00, 0x00, 0x00, 0x00, 0x00, 0x00, 0x00, 0x04, 0x00, 0x08, 0x00, 0x10, 0x00, 0x00, 0x00,
	0x38, 0x00, 0x08, 0x00, 0x08, 0x00, 0x08, 0x00, 0x08, 0x00, 0x08, 0x00, 0x7f, 0x00, 0x00, 0x00,
	0x00, 0x00, 0x00, 0x00, 0x00, 0x00, 0x08, 0x00, 0x14, 0x00, 0x22, 0x00, 0x00, 0x00, 0x38, 0x00,
	0x08, 0x00, 0x08, 0x00, 0x08, 0x00, 0x08, 0x00, 0x08, 0x00, 0x7f, 0x00, 0x00, 0x00, 0x00, 0x00,
	0x00, 0x00, 0x00, 0x00, 0x00, 0x00, 0x24, 0x00, 0x24, 0x00, 0x00, 0x00, 0x38, 0x00, 0x08, 0x00,
	0x08, 0x00, 0x08, 0x00, 0x08, 0x00, 0x08, 0x00, 0x7f, 0x00, 0x00, 0x00, 0x00, 0x00, 0x00, 0x00,
	0x00, 0x00, 0x73, 0x00, 0x0c, 0x00, 0x34, 0x00, 0x02, 0x00, 0x1e, 0x00, 0x21, 0x00, 0x41, 0x00,
	0x41, 0x00, 0x41, 0x00, 0x22, 0x00, 0x1c, 0x00, 0x00, 0x00, 0x00, 0x00, 0x00, 0x00, 0x00, 0x00,
	0x00, 0x00, 0x19, 0x00, 0x26, 0x00, 0x00, 0x00, 0x6e, 0x00, 0x31, 0x00, 0x21, 0x00, 0x21, 0x00,
	0x21, 0x00, 0x21, 0x00, 0x73, 0x80, 0x00, 0x00, 0x00, 0x00, 0x00, 0x00, 0x00, 0x00, 0x10, 0x00,
	0x08, 0x00, 0x04, 0x00, 0x00, 0x00, 0x1c, 0x00, 0x22, 0x00, 0x41, 0x00, 0x41, 0x00, 0x41, 0x00,
	0x22, 0x00, 0x1c, 0x00, 0x00, 0x00, 0x00, 0x00, 0x00, 0x00, 0x00, 0x00, 0x04, 0x00, 0x08, 0x00,
	0x10, 0x00, 0x00, 0x00, 0x1c, 0x00, 0x22, 0x00, 0x41, 0x00, 0x41, 0x00, 0x41, 0x00, 0x22, 0x00,
	0x1c, 0x00, 0x00, 0x00, 0x00, 0x00, 0x00, 0x00, 0x00, 0x00, 0x08, 0x00, 0x14, 0x00, 0x22, 0x00,
	0x00, 0x00, 0x1c, 0x00, 0x22, 0x00, 0x41, 0x00, 0x41, 0x00, 0x41, 0x00, 0x22, 0x00, 0x1c, 0x00,
	0x00, 0x00, 0x00, 0x00, 0x00, 0x00, 0x00, 0x00, 0x00, 0x00, 0x19, 0x00, 0x26, 0x00, 0x00, 0x00,
	0x1c, 0x00, 0x22, 0x00, 0x41, 0x00, 0x41, 0x00, 0x41, 0x00, 0x22, 0x00, 0x1c, 0x00, 0x00, 0x00,
	0x00, 0x00, 0x00, 0x00, 0x00, 0x00, 0x00, 0x00, 0x22, 0x00, 0x22, 0x00, 0x00, 0x00, 0x1c, 0x00,
	0x22, 0x00, 0x41, 0x00, 0x41, 0x00, 0x41, 0x00, 0x22, 0x00, 0x1c, 0x00, 0x00, 0x00, 0x00, 0x00,
	0x00, 0x00, 0x00, 0x00, 0x00, 0x00, 0x00, 0x00, 0x00, 0x00, 0x0c, 0x00, 0x0c, 0x00, 0x00, 0x00,
	0x7f, 0x80, 0x00, 0x00, 0x0c, 0x00, 0x0c, 0x00, 0x00, 0x00, 0x00, 0x00, 0x00, 0x00, 0x00, 0x00,
	0x00, 0x00, 0x00, 0x00, 0x00, 0x00, 0x00, 0x00, 0x01, 0x00, 0x1d, 0x00, 0x22, 0x00, 0x45, 0x00,
	0x49, 0x00, 0x51, 0x00, 0x22, 0x00, 0x5c, 0x00, 0x40, 0x00, 0x00, 0x00, 0x00, 0x00, 0x00, 0x00,
	0x10, 0x00, 0x08, 0x00, 0x04, 0x00, 0x00, 0x00, 0x63, 0x00, 0x21, 0x00, 0x21, 0x00, 0x21, 0x00,
	0x21, 0x00, 0x23, 0x00, 0x1d, 0x80, 0x00, 0x00, 0x00, 0x00, 0x00, 0x00, 0x00, 0x00, 0x02, 0x00,
	0x04, 0x00, 0x08, 0x00, 0x00, 0x00, 0x63, 0x00, 0x21, 0x00, 0x21, 0x00, 0x21, 0x00, 0x21, 0x00,
	0x23, 0x00, 0x1d, 0x80, 0x00, 0x00, 0x00, 0x00, 0x00, 0x00, 0x00, 0x00, 0x08, 0x00, 0x14, 0x00,
	0x22, 0x00, 0x00, 0x00, 0x63, 0x00, 0x21, 0x00, 0x21, 0x00, 0x21, 0x00, 0x21, 0x00, 0x23, 0x00,
	0x1d, 0x80, 0x00, 0x00, 0x00, 0x00, 0x00, 0x00, 0x00, 0x00, 0x00, 0x00, 0x12, 0x00, 0x12, 0x00,
	0x00, 0x00, 0x63, 0x00, 0x21, 0x00, 0x21, 0x00, 0x21, 0x00, 0x21, 0x00, 0x23, 0x00, 0x1d, 0x80,
	0x00, 0x00, 0x00, 0x00, 0x00, 0x00, 0x00, 0x00, 0x02, 0x00, 0x04, 0x00, 0x08, 0x00, 0x00, 0x00,
	0xe3, 0x80, 0x41, 0x00, 0x22, 0x00, 0x22, 0x00, 0x14, 0x00, 0x14, 0x00, 0x08, 0x00, 0x08, 0x00,
	0x10, 0x00, 0x78, 0x00, 0x00, 0x00, 0x60, 0x00, 0x20, 0x00, 0x20, 0x00, 0x20, 0x00, 0x2e, 0x00,
	0x31, 0x00, 0x20, 0x80, 0x20, 0x80, 0x20, 0x80, 0x31, 0x00, 0x2e, 0x00, 0x20, 0x00, 0x20, 0x00,
	0x78, 0x00, 0x00, 0x00, 0x00, 0x00, 0x12, 0x00, 0x12, 0x00, 0x00, 0x00, 0xe3, 0x80, 0x41, 0x00,
	0x22, 0x00, 0x22, 0x00, 0x14, 0x00, 0x14, 0x00, 0x08, 0x00, 0x08, 0x00, 0x10, 0x00, 0x78, 0x00,
};
static unsigned short o_courR12[] = {
	0, 30, 60, 90, 120, 150, 180, 210, 240, 270, 300, 330,
	360, 390, 420, 450, 480, 510, 540, 570, 600, 630, 660, 690,
	720, 750, 780, 810, 840, 870, 900, 930, 960, 990, 1020, 1050,
	1080, 1110, 1140, 1170, 1200, 1230, 1260, 1290, 1320, 1350, 1380, 1410,
	1440, 1470, 1500, 1530, 1560, 1590, 1620, 1650, 1680, 1710, 1740, 1770,
	1800, 1830, 1860, 1890, 1920, 1950, 1980, 2010, 2040, 2070, 2100, 2130,
	2160, 2190, 2220, 2250, 2280, 2310, 2340, 2370, 2400, 2430, 2460, 2490,
	2520, 2550, 2580, 2610, 2640, 2670, 2700, 2730, 2760, 2790, 2820, 2850,
	2880, 2910, 2940, 2970, 3000, 3030, 3060, 3090, 3120, 3150, 3180, 3210,
	3240, 3270, 3300, 3330, 3360, 3390, 3420, 3450, 3480, 3510, 3540, 3570,
	3600, 3630, 3660, 3690, 3720, 3750, 3780, 3810, 3840, 3870, 3900, 3930,
	3960, 3990, 4020, 4050, 4080, 4110, 4140, 4170, 4200, 4230, 4260, 4290,
	4320, 4350, 4380, 4410, 4440, 4470, 4500, 4530, 4560, 4590, 4620, 4650,
	4680, 4710, 4740, 4770, 4800, 4830, 4860, 4890, 4920, 4950, 4980, 5010,
	5040, 5070, 5100, 5130, 5160, 5190, 5220, 5250, 5280, 5310, 5340, 5370,
	5400, 5430, 5460, 5490, 5520, 5550, 5580, 5610, 5640, 5670, 5700, 5730,
	5760, 5790, 5820, 5850, 5880, 5910, 5940, 5970, 6000, 6030, 6060, 6090,
	6120, 6150, 6180, 6210, 6240, 6270, 6300, 6330, 6360, 6390, 6420, 6450,
	6480, 6510, 6540, 6570, 6600, 6630, 6660, 6690,
};
static unsigned char w_courR12[] = {
	10, 10, 10, 10, 10, 10, 10, 10, 10, 10, 10, 10, 10, 10, 10, 10,
	10, 10, 10, 10, 10, 10, 10, 10, 10, 10, 10, 10, 10, 10, 10, 10,
	10, 10, 10, 10, 10, 10, 10, 10, 10, 10, 10, 10, 10, 10, 10, 10,
	10, 10, 10, 10, 10, 10, 10, 10, 10, 10, 10, 10, 10, 10, 10, 10,
	10, 10, 10, 10, 10, 10, 10, 10, 10, 10, 10, 10, 10, 10, 10, 10,
	10, 10, 10, 10, 10, 10, 10, 10, 10, 10, 10, 10, 10, 10, 10, 10,
	10, 10, 10, 10, 10, 10, 10, 10, 10, 10, 10, 10, 10, 10, 10, 10,
	10, 10, 10, 10, 10, 10, 10, 10, 10, 10, 10, 10, 10, 10, 10, 10,
	10, 10, 10, 10, 10, 10, 10, 10, 10, 10, 10, 10, 10, 10, 10, 10,
	10, 10, 10, 10, 10, 10, 10, 10, 10, 10, 10, 10, 10, 10, 10, 10,
	10, 10, 10, 10, 10, 10, 10, 10, 10, 10, 10, 10, 10, 10, 10, 10,
	10, 10, 10, 10, 10, 10, 10, 10, 10, 10, 10, 10, 10, 10, 10, 10,
	10, 10, 10, 10, 10, 10, 10, 10, 10, 10, 10, 10, 10, 10, 10, 10,
	10, 10, 10, 10, 10, 10, 10, 10, 10, 10, 10, 10, 10, 10, 10, 10,
};

#define F_courR12 { "Courier", 12, 15, 12, 3, 400, 0, 1, 48, 10, 10, 0x20, 0xff, w_courR12, o_courR12, b_courR12 }

struct bfont bfonts[] = {
	F_helvR08,
	F_helvR10,
	F_helvR12,
	F_helvR14,
	F_helvB10,
	F_helvB12,
	F_timR10,
	F_timR12,
	F_timB12,
	F_courR10,
	F_courR12,
	{ 0 }
};
